ARM GAS  /tmp/ccwEZmEF.s 			page 1


   1              		.cpu cortex-m3
   2              		.arch armv7-m
   3              		.fpu softvfp
   4              		.eabi_attribute 20, 1
   5              		.eabi_attribute 21, 1
   6              		.eabi_attribute 23, 3
   7              		.eabi_attribute 24, 1
   8              		.eabi_attribute 25, 1
   9              		.eabi_attribute 26, 1
  10              		.eabi_attribute 30, 1
  11              		.eabi_attribute 34, 1
  12              		.eabi_attribute 18, 4
  13              		.file	"usbd_audio.c"
  14              		.text
  15              	.Ltext0:
  16              		.cfi_sections	.debug_frame
  17              		.file 1 "Middlewares/ST/STM32_USB_Device_Library/Class/AUDIO/Src/usbd_audio.c"
  18              		.section	.text.USBD_AUDIO_GetCfgDesc,"ax",%progbits
  19              		.align	1
  20              		.syntax unified
  21              		.thumb
  22              		.thumb_func
  24              	USBD_AUDIO_GetCfgDesc:
  25              	.LVL0:
  26              	.LFB69:
   1:Middlewares/ST/STM32_USB_Device_Library/Class/AUDIO/Src/usbd_audio.c **** /**
   2:Middlewares/ST/STM32_USB_Device_Library/Class/AUDIO/Src/usbd_audio.c ****   ******************************************************************************
   3:Middlewares/ST/STM32_USB_Device_Library/Class/AUDIO/Src/usbd_audio.c ****   * @file    usbd_audio.c
   4:Middlewares/ST/STM32_USB_Device_Library/Class/AUDIO/Src/usbd_audio.c ****   * @author  MCD Application Team
   5:Middlewares/ST/STM32_USB_Device_Library/Class/AUDIO/Src/usbd_audio.c ****   * @brief   This file provides the Audio core functions.
   6:Middlewares/ST/STM32_USB_Device_Library/Class/AUDIO/Src/usbd_audio.c ****   *
   7:Middlewares/ST/STM32_USB_Device_Library/Class/AUDIO/Src/usbd_audio.c ****   *
   8:Middlewares/ST/STM32_USB_Device_Library/Class/AUDIO/Src/usbd_audio.c ****   ******************************************************************************
   9:Middlewares/ST/STM32_USB_Device_Library/Class/AUDIO/Src/usbd_audio.c ****   * @attention
  10:Middlewares/ST/STM32_USB_Device_Library/Class/AUDIO/Src/usbd_audio.c ****   *
  11:Middlewares/ST/STM32_USB_Device_Library/Class/AUDIO/Src/usbd_audio.c ****   * Copyright (c) 2015 STMicroelectronics.
  12:Middlewares/ST/STM32_USB_Device_Library/Class/AUDIO/Src/usbd_audio.c ****   * All rights reserved.
  13:Middlewares/ST/STM32_USB_Device_Library/Class/AUDIO/Src/usbd_audio.c ****   *
  14:Middlewares/ST/STM32_USB_Device_Library/Class/AUDIO/Src/usbd_audio.c ****   * This software is licensed under terms that can be found in the LICENSE file
  15:Middlewares/ST/STM32_USB_Device_Library/Class/AUDIO/Src/usbd_audio.c ****   * in the root directory of this software component.
  16:Middlewares/ST/STM32_USB_Device_Library/Class/AUDIO/Src/usbd_audio.c ****   * If no LICENSE file comes with this software, it is provided AS-IS.
  17:Middlewares/ST/STM32_USB_Device_Library/Class/AUDIO/Src/usbd_audio.c ****   *
  18:Middlewares/ST/STM32_USB_Device_Library/Class/AUDIO/Src/usbd_audio.c ****   ******************************************************************************
  19:Middlewares/ST/STM32_USB_Device_Library/Class/AUDIO/Src/usbd_audio.c ****   * @verbatim
  20:Middlewares/ST/STM32_USB_Device_Library/Class/AUDIO/Src/usbd_audio.c ****   *
  21:Middlewares/ST/STM32_USB_Device_Library/Class/AUDIO/Src/usbd_audio.c ****   *          ===================================================================
  22:Middlewares/ST/STM32_USB_Device_Library/Class/AUDIO/Src/usbd_audio.c ****   *                                AUDIO Class  Description
  23:Middlewares/ST/STM32_USB_Device_Library/Class/AUDIO/Src/usbd_audio.c ****   *          ===================================================================
  24:Middlewares/ST/STM32_USB_Device_Library/Class/AUDIO/Src/usbd_audio.c ****   *           This driver manages the Audio Class 1.0 following the "USB Device Class Definition fo
  25:Middlewares/ST/STM32_USB_Device_Library/Class/AUDIO/Src/usbd_audio.c ****   *           Audio Devices V1.0 Mar 18, 98".
  26:Middlewares/ST/STM32_USB_Device_Library/Class/AUDIO/Src/usbd_audio.c ****   *           This driver implements the following aspects of the specification:
  27:Middlewares/ST/STM32_USB_Device_Library/Class/AUDIO/Src/usbd_audio.c ****   *             - Device descriptor management
  28:Middlewares/ST/STM32_USB_Device_Library/Class/AUDIO/Src/usbd_audio.c ****   *             - Configuration descriptor management
  29:Middlewares/ST/STM32_USB_Device_Library/Class/AUDIO/Src/usbd_audio.c ****   *             - Standard AC Interface Descriptor management
  30:Middlewares/ST/STM32_USB_Device_Library/Class/AUDIO/Src/usbd_audio.c ****   *             - 1 Audio Streaming Interface (with single channel, PCM, Stereo mode)
  31:Middlewares/ST/STM32_USB_Device_Library/Class/AUDIO/Src/usbd_audio.c ****   *             - 1 Audio Streaming Endpoint
  32:Middlewares/ST/STM32_USB_Device_Library/Class/AUDIO/Src/usbd_audio.c ****   *             - 1 Audio Terminal Input (1 channel)
ARM GAS  /tmp/ccwEZmEF.s 			page 2


  33:Middlewares/ST/STM32_USB_Device_Library/Class/AUDIO/Src/usbd_audio.c ****   *             - Audio Class-Specific AC Interfaces
  34:Middlewares/ST/STM32_USB_Device_Library/Class/AUDIO/Src/usbd_audio.c ****   *             - Audio Class-Specific AS Interfaces
  35:Middlewares/ST/STM32_USB_Device_Library/Class/AUDIO/Src/usbd_audio.c ****   *             - AudioControl Requests: only SET_CUR and GET_CUR requests are supported (for Mute)
  36:Middlewares/ST/STM32_USB_Device_Library/Class/AUDIO/Src/usbd_audio.c ****   *             - Audio Feature Unit (limited to Mute control)
  37:Middlewares/ST/STM32_USB_Device_Library/Class/AUDIO/Src/usbd_audio.c ****   *             - Audio Synchronization type: Asynchronous
  38:Middlewares/ST/STM32_USB_Device_Library/Class/AUDIO/Src/usbd_audio.c ****   *             - Single fixed audio sampling rate (configurable in usbd_conf.h file)
  39:Middlewares/ST/STM32_USB_Device_Library/Class/AUDIO/Src/usbd_audio.c ****   *          The current audio class version supports the following audio features:
  40:Middlewares/ST/STM32_USB_Device_Library/Class/AUDIO/Src/usbd_audio.c ****   *             - Pulse Coded Modulation (PCM) format
  41:Middlewares/ST/STM32_USB_Device_Library/Class/AUDIO/Src/usbd_audio.c ****   *             - sampling rate: 48KHz.
  42:Middlewares/ST/STM32_USB_Device_Library/Class/AUDIO/Src/usbd_audio.c ****   *             - Bit resolution: 16
  43:Middlewares/ST/STM32_USB_Device_Library/Class/AUDIO/Src/usbd_audio.c ****   *             - Number of channels: 2
  44:Middlewares/ST/STM32_USB_Device_Library/Class/AUDIO/Src/usbd_audio.c ****   *             - No volume control
  45:Middlewares/ST/STM32_USB_Device_Library/Class/AUDIO/Src/usbd_audio.c ****   *             - Mute/Unmute capability
  46:Middlewares/ST/STM32_USB_Device_Library/Class/AUDIO/Src/usbd_audio.c ****   *             - Asynchronous Endpoints
  47:Middlewares/ST/STM32_USB_Device_Library/Class/AUDIO/Src/usbd_audio.c ****   *
  48:Middlewares/ST/STM32_USB_Device_Library/Class/AUDIO/Src/usbd_audio.c ****   * @note     In HS mode and when the DMA is used, all variables and data structures
  49:Middlewares/ST/STM32_USB_Device_Library/Class/AUDIO/Src/usbd_audio.c ****   *           dealing with the DMA during the transaction process should be 32-bit aligned.
  50:Middlewares/ST/STM32_USB_Device_Library/Class/AUDIO/Src/usbd_audio.c ****   *
  51:Middlewares/ST/STM32_USB_Device_Library/Class/AUDIO/Src/usbd_audio.c ****   *
  52:Middlewares/ST/STM32_USB_Device_Library/Class/AUDIO/Src/usbd_audio.c ****   *  @endverbatim
  53:Middlewares/ST/STM32_USB_Device_Library/Class/AUDIO/Src/usbd_audio.c ****   ******************************************************************************
  54:Middlewares/ST/STM32_USB_Device_Library/Class/AUDIO/Src/usbd_audio.c ****   */
  55:Middlewares/ST/STM32_USB_Device_Library/Class/AUDIO/Src/usbd_audio.c **** 
  56:Middlewares/ST/STM32_USB_Device_Library/Class/AUDIO/Src/usbd_audio.c **** /* BSPDependencies
  57:Middlewares/ST/STM32_USB_Device_Library/Class/AUDIO/Src/usbd_audio.c **** - "stm32xxxxx_{eval}{discovery}.c"
  58:Middlewares/ST/STM32_USB_Device_Library/Class/AUDIO/Src/usbd_audio.c **** - "stm32xxxxx_{eval}{discovery}_io.c"
  59:Middlewares/ST/STM32_USB_Device_Library/Class/AUDIO/Src/usbd_audio.c **** - "stm32xxxxx_{eval}{discovery}_audio.c"
  60:Middlewares/ST/STM32_USB_Device_Library/Class/AUDIO/Src/usbd_audio.c **** EndBSPDependencies */
  61:Middlewares/ST/STM32_USB_Device_Library/Class/AUDIO/Src/usbd_audio.c **** 
  62:Middlewares/ST/STM32_USB_Device_Library/Class/AUDIO/Src/usbd_audio.c **** /* Includes ------------------------------------------------------------------*/
  63:Middlewares/ST/STM32_USB_Device_Library/Class/AUDIO/Src/usbd_audio.c **** #include "usbd_audio.h"
  64:Middlewares/ST/STM32_USB_Device_Library/Class/AUDIO/Src/usbd_audio.c **** #include "usbd_ctlreq.h"
  65:Middlewares/ST/STM32_USB_Device_Library/Class/AUDIO/Src/usbd_audio.c **** 
  66:Middlewares/ST/STM32_USB_Device_Library/Class/AUDIO/Src/usbd_audio.c **** 
  67:Middlewares/ST/STM32_USB_Device_Library/Class/AUDIO/Src/usbd_audio.c **** /** @addtogroup STM32_USB_DEVICE_LIBRARY
  68:Middlewares/ST/STM32_USB_Device_Library/Class/AUDIO/Src/usbd_audio.c ****   * @{
  69:Middlewares/ST/STM32_USB_Device_Library/Class/AUDIO/Src/usbd_audio.c ****   */
  70:Middlewares/ST/STM32_USB_Device_Library/Class/AUDIO/Src/usbd_audio.c **** 
  71:Middlewares/ST/STM32_USB_Device_Library/Class/AUDIO/Src/usbd_audio.c **** 
  72:Middlewares/ST/STM32_USB_Device_Library/Class/AUDIO/Src/usbd_audio.c **** /** @defgroup USBD_AUDIO
  73:Middlewares/ST/STM32_USB_Device_Library/Class/AUDIO/Src/usbd_audio.c ****   * @brief usbd core module
  74:Middlewares/ST/STM32_USB_Device_Library/Class/AUDIO/Src/usbd_audio.c ****   * @{
  75:Middlewares/ST/STM32_USB_Device_Library/Class/AUDIO/Src/usbd_audio.c ****   */
  76:Middlewares/ST/STM32_USB_Device_Library/Class/AUDIO/Src/usbd_audio.c **** 
  77:Middlewares/ST/STM32_USB_Device_Library/Class/AUDIO/Src/usbd_audio.c **** /** @defgroup USBD_AUDIO_Private_TypesDefinitions
  78:Middlewares/ST/STM32_USB_Device_Library/Class/AUDIO/Src/usbd_audio.c ****   * @{
  79:Middlewares/ST/STM32_USB_Device_Library/Class/AUDIO/Src/usbd_audio.c ****   */
  80:Middlewares/ST/STM32_USB_Device_Library/Class/AUDIO/Src/usbd_audio.c **** /**
  81:Middlewares/ST/STM32_USB_Device_Library/Class/AUDIO/Src/usbd_audio.c ****   * @}
  82:Middlewares/ST/STM32_USB_Device_Library/Class/AUDIO/Src/usbd_audio.c ****   */
  83:Middlewares/ST/STM32_USB_Device_Library/Class/AUDIO/Src/usbd_audio.c **** 
  84:Middlewares/ST/STM32_USB_Device_Library/Class/AUDIO/Src/usbd_audio.c **** 
  85:Middlewares/ST/STM32_USB_Device_Library/Class/AUDIO/Src/usbd_audio.c **** /** @defgroup USBD_AUDIO_Private_Defines
  86:Middlewares/ST/STM32_USB_Device_Library/Class/AUDIO/Src/usbd_audio.c ****   * @{
  87:Middlewares/ST/STM32_USB_Device_Library/Class/AUDIO/Src/usbd_audio.c ****   */
  88:Middlewares/ST/STM32_USB_Device_Library/Class/AUDIO/Src/usbd_audio.c **** /**
  89:Middlewares/ST/STM32_USB_Device_Library/Class/AUDIO/Src/usbd_audio.c ****   * @}
ARM GAS  /tmp/ccwEZmEF.s 			page 3


  90:Middlewares/ST/STM32_USB_Device_Library/Class/AUDIO/Src/usbd_audio.c ****   */
  91:Middlewares/ST/STM32_USB_Device_Library/Class/AUDIO/Src/usbd_audio.c **** 
  92:Middlewares/ST/STM32_USB_Device_Library/Class/AUDIO/Src/usbd_audio.c **** 
  93:Middlewares/ST/STM32_USB_Device_Library/Class/AUDIO/Src/usbd_audio.c **** /** @defgroup USBD_AUDIO_Private_Macros
  94:Middlewares/ST/STM32_USB_Device_Library/Class/AUDIO/Src/usbd_audio.c ****   * @{
  95:Middlewares/ST/STM32_USB_Device_Library/Class/AUDIO/Src/usbd_audio.c ****   */
  96:Middlewares/ST/STM32_USB_Device_Library/Class/AUDIO/Src/usbd_audio.c **** #define AUDIO_SAMPLE_FREQ(frq) \
  97:Middlewares/ST/STM32_USB_Device_Library/Class/AUDIO/Src/usbd_audio.c ****   (uint8_t)(frq), (uint8_t)((frq >> 8)), (uint8_t)((frq >> 16))
  98:Middlewares/ST/STM32_USB_Device_Library/Class/AUDIO/Src/usbd_audio.c **** 
  99:Middlewares/ST/STM32_USB_Device_Library/Class/AUDIO/Src/usbd_audio.c **** #define AUDIO_PACKET_SZE(frq) \
 100:Middlewares/ST/STM32_USB_Device_Library/Class/AUDIO/Src/usbd_audio.c ****   (uint8_t)(((frq * 2U * 2U) / 1000U) & 0xFFU), (uint8_t)((((frq * 2U * 2U) / 1000U) >> 8) & 0xFFU)
 101:Middlewares/ST/STM32_USB_Device_Library/Class/AUDIO/Src/usbd_audio.c **** 
 102:Middlewares/ST/STM32_USB_Device_Library/Class/AUDIO/Src/usbd_audio.c **** #ifdef USE_USBD_COMPOSITE
 103:Middlewares/ST/STM32_USB_Device_Library/Class/AUDIO/Src/usbd_audio.c **** #define AUDIO_PACKET_SZE_WORD(frq)     (uint32_t)((((frq) * 2U * 2U)/1000U))
 104:Middlewares/ST/STM32_USB_Device_Library/Class/AUDIO/Src/usbd_audio.c **** #endif /* USE_USBD_COMPOSITE  */
 105:Middlewares/ST/STM32_USB_Device_Library/Class/AUDIO/Src/usbd_audio.c **** /**
 106:Middlewares/ST/STM32_USB_Device_Library/Class/AUDIO/Src/usbd_audio.c ****   * @}
 107:Middlewares/ST/STM32_USB_Device_Library/Class/AUDIO/Src/usbd_audio.c ****   */
 108:Middlewares/ST/STM32_USB_Device_Library/Class/AUDIO/Src/usbd_audio.c **** 
 109:Middlewares/ST/STM32_USB_Device_Library/Class/AUDIO/Src/usbd_audio.c **** 
 110:Middlewares/ST/STM32_USB_Device_Library/Class/AUDIO/Src/usbd_audio.c **** /** @defgroup USBD_AUDIO_Private_FunctionPrototypes
 111:Middlewares/ST/STM32_USB_Device_Library/Class/AUDIO/Src/usbd_audio.c ****   * @{
 112:Middlewares/ST/STM32_USB_Device_Library/Class/AUDIO/Src/usbd_audio.c ****   */
 113:Middlewares/ST/STM32_USB_Device_Library/Class/AUDIO/Src/usbd_audio.c **** static uint8_t USBD_AUDIO_Init(USBD_HandleTypeDef *pdev, uint8_t cfgidx);
 114:Middlewares/ST/STM32_USB_Device_Library/Class/AUDIO/Src/usbd_audio.c **** static uint8_t USBD_AUDIO_DeInit(USBD_HandleTypeDef *pdev, uint8_t cfgidx);
 115:Middlewares/ST/STM32_USB_Device_Library/Class/AUDIO/Src/usbd_audio.c **** 
 116:Middlewares/ST/STM32_USB_Device_Library/Class/AUDIO/Src/usbd_audio.c **** static uint8_t USBD_AUDIO_Setup(USBD_HandleTypeDef *pdev,
 117:Middlewares/ST/STM32_USB_Device_Library/Class/AUDIO/Src/usbd_audio.c ****                                 USBD_SetupReqTypedef *req);
 118:Middlewares/ST/STM32_USB_Device_Library/Class/AUDIO/Src/usbd_audio.c **** #ifndef USE_USBD_COMPOSITE
 119:Middlewares/ST/STM32_USB_Device_Library/Class/AUDIO/Src/usbd_audio.c **** static uint8_t *USBD_AUDIO_GetCfgDesc(uint16_t *length);
 120:Middlewares/ST/STM32_USB_Device_Library/Class/AUDIO/Src/usbd_audio.c **** static uint8_t *USBD_AUDIO_GetDeviceQualifierDesc(uint16_t *length);
 121:Middlewares/ST/STM32_USB_Device_Library/Class/AUDIO/Src/usbd_audio.c **** #endif /* USE_USBD_COMPOSITE  */
 122:Middlewares/ST/STM32_USB_Device_Library/Class/AUDIO/Src/usbd_audio.c **** static uint8_t USBD_AUDIO_DataIn(USBD_HandleTypeDef *pdev, uint8_t epnum);
 123:Middlewares/ST/STM32_USB_Device_Library/Class/AUDIO/Src/usbd_audio.c **** static uint8_t USBD_AUDIO_DataOut(USBD_HandleTypeDef *pdev, uint8_t epnum);
 124:Middlewares/ST/STM32_USB_Device_Library/Class/AUDIO/Src/usbd_audio.c **** static uint8_t USBD_AUDIO_EP0_RxReady(USBD_HandleTypeDef *pdev);
 125:Middlewares/ST/STM32_USB_Device_Library/Class/AUDIO/Src/usbd_audio.c **** static uint8_t USBD_AUDIO_EP0_TxReady(USBD_HandleTypeDef *pdev);
 126:Middlewares/ST/STM32_USB_Device_Library/Class/AUDIO/Src/usbd_audio.c **** static uint8_t USBD_AUDIO_SOF(USBD_HandleTypeDef *pdev);
 127:Middlewares/ST/STM32_USB_Device_Library/Class/AUDIO/Src/usbd_audio.c **** 
 128:Middlewares/ST/STM32_USB_Device_Library/Class/AUDIO/Src/usbd_audio.c **** static uint8_t USBD_AUDIO_IsoINIncomplete(USBD_HandleTypeDef *pdev, uint8_t epnum);
 129:Middlewares/ST/STM32_USB_Device_Library/Class/AUDIO/Src/usbd_audio.c **** static uint8_t USBD_AUDIO_IsoOutIncomplete(USBD_HandleTypeDef *pdev, uint8_t epnum);
 130:Middlewares/ST/STM32_USB_Device_Library/Class/AUDIO/Src/usbd_audio.c **** static void AUDIO_REQ_GetCurrent(USBD_HandleTypeDef *pdev, USBD_SetupReqTypedef *req);
 131:Middlewares/ST/STM32_USB_Device_Library/Class/AUDIO/Src/usbd_audio.c **** static void AUDIO_REQ_SetCurrent(USBD_HandleTypeDef *pdev, USBD_SetupReqTypedef *req);
 132:Middlewares/ST/STM32_USB_Device_Library/Class/AUDIO/Src/usbd_audio.c **** static void *USBD_AUDIO_GetAudioHeaderDesc(uint8_t *pConfDesc);
 133:Middlewares/ST/STM32_USB_Device_Library/Class/AUDIO/Src/usbd_audio.c **** 
 134:Middlewares/ST/STM32_USB_Device_Library/Class/AUDIO/Src/usbd_audio.c **** /**
 135:Middlewares/ST/STM32_USB_Device_Library/Class/AUDIO/Src/usbd_audio.c ****   * @}
 136:Middlewares/ST/STM32_USB_Device_Library/Class/AUDIO/Src/usbd_audio.c ****   */
 137:Middlewares/ST/STM32_USB_Device_Library/Class/AUDIO/Src/usbd_audio.c **** 
 138:Middlewares/ST/STM32_USB_Device_Library/Class/AUDIO/Src/usbd_audio.c **** /** @defgroup USBD_AUDIO_Private_Variables
 139:Middlewares/ST/STM32_USB_Device_Library/Class/AUDIO/Src/usbd_audio.c ****   * @{
 140:Middlewares/ST/STM32_USB_Device_Library/Class/AUDIO/Src/usbd_audio.c ****   */
 141:Middlewares/ST/STM32_USB_Device_Library/Class/AUDIO/Src/usbd_audio.c **** 
 142:Middlewares/ST/STM32_USB_Device_Library/Class/AUDIO/Src/usbd_audio.c **** USBD_ClassTypeDef USBD_AUDIO =
 143:Middlewares/ST/STM32_USB_Device_Library/Class/AUDIO/Src/usbd_audio.c **** {
 144:Middlewares/ST/STM32_USB_Device_Library/Class/AUDIO/Src/usbd_audio.c ****   USBD_AUDIO_Init,
 145:Middlewares/ST/STM32_USB_Device_Library/Class/AUDIO/Src/usbd_audio.c ****   USBD_AUDIO_DeInit,
 146:Middlewares/ST/STM32_USB_Device_Library/Class/AUDIO/Src/usbd_audio.c ****   USBD_AUDIO_Setup,
ARM GAS  /tmp/ccwEZmEF.s 			page 4


 147:Middlewares/ST/STM32_USB_Device_Library/Class/AUDIO/Src/usbd_audio.c ****   USBD_AUDIO_EP0_TxReady,
 148:Middlewares/ST/STM32_USB_Device_Library/Class/AUDIO/Src/usbd_audio.c ****   USBD_AUDIO_EP0_RxReady,
 149:Middlewares/ST/STM32_USB_Device_Library/Class/AUDIO/Src/usbd_audio.c ****   USBD_AUDIO_DataIn,
 150:Middlewares/ST/STM32_USB_Device_Library/Class/AUDIO/Src/usbd_audio.c ****   USBD_AUDIO_DataOut,
 151:Middlewares/ST/STM32_USB_Device_Library/Class/AUDIO/Src/usbd_audio.c ****   USBD_AUDIO_SOF,
 152:Middlewares/ST/STM32_USB_Device_Library/Class/AUDIO/Src/usbd_audio.c ****   USBD_AUDIO_IsoINIncomplete,
 153:Middlewares/ST/STM32_USB_Device_Library/Class/AUDIO/Src/usbd_audio.c ****   USBD_AUDIO_IsoOutIncomplete,
 154:Middlewares/ST/STM32_USB_Device_Library/Class/AUDIO/Src/usbd_audio.c **** #ifdef USE_USBD_COMPOSITE
 155:Middlewares/ST/STM32_USB_Device_Library/Class/AUDIO/Src/usbd_audio.c ****   NULL,
 156:Middlewares/ST/STM32_USB_Device_Library/Class/AUDIO/Src/usbd_audio.c ****   NULL,
 157:Middlewares/ST/STM32_USB_Device_Library/Class/AUDIO/Src/usbd_audio.c ****   NULL,
 158:Middlewares/ST/STM32_USB_Device_Library/Class/AUDIO/Src/usbd_audio.c ****   NULL,
 159:Middlewares/ST/STM32_USB_Device_Library/Class/AUDIO/Src/usbd_audio.c **** #else
 160:Middlewares/ST/STM32_USB_Device_Library/Class/AUDIO/Src/usbd_audio.c ****   USBD_AUDIO_GetCfgDesc,
 161:Middlewares/ST/STM32_USB_Device_Library/Class/AUDIO/Src/usbd_audio.c ****   USBD_AUDIO_GetCfgDesc,
 162:Middlewares/ST/STM32_USB_Device_Library/Class/AUDIO/Src/usbd_audio.c ****   USBD_AUDIO_GetCfgDesc,
 163:Middlewares/ST/STM32_USB_Device_Library/Class/AUDIO/Src/usbd_audio.c ****   USBD_AUDIO_GetDeviceQualifierDesc,
 164:Middlewares/ST/STM32_USB_Device_Library/Class/AUDIO/Src/usbd_audio.c **** #endif /* USE_USBD_COMPOSITE  */
 165:Middlewares/ST/STM32_USB_Device_Library/Class/AUDIO/Src/usbd_audio.c **** #if (USBD_SUPPORT_USER_STRING_DESC == 1U)
 166:Middlewares/ST/STM32_USB_Device_Library/Class/AUDIO/Src/usbd_audio.c ****   NULL,
 167:Middlewares/ST/STM32_USB_Device_Library/Class/AUDIO/Src/usbd_audio.c **** #endif /* USBD_SUPPORT_USER_STRING_DESC  */
 168:Middlewares/ST/STM32_USB_Device_Library/Class/AUDIO/Src/usbd_audio.c **** };
 169:Middlewares/ST/STM32_USB_Device_Library/Class/AUDIO/Src/usbd_audio.c **** 
 170:Middlewares/ST/STM32_USB_Device_Library/Class/AUDIO/Src/usbd_audio.c **** #ifndef USE_USBD_COMPOSITE
 171:Middlewares/ST/STM32_USB_Device_Library/Class/AUDIO/Src/usbd_audio.c **** /* USB AUDIO device Configuration Descriptor */
 172:Middlewares/ST/STM32_USB_Device_Library/Class/AUDIO/Src/usbd_audio.c **** __ALIGN_BEGIN static uint8_t USBD_AUDIO_CfgDesc[USB_AUDIO_CONFIG_DESC_SIZ] __ALIGN_END =
 173:Middlewares/ST/STM32_USB_Device_Library/Class/AUDIO/Src/usbd_audio.c **** {
 174:Middlewares/ST/STM32_USB_Device_Library/Class/AUDIO/Src/usbd_audio.c ****   /* Configuration 1 */
 175:Middlewares/ST/STM32_USB_Device_Library/Class/AUDIO/Src/usbd_audio.c ****   0x09,                                 /* bLength */
 176:Middlewares/ST/STM32_USB_Device_Library/Class/AUDIO/Src/usbd_audio.c ****   USB_DESC_TYPE_CONFIGURATION,          /* bDescriptorType */
 177:Middlewares/ST/STM32_USB_Device_Library/Class/AUDIO/Src/usbd_audio.c ****   LOBYTE(USB_AUDIO_CONFIG_DESC_SIZ),    /* wTotalLength */
 178:Middlewares/ST/STM32_USB_Device_Library/Class/AUDIO/Src/usbd_audio.c ****   HIBYTE(USB_AUDIO_CONFIG_DESC_SIZ),
 179:Middlewares/ST/STM32_USB_Device_Library/Class/AUDIO/Src/usbd_audio.c ****   0x02,                                 /* bNumInterfaces */
 180:Middlewares/ST/STM32_USB_Device_Library/Class/AUDIO/Src/usbd_audio.c ****   0x01,                                 /* bConfigurationValue */
 181:Middlewares/ST/STM32_USB_Device_Library/Class/AUDIO/Src/usbd_audio.c ****   0x00,                                 /* iConfiguration */
 182:Middlewares/ST/STM32_USB_Device_Library/Class/AUDIO/Src/usbd_audio.c **** #if (USBD_SELF_POWERED == 1U)
 183:Middlewares/ST/STM32_USB_Device_Library/Class/AUDIO/Src/usbd_audio.c ****   0xC0,                                 /* bmAttributes: Bus Powered according to user configuratio
 184:Middlewares/ST/STM32_USB_Device_Library/Class/AUDIO/Src/usbd_audio.c **** #else
 185:Middlewares/ST/STM32_USB_Device_Library/Class/AUDIO/Src/usbd_audio.c ****   0x80,                                 /* bmAttributes: Bus Powered according to user configuratio
 186:Middlewares/ST/STM32_USB_Device_Library/Class/AUDIO/Src/usbd_audio.c **** #endif /* USBD_SELF_POWERED */
 187:Middlewares/ST/STM32_USB_Device_Library/Class/AUDIO/Src/usbd_audio.c ****   USBD_MAX_POWER,                       /* MaxPower (mA) */
 188:Middlewares/ST/STM32_USB_Device_Library/Class/AUDIO/Src/usbd_audio.c ****   /* 09 byte*/
 189:Middlewares/ST/STM32_USB_Device_Library/Class/AUDIO/Src/usbd_audio.c **** 
 190:Middlewares/ST/STM32_USB_Device_Library/Class/AUDIO/Src/usbd_audio.c ****   /* USB Speaker Standard interface descriptor */
 191:Middlewares/ST/STM32_USB_Device_Library/Class/AUDIO/Src/usbd_audio.c ****   AUDIO_INTERFACE_DESC_SIZE,            /* bLength */
 192:Middlewares/ST/STM32_USB_Device_Library/Class/AUDIO/Src/usbd_audio.c ****   USB_DESC_TYPE_INTERFACE,              /* bDescriptorType */
 193:Middlewares/ST/STM32_USB_Device_Library/Class/AUDIO/Src/usbd_audio.c ****   0x00,                                 /* bInterfaceNumber */
 194:Middlewares/ST/STM32_USB_Device_Library/Class/AUDIO/Src/usbd_audio.c ****   0x00,                                 /* bAlternateSetting */
 195:Middlewares/ST/STM32_USB_Device_Library/Class/AUDIO/Src/usbd_audio.c ****   0x00,                                 /* bNumEndpoints */
 196:Middlewares/ST/STM32_USB_Device_Library/Class/AUDIO/Src/usbd_audio.c ****   USB_DEVICE_CLASS_AUDIO,               /* bInterfaceClass */
 197:Middlewares/ST/STM32_USB_Device_Library/Class/AUDIO/Src/usbd_audio.c ****   AUDIO_SUBCLASS_AUDIOCONTROL,          /* bInterfaceSubClass */
 198:Middlewares/ST/STM32_USB_Device_Library/Class/AUDIO/Src/usbd_audio.c ****   AUDIO_PROTOCOL_UNDEFINED,             /* bInterfaceProtocol */
 199:Middlewares/ST/STM32_USB_Device_Library/Class/AUDIO/Src/usbd_audio.c ****   0x00,                                 /* iInterface */
 200:Middlewares/ST/STM32_USB_Device_Library/Class/AUDIO/Src/usbd_audio.c ****   /* 09 byte*/
 201:Middlewares/ST/STM32_USB_Device_Library/Class/AUDIO/Src/usbd_audio.c **** 
 202:Middlewares/ST/STM32_USB_Device_Library/Class/AUDIO/Src/usbd_audio.c ****   /* USB Speaker Class-specific AC Interface Descriptor */
 203:Middlewares/ST/STM32_USB_Device_Library/Class/AUDIO/Src/usbd_audio.c ****   AUDIO_INTERFACE_DESC_SIZE,            /* bLength */
ARM GAS  /tmp/ccwEZmEF.s 			page 5


 204:Middlewares/ST/STM32_USB_Device_Library/Class/AUDIO/Src/usbd_audio.c ****   AUDIO_INTERFACE_DESCRIPTOR_TYPE,      /* bDescriptorType */
 205:Middlewares/ST/STM32_USB_Device_Library/Class/AUDIO/Src/usbd_audio.c ****   AUDIO_CONTROL_HEADER,                 /* bDescriptorSubtype */
 206:Middlewares/ST/STM32_USB_Device_Library/Class/AUDIO/Src/usbd_audio.c ****   0x00,          /* 1.00 */             /* bcdADC */
 207:Middlewares/ST/STM32_USB_Device_Library/Class/AUDIO/Src/usbd_audio.c ****   0x01,
 208:Middlewares/ST/STM32_USB_Device_Library/Class/AUDIO/Src/usbd_audio.c ****   0x27,                                 /* wTotalLength */
 209:Middlewares/ST/STM32_USB_Device_Library/Class/AUDIO/Src/usbd_audio.c ****   0x00,
 210:Middlewares/ST/STM32_USB_Device_Library/Class/AUDIO/Src/usbd_audio.c ****   0x01,                                 /* bInCollection */
 211:Middlewares/ST/STM32_USB_Device_Library/Class/AUDIO/Src/usbd_audio.c ****   0x01,                                 /* baInterfaceNr */
 212:Middlewares/ST/STM32_USB_Device_Library/Class/AUDIO/Src/usbd_audio.c ****   /* 09 byte*/
 213:Middlewares/ST/STM32_USB_Device_Library/Class/AUDIO/Src/usbd_audio.c **** 
 214:Middlewares/ST/STM32_USB_Device_Library/Class/AUDIO/Src/usbd_audio.c ****   /* USB Speaker Input Terminal Descriptor */
 215:Middlewares/ST/STM32_USB_Device_Library/Class/AUDIO/Src/usbd_audio.c ****   AUDIO_INPUT_TERMINAL_DESC_SIZE,       /* bLength */
 216:Middlewares/ST/STM32_USB_Device_Library/Class/AUDIO/Src/usbd_audio.c ****   AUDIO_INTERFACE_DESCRIPTOR_TYPE,      /* bDescriptorType */
 217:Middlewares/ST/STM32_USB_Device_Library/Class/AUDIO/Src/usbd_audio.c ****   AUDIO_CONTROL_INPUT_TERMINAL,         /* bDescriptorSubtype */
 218:Middlewares/ST/STM32_USB_Device_Library/Class/AUDIO/Src/usbd_audio.c ****   0x01,                                 /* bTerminalID */
 219:Middlewares/ST/STM32_USB_Device_Library/Class/AUDIO/Src/usbd_audio.c ****   0x01,                                 /* wTerminalType AUDIO_TERMINAL_USB_STREAMING   0x0101 */
 220:Middlewares/ST/STM32_USB_Device_Library/Class/AUDIO/Src/usbd_audio.c ****   0x01,
 221:Middlewares/ST/STM32_USB_Device_Library/Class/AUDIO/Src/usbd_audio.c ****   0x00,                                 /* bAssocTerminal */
 222:Middlewares/ST/STM32_USB_Device_Library/Class/AUDIO/Src/usbd_audio.c ****   0x01,                                 /* bNrChannels */
 223:Middlewares/ST/STM32_USB_Device_Library/Class/AUDIO/Src/usbd_audio.c ****   0x00,                                 /* wChannelConfig 0x0000  Mono */
 224:Middlewares/ST/STM32_USB_Device_Library/Class/AUDIO/Src/usbd_audio.c ****   0x00,
 225:Middlewares/ST/STM32_USB_Device_Library/Class/AUDIO/Src/usbd_audio.c ****   0x00,                                 /* iChannelNames */
 226:Middlewares/ST/STM32_USB_Device_Library/Class/AUDIO/Src/usbd_audio.c ****   0x00,                                 /* iTerminal */
 227:Middlewares/ST/STM32_USB_Device_Library/Class/AUDIO/Src/usbd_audio.c ****   /* 12 byte*/
 228:Middlewares/ST/STM32_USB_Device_Library/Class/AUDIO/Src/usbd_audio.c **** 
 229:Middlewares/ST/STM32_USB_Device_Library/Class/AUDIO/Src/usbd_audio.c ****   /* USB Speaker Audio Feature Unit Descriptor */
 230:Middlewares/ST/STM32_USB_Device_Library/Class/AUDIO/Src/usbd_audio.c ****   0x09,                                 /* bLength */
 231:Middlewares/ST/STM32_USB_Device_Library/Class/AUDIO/Src/usbd_audio.c ****   AUDIO_INTERFACE_DESCRIPTOR_TYPE,      /* bDescriptorType */
 232:Middlewares/ST/STM32_USB_Device_Library/Class/AUDIO/Src/usbd_audio.c ****   AUDIO_CONTROL_FEATURE_UNIT,           /* bDescriptorSubtype */
 233:Middlewares/ST/STM32_USB_Device_Library/Class/AUDIO/Src/usbd_audio.c ****   AUDIO_OUT_STREAMING_CTRL,             /* bUnitID */
 234:Middlewares/ST/STM32_USB_Device_Library/Class/AUDIO/Src/usbd_audio.c ****   0x01,                                 /* bSourceID */
 235:Middlewares/ST/STM32_USB_Device_Library/Class/AUDIO/Src/usbd_audio.c ****   0x01,                                 /* bControlSize */
 236:Middlewares/ST/STM32_USB_Device_Library/Class/AUDIO/Src/usbd_audio.c ****   AUDIO_CONTROL_MUTE,                   /* bmaControls(0) */
 237:Middlewares/ST/STM32_USB_Device_Library/Class/AUDIO/Src/usbd_audio.c ****   0,                                    /* bmaControls(1) */
 238:Middlewares/ST/STM32_USB_Device_Library/Class/AUDIO/Src/usbd_audio.c ****   0x00,                                 /* iTerminal */
 239:Middlewares/ST/STM32_USB_Device_Library/Class/AUDIO/Src/usbd_audio.c ****   /* 09 byte */
 240:Middlewares/ST/STM32_USB_Device_Library/Class/AUDIO/Src/usbd_audio.c **** 
 241:Middlewares/ST/STM32_USB_Device_Library/Class/AUDIO/Src/usbd_audio.c ****   /* USB Speaker Output Terminal Descriptor */
 242:Middlewares/ST/STM32_USB_Device_Library/Class/AUDIO/Src/usbd_audio.c ****   0x09,      /* bLength */
 243:Middlewares/ST/STM32_USB_Device_Library/Class/AUDIO/Src/usbd_audio.c ****   AUDIO_INTERFACE_DESCRIPTOR_TYPE,      /* bDescriptorType */
 244:Middlewares/ST/STM32_USB_Device_Library/Class/AUDIO/Src/usbd_audio.c ****   AUDIO_CONTROL_OUTPUT_TERMINAL,        /* bDescriptorSubtype */
 245:Middlewares/ST/STM32_USB_Device_Library/Class/AUDIO/Src/usbd_audio.c ****   0x03,                                 /* bTerminalID */
 246:Middlewares/ST/STM32_USB_Device_Library/Class/AUDIO/Src/usbd_audio.c ****   0x01,                                 /* wTerminalType  0x0301 */
 247:Middlewares/ST/STM32_USB_Device_Library/Class/AUDIO/Src/usbd_audio.c ****   0x03,
 248:Middlewares/ST/STM32_USB_Device_Library/Class/AUDIO/Src/usbd_audio.c ****   0x00,                                 /* bAssocTerminal */
 249:Middlewares/ST/STM32_USB_Device_Library/Class/AUDIO/Src/usbd_audio.c ****   0x02,                                 /* bSourceID */
 250:Middlewares/ST/STM32_USB_Device_Library/Class/AUDIO/Src/usbd_audio.c ****   0x00,                                 /* iTerminal */
 251:Middlewares/ST/STM32_USB_Device_Library/Class/AUDIO/Src/usbd_audio.c ****   /* 09 byte */
 252:Middlewares/ST/STM32_USB_Device_Library/Class/AUDIO/Src/usbd_audio.c **** 
 253:Middlewares/ST/STM32_USB_Device_Library/Class/AUDIO/Src/usbd_audio.c ****   /* USB Speaker Standard AS Interface Descriptor - Audio Streaming Zero Bandwidth */
 254:Middlewares/ST/STM32_USB_Device_Library/Class/AUDIO/Src/usbd_audio.c ****   /* Interface 1, Alternate Setting 0                                              */
 255:Middlewares/ST/STM32_USB_Device_Library/Class/AUDIO/Src/usbd_audio.c ****   AUDIO_INTERFACE_DESC_SIZE,            /* bLength */
 256:Middlewares/ST/STM32_USB_Device_Library/Class/AUDIO/Src/usbd_audio.c ****   USB_DESC_TYPE_INTERFACE,              /* bDescriptorType */
 257:Middlewares/ST/STM32_USB_Device_Library/Class/AUDIO/Src/usbd_audio.c ****   0x01,                                 /* bInterfaceNumber */
 258:Middlewares/ST/STM32_USB_Device_Library/Class/AUDIO/Src/usbd_audio.c ****   0x00,                                 /* bAlternateSetting */
 259:Middlewares/ST/STM32_USB_Device_Library/Class/AUDIO/Src/usbd_audio.c ****   0x00,                                 /* bNumEndpoints */
 260:Middlewares/ST/STM32_USB_Device_Library/Class/AUDIO/Src/usbd_audio.c ****   USB_DEVICE_CLASS_AUDIO,               /* bInterfaceClass */
ARM GAS  /tmp/ccwEZmEF.s 			page 6


 261:Middlewares/ST/STM32_USB_Device_Library/Class/AUDIO/Src/usbd_audio.c ****   AUDIO_SUBCLASS_AUDIOSTREAMING,        /* bInterfaceSubClass */
 262:Middlewares/ST/STM32_USB_Device_Library/Class/AUDIO/Src/usbd_audio.c ****   AUDIO_PROTOCOL_UNDEFINED,             /* bInterfaceProtocol */
 263:Middlewares/ST/STM32_USB_Device_Library/Class/AUDIO/Src/usbd_audio.c ****   0x00,                                 /* iInterface */
 264:Middlewares/ST/STM32_USB_Device_Library/Class/AUDIO/Src/usbd_audio.c ****   /* 09 byte*/
 265:Middlewares/ST/STM32_USB_Device_Library/Class/AUDIO/Src/usbd_audio.c **** 
 266:Middlewares/ST/STM32_USB_Device_Library/Class/AUDIO/Src/usbd_audio.c ****   /* USB Speaker Standard AS Interface Descriptor - Audio Streaming Operational */
 267:Middlewares/ST/STM32_USB_Device_Library/Class/AUDIO/Src/usbd_audio.c ****   /* Interface 1, Alternate Setting 1                                           */
 268:Middlewares/ST/STM32_USB_Device_Library/Class/AUDIO/Src/usbd_audio.c ****   AUDIO_INTERFACE_DESC_SIZE,            /* bLength */
 269:Middlewares/ST/STM32_USB_Device_Library/Class/AUDIO/Src/usbd_audio.c ****   USB_DESC_TYPE_INTERFACE,              /* bDescriptorType */
 270:Middlewares/ST/STM32_USB_Device_Library/Class/AUDIO/Src/usbd_audio.c ****   0x01,                                 /* bInterfaceNumber */
 271:Middlewares/ST/STM32_USB_Device_Library/Class/AUDIO/Src/usbd_audio.c ****   0x01,                                 /* bAlternateSetting */
 272:Middlewares/ST/STM32_USB_Device_Library/Class/AUDIO/Src/usbd_audio.c ****   0x01,                                 /* bNumEndpoints */
 273:Middlewares/ST/STM32_USB_Device_Library/Class/AUDIO/Src/usbd_audio.c ****   USB_DEVICE_CLASS_AUDIO,               /* bInterfaceClass */
 274:Middlewares/ST/STM32_USB_Device_Library/Class/AUDIO/Src/usbd_audio.c ****   AUDIO_SUBCLASS_AUDIOSTREAMING,        /* bInterfaceSubClass */
 275:Middlewares/ST/STM32_USB_Device_Library/Class/AUDIO/Src/usbd_audio.c ****   AUDIO_PROTOCOL_UNDEFINED,             /* bInterfaceProtocol */
 276:Middlewares/ST/STM32_USB_Device_Library/Class/AUDIO/Src/usbd_audio.c ****   0x00,                                 /* iInterface */
 277:Middlewares/ST/STM32_USB_Device_Library/Class/AUDIO/Src/usbd_audio.c ****   /* 09 byte*/
 278:Middlewares/ST/STM32_USB_Device_Library/Class/AUDIO/Src/usbd_audio.c **** 
 279:Middlewares/ST/STM32_USB_Device_Library/Class/AUDIO/Src/usbd_audio.c ****   /* USB Speaker Audio Streaming Interface Descriptor */
 280:Middlewares/ST/STM32_USB_Device_Library/Class/AUDIO/Src/usbd_audio.c ****   AUDIO_STREAMING_INTERFACE_DESC_SIZE,  /* bLength */
 281:Middlewares/ST/STM32_USB_Device_Library/Class/AUDIO/Src/usbd_audio.c ****   AUDIO_INTERFACE_DESCRIPTOR_TYPE,      /* bDescriptorType */
 282:Middlewares/ST/STM32_USB_Device_Library/Class/AUDIO/Src/usbd_audio.c ****   AUDIO_STREAMING_GENERAL,              /* bDescriptorSubtype */
 283:Middlewares/ST/STM32_USB_Device_Library/Class/AUDIO/Src/usbd_audio.c ****   0x01,                                 /* bTerminalLink */
 284:Middlewares/ST/STM32_USB_Device_Library/Class/AUDIO/Src/usbd_audio.c ****   0x01,                                 /* bDelay */
 285:Middlewares/ST/STM32_USB_Device_Library/Class/AUDIO/Src/usbd_audio.c ****   0x01,                                 /* wFormatTag AUDIO_FORMAT_PCM  0x0001 */
 286:Middlewares/ST/STM32_USB_Device_Library/Class/AUDIO/Src/usbd_audio.c ****   0x00,
 287:Middlewares/ST/STM32_USB_Device_Library/Class/AUDIO/Src/usbd_audio.c ****   /* 07 byte*/
 288:Middlewares/ST/STM32_USB_Device_Library/Class/AUDIO/Src/usbd_audio.c **** 
 289:Middlewares/ST/STM32_USB_Device_Library/Class/AUDIO/Src/usbd_audio.c ****   /* USB Speaker Audio Type III Format Interface Descriptor */
 290:Middlewares/ST/STM32_USB_Device_Library/Class/AUDIO/Src/usbd_audio.c ****   0x0B,                                 /* bLength */
 291:Middlewares/ST/STM32_USB_Device_Library/Class/AUDIO/Src/usbd_audio.c ****   AUDIO_INTERFACE_DESCRIPTOR_TYPE,      /* bDescriptorType */
 292:Middlewares/ST/STM32_USB_Device_Library/Class/AUDIO/Src/usbd_audio.c ****   AUDIO_STREAMING_FORMAT_TYPE,          /* bDescriptorSubtype */
 293:Middlewares/ST/STM32_USB_Device_Library/Class/AUDIO/Src/usbd_audio.c ****   AUDIO_FORMAT_TYPE_I,                  /* bFormatType */
 294:Middlewares/ST/STM32_USB_Device_Library/Class/AUDIO/Src/usbd_audio.c ****   0x02,                                 /* bNrChannels */
 295:Middlewares/ST/STM32_USB_Device_Library/Class/AUDIO/Src/usbd_audio.c ****   0x02,                                 /* bSubFrameSize :  2 Bytes per frame (16bits) */
 296:Middlewares/ST/STM32_USB_Device_Library/Class/AUDIO/Src/usbd_audio.c ****   16,                                   /* bBitResolution (16-bits per sample) */
 297:Middlewares/ST/STM32_USB_Device_Library/Class/AUDIO/Src/usbd_audio.c ****   0x01,                                 /* bSamFreqType only one frequency supported */
 298:Middlewares/ST/STM32_USB_Device_Library/Class/AUDIO/Src/usbd_audio.c ****   AUDIO_SAMPLE_FREQ(USBD_AUDIO_FREQ),   /* Audio sampling frequency coded on 3 bytes */
 299:Middlewares/ST/STM32_USB_Device_Library/Class/AUDIO/Src/usbd_audio.c ****   /* 11 byte*/
 300:Middlewares/ST/STM32_USB_Device_Library/Class/AUDIO/Src/usbd_audio.c **** 
 301:Middlewares/ST/STM32_USB_Device_Library/Class/AUDIO/Src/usbd_audio.c ****   /* Endpoint 1 - Standard Descriptor */
 302:Middlewares/ST/STM32_USB_Device_Library/Class/AUDIO/Src/usbd_audio.c ****   AUDIO_STANDARD_ENDPOINT_DESC_SIZE,    /* bLength */
 303:Middlewares/ST/STM32_USB_Device_Library/Class/AUDIO/Src/usbd_audio.c ****   USB_DESC_TYPE_ENDPOINT,               /* bDescriptorType */
 304:Middlewares/ST/STM32_USB_Device_Library/Class/AUDIO/Src/usbd_audio.c ****   AUDIO_OUT_EP,                         /* bEndpointAddress 1 out endpoint */
 305:Middlewares/ST/STM32_USB_Device_Library/Class/AUDIO/Src/usbd_audio.c ****   USBD_EP_TYPE_ISOC,                    /* bmAttributes */
 306:Middlewares/ST/STM32_USB_Device_Library/Class/AUDIO/Src/usbd_audio.c ****   AUDIO_PACKET_SZE(USBD_AUDIO_FREQ),    /* wMaxPacketSize in Bytes (Freq(Samples)*2(Stereo)*2(HalfW
 307:Middlewares/ST/STM32_USB_Device_Library/Class/AUDIO/Src/usbd_audio.c ****   AUDIO_FS_BINTERVAL,                   /* bInterval */
 308:Middlewares/ST/STM32_USB_Device_Library/Class/AUDIO/Src/usbd_audio.c ****   0x00,                                 /* bRefresh */
 309:Middlewares/ST/STM32_USB_Device_Library/Class/AUDIO/Src/usbd_audio.c ****   0x00,                                 /* bSynchAddress */
 310:Middlewares/ST/STM32_USB_Device_Library/Class/AUDIO/Src/usbd_audio.c ****   /* 09 byte*/
 311:Middlewares/ST/STM32_USB_Device_Library/Class/AUDIO/Src/usbd_audio.c **** 
 312:Middlewares/ST/STM32_USB_Device_Library/Class/AUDIO/Src/usbd_audio.c ****   /* Endpoint - Audio Streaming Descriptor */
 313:Middlewares/ST/STM32_USB_Device_Library/Class/AUDIO/Src/usbd_audio.c ****   AUDIO_STREAMING_ENDPOINT_DESC_SIZE,   /* bLength */
 314:Middlewares/ST/STM32_USB_Device_Library/Class/AUDIO/Src/usbd_audio.c ****   AUDIO_ENDPOINT_DESCRIPTOR_TYPE,       /* bDescriptorType */
 315:Middlewares/ST/STM32_USB_Device_Library/Class/AUDIO/Src/usbd_audio.c ****   AUDIO_ENDPOINT_GENERAL,               /* bDescriptor */
 316:Middlewares/ST/STM32_USB_Device_Library/Class/AUDIO/Src/usbd_audio.c ****   0x00,                                 /* bmAttributes */
 317:Middlewares/ST/STM32_USB_Device_Library/Class/AUDIO/Src/usbd_audio.c ****   0x00,                                 /* bLockDelayUnits */
ARM GAS  /tmp/ccwEZmEF.s 			page 7


 318:Middlewares/ST/STM32_USB_Device_Library/Class/AUDIO/Src/usbd_audio.c ****   0x00,                                 /* wLockDelay */
 319:Middlewares/ST/STM32_USB_Device_Library/Class/AUDIO/Src/usbd_audio.c ****   0x00,
 320:Middlewares/ST/STM32_USB_Device_Library/Class/AUDIO/Src/usbd_audio.c ****   /* 07 byte*/
 321:Middlewares/ST/STM32_USB_Device_Library/Class/AUDIO/Src/usbd_audio.c **** } ;
 322:Middlewares/ST/STM32_USB_Device_Library/Class/AUDIO/Src/usbd_audio.c **** 
 323:Middlewares/ST/STM32_USB_Device_Library/Class/AUDIO/Src/usbd_audio.c **** /* USB Standard Device Descriptor */
 324:Middlewares/ST/STM32_USB_Device_Library/Class/AUDIO/Src/usbd_audio.c **** __ALIGN_BEGIN static uint8_t USBD_AUDIO_DeviceQualifierDesc[USB_LEN_DEV_QUALIFIER_DESC] __ALIGN_END
 325:Middlewares/ST/STM32_USB_Device_Library/Class/AUDIO/Src/usbd_audio.c **** {
 326:Middlewares/ST/STM32_USB_Device_Library/Class/AUDIO/Src/usbd_audio.c ****   USB_LEN_DEV_QUALIFIER_DESC,
 327:Middlewares/ST/STM32_USB_Device_Library/Class/AUDIO/Src/usbd_audio.c ****   USB_DESC_TYPE_DEVICE_QUALIFIER,
 328:Middlewares/ST/STM32_USB_Device_Library/Class/AUDIO/Src/usbd_audio.c ****   0x00,
 329:Middlewares/ST/STM32_USB_Device_Library/Class/AUDIO/Src/usbd_audio.c ****   0x02,
 330:Middlewares/ST/STM32_USB_Device_Library/Class/AUDIO/Src/usbd_audio.c ****   0x00,
 331:Middlewares/ST/STM32_USB_Device_Library/Class/AUDIO/Src/usbd_audio.c ****   0x00,
 332:Middlewares/ST/STM32_USB_Device_Library/Class/AUDIO/Src/usbd_audio.c ****   0x00,
 333:Middlewares/ST/STM32_USB_Device_Library/Class/AUDIO/Src/usbd_audio.c ****   0x40,
 334:Middlewares/ST/STM32_USB_Device_Library/Class/AUDIO/Src/usbd_audio.c ****   0x01,
 335:Middlewares/ST/STM32_USB_Device_Library/Class/AUDIO/Src/usbd_audio.c ****   0x00,
 336:Middlewares/ST/STM32_USB_Device_Library/Class/AUDIO/Src/usbd_audio.c **** };
 337:Middlewares/ST/STM32_USB_Device_Library/Class/AUDIO/Src/usbd_audio.c **** #endif /* USE_USBD_COMPOSITE  */
 338:Middlewares/ST/STM32_USB_Device_Library/Class/AUDIO/Src/usbd_audio.c **** 
 339:Middlewares/ST/STM32_USB_Device_Library/Class/AUDIO/Src/usbd_audio.c **** static uint8_t AUDIOOutEpAdd = AUDIO_OUT_EP;
 340:Middlewares/ST/STM32_USB_Device_Library/Class/AUDIO/Src/usbd_audio.c **** /**
 341:Middlewares/ST/STM32_USB_Device_Library/Class/AUDIO/Src/usbd_audio.c ****   * @}
 342:Middlewares/ST/STM32_USB_Device_Library/Class/AUDIO/Src/usbd_audio.c ****   */
 343:Middlewares/ST/STM32_USB_Device_Library/Class/AUDIO/Src/usbd_audio.c **** 
 344:Middlewares/ST/STM32_USB_Device_Library/Class/AUDIO/Src/usbd_audio.c **** /** @defgroup USBD_AUDIO_Private_Functions
 345:Middlewares/ST/STM32_USB_Device_Library/Class/AUDIO/Src/usbd_audio.c ****   * @{
 346:Middlewares/ST/STM32_USB_Device_Library/Class/AUDIO/Src/usbd_audio.c ****   */
 347:Middlewares/ST/STM32_USB_Device_Library/Class/AUDIO/Src/usbd_audio.c **** 
 348:Middlewares/ST/STM32_USB_Device_Library/Class/AUDIO/Src/usbd_audio.c **** /**
 349:Middlewares/ST/STM32_USB_Device_Library/Class/AUDIO/Src/usbd_audio.c ****   * @brief  USBD_AUDIO_Init
 350:Middlewares/ST/STM32_USB_Device_Library/Class/AUDIO/Src/usbd_audio.c ****   *         Initialize the AUDIO interface
 351:Middlewares/ST/STM32_USB_Device_Library/Class/AUDIO/Src/usbd_audio.c ****   * @param  pdev: device instance
 352:Middlewares/ST/STM32_USB_Device_Library/Class/AUDIO/Src/usbd_audio.c ****   * @param  cfgidx: Configuration index
 353:Middlewares/ST/STM32_USB_Device_Library/Class/AUDIO/Src/usbd_audio.c ****   * @retval status
 354:Middlewares/ST/STM32_USB_Device_Library/Class/AUDIO/Src/usbd_audio.c ****   */
 355:Middlewares/ST/STM32_USB_Device_Library/Class/AUDIO/Src/usbd_audio.c **** static uint8_t USBD_AUDIO_Init(USBD_HandleTypeDef *pdev, uint8_t cfgidx)
 356:Middlewares/ST/STM32_USB_Device_Library/Class/AUDIO/Src/usbd_audio.c **** {
 357:Middlewares/ST/STM32_USB_Device_Library/Class/AUDIO/Src/usbd_audio.c ****   UNUSED(cfgidx);
 358:Middlewares/ST/STM32_USB_Device_Library/Class/AUDIO/Src/usbd_audio.c ****   USBD_AUDIO_HandleTypeDef *haudio;
 359:Middlewares/ST/STM32_USB_Device_Library/Class/AUDIO/Src/usbd_audio.c **** 
 360:Middlewares/ST/STM32_USB_Device_Library/Class/AUDIO/Src/usbd_audio.c ****   /* Allocate Audio structure */
 361:Middlewares/ST/STM32_USB_Device_Library/Class/AUDIO/Src/usbd_audio.c ****   haudio = (USBD_AUDIO_HandleTypeDef *)USBD_malloc(sizeof(USBD_AUDIO_HandleTypeDef));
 362:Middlewares/ST/STM32_USB_Device_Library/Class/AUDIO/Src/usbd_audio.c **** 
 363:Middlewares/ST/STM32_USB_Device_Library/Class/AUDIO/Src/usbd_audio.c ****   if (haudio == NULL)
 364:Middlewares/ST/STM32_USB_Device_Library/Class/AUDIO/Src/usbd_audio.c ****   {
 365:Middlewares/ST/STM32_USB_Device_Library/Class/AUDIO/Src/usbd_audio.c ****     pdev->pClassDataCmsit[pdev->classId] = NULL;
 366:Middlewares/ST/STM32_USB_Device_Library/Class/AUDIO/Src/usbd_audio.c ****     return (uint8_t)USBD_EMEM;
 367:Middlewares/ST/STM32_USB_Device_Library/Class/AUDIO/Src/usbd_audio.c ****   }
 368:Middlewares/ST/STM32_USB_Device_Library/Class/AUDIO/Src/usbd_audio.c **** 
 369:Middlewares/ST/STM32_USB_Device_Library/Class/AUDIO/Src/usbd_audio.c ****   pdev->pClassDataCmsit[pdev->classId] = (void *)haudio;
 370:Middlewares/ST/STM32_USB_Device_Library/Class/AUDIO/Src/usbd_audio.c ****   pdev->pClassData = pdev->pClassDataCmsit[pdev->classId];
 371:Middlewares/ST/STM32_USB_Device_Library/Class/AUDIO/Src/usbd_audio.c **** 
 372:Middlewares/ST/STM32_USB_Device_Library/Class/AUDIO/Src/usbd_audio.c **** #ifdef USE_USBD_COMPOSITE
 373:Middlewares/ST/STM32_USB_Device_Library/Class/AUDIO/Src/usbd_audio.c ****   /* Get the Endpoints addresses allocated for this class instance */
 374:Middlewares/ST/STM32_USB_Device_Library/Class/AUDIO/Src/usbd_audio.c ****   AUDIOOutEpAdd = USBD_CoreGetEPAdd(pdev, USBD_EP_OUT, USBD_EP_TYPE_ISOC, (uint8_t)pdev->classId);
ARM GAS  /tmp/ccwEZmEF.s 			page 8


 375:Middlewares/ST/STM32_USB_Device_Library/Class/AUDIO/Src/usbd_audio.c **** #endif /* USE_USBD_COMPOSITE */
 376:Middlewares/ST/STM32_USB_Device_Library/Class/AUDIO/Src/usbd_audio.c **** 
 377:Middlewares/ST/STM32_USB_Device_Library/Class/AUDIO/Src/usbd_audio.c ****   if (pdev->dev_speed == USBD_SPEED_HIGH)
 378:Middlewares/ST/STM32_USB_Device_Library/Class/AUDIO/Src/usbd_audio.c ****   {
 379:Middlewares/ST/STM32_USB_Device_Library/Class/AUDIO/Src/usbd_audio.c ****     pdev->ep_out[AUDIOOutEpAdd & 0xFU].bInterval = AUDIO_HS_BINTERVAL;
 380:Middlewares/ST/STM32_USB_Device_Library/Class/AUDIO/Src/usbd_audio.c ****   }
 381:Middlewares/ST/STM32_USB_Device_Library/Class/AUDIO/Src/usbd_audio.c ****   else   /* LOW and FULL-speed endpoints */
 382:Middlewares/ST/STM32_USB_Device_Library/Class/AUDIO/Src/usbd_audio.c ****   {
 383:Middlewares/ST/STM32_USB_Device_Library/Class/AUDIO/Src/usbd_audio.c ****     pdev->ep_out[AUDIOOutEpAdd & 0xFU].bInterval = AUDIO_FS_BINTERVAL;
 384:Middlewares/ST/STM32_USB_Device_Library/Class/AUDIO/Src/usbd_audio.c ****   }
 385:Middlewares/ST/STM32_USB_Device_Library/Class/AUDIO/Src/usbd_audio.c **** 
 386:Middlewares/ST/STM32_USB_Device_Library/Class/AUDIO/Src/usbd_audio.c ****   /* Open EP OUT */
 387:Middlewares/ST/STM32_USB_Device_Library/Class/AUDIO/Src/usbd_audio.c ****   (void)USBD_LL_OpenEP(pdev, AUDIOOutEpAdd, USBD_EP_TYPE_ISOC, AUDIO_OUT_PACKET);
 388:Middlewares/ST/STM32_USB_Device_Library/Class/AUDIO/Src/usbd_audio.c ****   pdev->ep_out[AUDIOOutEpAdd & 0xFU].is_used = 1U;
 389:Middlewares/ST/STM32_USB_Device_Library/Class/AUDIO/Src/usbd_audio.c **** 
 390:Middlewares/ST/STM32_USB_Device_Library/Class/AUDIO/Src/usbd_audio.c ****   haudio->alt_setting = 0U;
 391:Middlewares/ST/STM32_USB_Device_Library/Class/AUDIO/Src/usbd_audio.c ****   haudio->offset = AUDIO_OFFSET_UNKNOWN;
 392:Middlewares/ST/STM32_USB_Device_Library/Class/AUDIO/Src/usbd_audio.c ****   haudio->wr_ptr = 0U;
 393:Middlewares/ST/STM32_USB_Device_Library/Class/AUDIO/Src/usbd_audio.c ****   haudio->rd_ptr = 0U;
 394:Middlewares/ST/STM32_USB_Device_Library/Class/AUDIO/Src/usbd_audio.c ****   haudio->rd_enable = 0U;
 395:Middlewares/ST/STM32_USB_Device_Library/Class/AUDIO/Src/usbd_audio.c **** 
 396:Middlewares/ST/STM32_USB_Device_Library/Class/AUDIO/Src/usbd_audio.c ****   /* Initialize the Audio output Hardware layer */
 397:Middlewares/ST/STM32_USB_Device_Library/Class/AUDIO/Src/usbd_audio.c ****   if (((USBD_AUDIO_ItfTypeDef *)pdev->pUserData[pdev->classId])->Init(USBD_AUDIO_FREQ,
 398:Middlewares/ST/STM32_USB_Device_Library/Class/AUDIO/Src/usbd_audio.c ****                                                                       AUDIO_DEFAULT_VOLUME,
 399:Middlewares/ST/STM32_USB_Device_Library/Class/AUDIO/Src/usbd_audio.c ****                                                                       0U) != 0U)
 400:Middlewares/ST/STM32_USB_Device_Library/Class/AUDIO/Src/usbd_audio.c ****   {
 401:Middlewares/ST/STM32_USB_Device_Library/Class/AUDIO/Src/usbd_audio.c ****     return (uint8_t)USBD_FAIL;
 402:Middlewares/ST/STM32_USB_Device_Library/Class/AUDIO/Src/usbd_audio.c ****   }
 403:Middlewares/ST/STM32_USB_Device_Library/Class/AUDIO/Src/usbd_audio.c **** 
 404:Middlewares/ST/STM32_USB_Device_Library/Class/AUDIO/Src/usbd_audio.c ****   /* Prepare Out endpoint to receive 1st packet */
 405:Middlewares/ST/STM32_USB_Device_Library/Class/AUDIO/Src/usbd_audio.c ****   (void)USBD_LL_PrepareReceive(pdev, AUDIOOutEpAdd, haudio->buffer,
 406:Middlewares/ST/STM32_USB_Device_Library/Class/AUDIO/Src/usbd_audio.c ****                                AUDIO_OUT_PACKET);
 407:Middlewares/ST/STM32_USB_Device_Library/Class/AUDIO/Src/usbd_audio.c **** 
 408:Middlewares/ST/STM32_USB_Device_Library/Class/AUDIO/Src/usbd_audio.c ****   return (uint8_t)USBD_OK;
 409:Middlewares/ST/STM32_USB_Device_Library/Class/AUDIO/Src/usbd_audio.c **** }
 410:Middlewares/ST/STM32_USB_Device_Library/Class/AUDIO/Src/usbd_audio.c **** 
 411:Middlewares/ST/STM32_USB_Device_Library/Class/AUDIO/Src/usbd_audio.c **** /**
 412:Middlewares/ST/STM32_USB_Device_Library/Class/AUDIO/Src/usbd_audio.c ****   * @brief  USBD_AUDIO_Init
 413:Middlewares/ST/STM32_USB_Device_Library/Class/AUDIO/Src/usbd_audio.c ****   *         DeInitialize the AUDIO layer
 414:Middlewares/ST/STM32_USB_Device_Library/Class/AUDIO/Src/usbd_audio.c ****   * @param  pdev: device instance
 415:Middlewares/ST/STM32_USB_Device_Library/Class/AUDIO/Src/usbd_audio.c ****   * @param  cfgidx: Configuration index
 416:Middlewares/ST/STM32_USB_Device_Library/Class/AUDIO/Src/usbd_audio.c ****   * @retval status
 417:Middlewares/ST/STM32_USB_Device_Library/Class/AUDIO/Src/usbd_audio.c ****   */
 418:Middlewares/ST/STM32_USB_Device_Library/Class/AUDIO/Src/usbd_audio.c **** static uint8_t USBD_AUDIO_DeInit(USBD_HandleTypeDef *pdev, uint8_t cfgidx)
 419:Middlewares/ST/STM32_USB_Device_Library/Class/AUDIO/Src/usbd_audio.c **** {
 420:Middlewares/ST/STM32_USB_Device_Library/Class/AUDIO/Src/usbd_audio.c ****   UNUSED(cfgidx);
 421:Middlewares/ST/STM32_USB_Device_Library/Class/AUDIO/Src/usbd_audio.c **** 
 422:Middlewares/ST/STM32_USB_Device_Library/Class/AUDIO/Src/usbd_audio.c **** #ifdef USE_USBD_COMPOSITE
 423:Middlewares/ST/STM32_USB_Device_Library/Class/AUDIO/Src/usbd_audio.c ****   /* Get the Endpoints addresses allocated for this class instance */
 424:Middlewares/ST/STM32_USB_Device_Library/Class/AUDIO/Src/usbd_audio.c ****   AUDIOOutEpAdd = USBD_CoreGetEPAdd(pdev, USBD_EP_OUT, USBD_EP_TYPE_ISOC, (uint8_t)pdev->classId);
 425:Middlewares/ST/STM32_USB_Device_Library/Class/AUDIO/Src/usbd_audio.c **** #endif /* USE_USBD_COMPOSITE */
 426:Middlewares/ST/STM32_USB_Device_Library/Class/AUDIO/Src/usbd_audio.c **** 
 427:Middlewares/ST/STM32_USB_Device_Library/Class/AUDIO/Src/usbd_audio.c ****   /* Open EP OUT */
 428:Middlewares/ST/STM32_USB_Device_Library/Class/AUDIO/Src/usbd_audio.c ****   (void)USBD_LL_CloseEP(pdev, AUDIOOutEpAdd);
 429:Middlewares/ST/STM32_USB_Device_Library/Class/AUDIO/Src/usbd_audio.c ****   pdev->ep_out[AUDIOOutEpAdd & 0xFU].is_used = 0U;
 430:Middlewares/ST/STM32_USB_Device_Library/Class/AUDIO/Src/usbd_audio.c ****   pdev->ep_out[AUDIOOutEpAdd & 0xFU].bInterval = 0U;
 431:Middlewares/ST/STM32_USB_Device_Library/Class/AUDIO/Src/usbd_audio.c **** 
ARM GAS  /tmp/ccwEZmEF.s 			page 9


 432:Middlewares/ST/STM32_USB_Device_Library/Class/AUDIO/Src/usbd_audio.c ****   /* DeInit  physical Interface components */
 433:Middlewares/ST/STM32_USB_Device_Library/Class/AUDIO/Src/usbd_audio.c ****   if (pdev->pClassDataCmsit[pdev->classId] != NULL)
 434:Middlewares/ST/STM32_USB_Device_Library/Class/AUDIO/Src/usbd_audio.c ****   {
 435:Middlewares/ST/STM32_USB_Device_Library/Class/AUDIO/Src/usbd_audio.c ****     ((USBD_AUDIO_ItfTypeDef *)pdev->pUserData[pdev->classId])->DeInit(0U);
 436:Middlewares/ST/STM32_USB_Device_Library/Class/AUDIO/Src/usbd_audio.c ****     (void)USBD_free(pdev->pClassDataCmsit[pdev->classId]);
 437:Middlewares/ST/STM32_USB_Device_Library/Class/AUDIO/Src/usbd_audio.c ****     pdev->pClassDataCmsit[pdev->classId] = NULL;
 438:Middlewares/ST/STM32_USB_Device_Library/Class/AUDIO/Src/usbd_audio.c ****     pdev->pClassData = NULL;
 439:Middlewares/ST/STM32_USB_Device_Library/Class/AUDIO/Src/usbd_audio.c ****   }
 440:Middlewares/ST/STM32_USB_Device_Library/Class/AUDIO/Src/usbd_audio.c **** 
 441:Middlewares/ST/STM32_USB_Device_Library/Class/AUDIO/Src/usbd_audio.c ****   return (uint8_t)USBD_OK;
 442:Middlewares/ST/STM32_USB_Device_Library/Class/AUDIO/Src/usbd_audio.c **** }
 443:Middlewares/ST/STM32_USB_Device_Library/Class/AUDIO/Src/usbd_audio.c **** 
 444:Middlewares/ST/STM32_USB_Device_Library/Class/AUDIO/Src/usbd_audio.c **** /**
 445:Middlewares/ST/STM32_USB_Device_Library/Class/AUDIO/Src/usbd_audio.c ****   * @brief  USBD_AUDIO_Setup
 446:Middlewares/ST/STM32_USB_Device_Library/Class/AUDIO/Src/usbd_audio.c ****   *         Handle the AUDIO specific requests
 447:Middlewares/ST/STM32_USB_Device_Library/Class/AUDIO/Src/usbd_audio.c ****   * @param  pdev: instance
 448:Middlewares/ST/STM32_USB_Device_Library/Class/AUDIO/Src/usbd_audio.c ****   * @param  req: usb requests
 449:Middlewares/ST/STM32_USB_Device_Library/Class/AUDIO/Src/usbd_audio.c ****   * @retval status
 450:Middlewares/ST/STM32_USB_Device_Library/Class/AUDIO/Src/usbd_audio.c ****   */
 451:Middlewares/ST/STM32_USB_Device_Library/Class/AUDIO/Src/usbd_audio.c **** static uint8_t USBD_AUDIO_Setup(USBD_HandleTypeDef *pdev,
 452:Middlewares/ST/STM32_USB_Device_Library/Class/AUDIO/Src/usbd_audio.c ****                                 USBD_SetupReqTypedef *req)
 453:Middlewares/ST/STM32_USB_Device_Library/Class/AUDIO/Src/usbd_audio.c **** {
 454:Middlewares/ST/STM32_USB_Device_Library/Class/AUDIO/Src/usbd_audio.c ****   USBD_AUDIO_HandleTypeDef *haudio;
 455:Middlewares/ST/STM32_USB_Device_Library/Class/AUDIO/Src/usbd_audio.c ****   uint16_t len;
 456:Middlewares/ST/STM32_USB_Device_Library/Class/AUDIO/Src/usbd_audio.c ****   uint8_t *pbuf;
 457:Middlewares/ST/STM32_USB_Device_Library/Class/AUDIO/Src/usbd_audio.c ****   uint16_t status_info = 0U;
 458:Middlewares/ST/STM32_USB_Device_Library/Class/AUDIO/Src/usbd_audio.c ****   USBD_StatusTypeDef ret = USBD_OK;
 459:Middlewares/ST/STM32_USB_Device_Library/Class/AUDIO/Src/usbd_audio.c **** 
 460:Middlewares/ST/STM32_USB_Device_Library/Class/AUDIO/Src/usbd_audio.c ****   haudio = (USBD_AUDIO_HandleTypeDef *)pdev->pClassDataCmsit[pdev->classId];
 461:Middlewares/ST/STM32_USB_Device_Library/Class/AUDIO/Src/usbd_audio.c **** 
 462:Middlewares/ST/STM32_USB_Device_Library/Class/AUDIO/Src/usbd_audio.c ****   if (haudio == NULL)
 463:Middlewares/ST/STM32_USB_Device_Library/Class/AUDIO/Src/usbd_audio.c ****   {
 464:Middlewares/ST/STM32_USB_Device_Library/Class/AUDIO/Src/usbd_audio.c ****     return (uint8_t)USBD_FAIL;
 465:Middlewares/ST/STM32_USB_Device_Library/Class/AUDIO/Src/usbd_audio.c ****   }
 466:Middlewares/ST/STM32_USB_Device_Library/Class/AUDIO/Src/usbd_audio.c **** 
 467:Middlewares/ST/STM32_USB_Device_Library/Class/AUDIO/Src/usbd_audio.c ****   switch (req->bmRequest & USB_REQ_TYPE_MASK)
 468:Middlewares/ST/STM32_USB_Device_Library/Class/AUDIO/Src/usbd_audio.c ****   {
 469:Middlewares/ST/STM32_USB_Device_Library/Class/AUDIO/Src/usbd_audio.c ****     case USB_REQ_TYPE_CLASS:
 470:Middlewares/ST/STM32_USB_Device_Library/Class/AUDIO/Src/usbd_audio.c ****       switch (req->bRequest)
 471:Middlewares/ST/STM32_USB_Device_Library/Class/AUDIO/Src/usbd_audio.c ****       {
 472:Middlewares/ST/STM32_USB_Device_Library/Class/AUDIO/Src/usbd_audio.c ****         case AUDIO_REQ_GET_CUR:
 473:Middlewares/ST/STM32_USB_Device_Library/Class/AUDIO/Src/usbd_audio.c ****           AUDIO_REQ_GetCurrent(pdev, req);
 474:Middlewares/ST/STM32_USB_Device_Library/Class/AUDIO/Src/usbd_audio.c ****           break;
 475:Middlewares/ST/STM32_USB_Device_Library/Class/AUDIO/Src/usbd_audio.c **** 
 476:Middlewares/ST/STM32_USB_Device_Library/Class/AUDIO/Src/usbd_audio.c ****         case AUDIO_REQ_SET_CUR:
 477:Middlewares/ST/STM32_USB_Device_Library/Class/AUDIO/Src/usbd_audio.c ****           AUDIO_REQ_SetCurrent(pdev, req);
 478:Middlewares/ST/STM32_USB_Device_Library/Class/AUDIO/Src/usbd_audio.c ****           break;
 479:Middlewares/ST/STM32_USB_Device_Library/Class/AUDIO/Src/usbd_audio.c **** 
 480:Middlewares/ST/STM32_USB_Device_Library/Class/AUDIO/Src/usbd_audio.c ****         default:
 481:Middlewares/ST/STM32_USB_Device_Library/Class/AUDIO/Src/usbd_audio.c ****           USBD_CtlError(pdev, req);
 482:Middlewares/ST/STM32_USB_Device_Library/Class/AUDIO/Src/usbd_audio.c ****           ret = USBD_FAIL;
 483:Middlewares/ST/STM32_USB_Device_Library/Class/AUDIO/Src/usbd_audio.c ****           break;
 484:Middlewares/ST/STM32_USB_Device_Library/Class/AUDIO/Src/usbd_audio.c ****       }
 485:Middlewares/ST/STM32_USB_Device_Library/Class/AUDIO/Src/usbd_audio.c ****       break;
 486:Middlewares/ST/STM32_USB_Device_Library/Class/AUDIO/Src/usbd_audio.c **** 
 487:Middlewares/ST/STM32_USB_Device_Library/Class/AUDIO/Src/usbd_audio.c ****     case USB_REQ_TYPE_STANDARD:
 488:Middlewares/ST/STM32_USB_Device_Library/Class/AUDIO/Src/usbd_audio.c ****       switch (req->bRequest)
ARM GAS  /tmp/ccwEZmEF.s 			page 10


 489:Middlewares/ST/STM32_USB_Device_Library/Class/AUDIO/Src/usbd_audio.c ****       {
 490:Middlewares/ST/STM32_USB_Device_Library/Class/AUDIO/Src/usbd_audio.c ****         case USB_REQ_GET_STATUS:
 491:Middlewares/ST/STM32_USB_Device_Library/Class/AUDIO/Src/usbd_audio.c ****           if (pdev->dev_state == USBD_STATE_CONFIGURED)
 492:Middlewares/ST/STM32_USB_Device_Library/Class/AUDIO/Src/usbd_audio.c ****           {
 493:Middlewares/ST/STM32_USB_Device_Library/Class/AUDIO/Src/usbd_audio.c ****             (void)USBD_CtlSendData(pdev, (uint8_t *)&status_info, 2U);
 494:Middlewares/ST/STM32_USB_Device_Library/Class/AUDIO/Src/usbd_audio.c ****           }
 495:Middlewares/ST/STM32_USB_Device_Library/Class/AUDIO/Src/usbd_audio.c ****           else
 496:Middlewares/ST/STM32_USB_Device_Library/Class/AUDIO/Src/usbd_audio.c ****           {
 497:Middlewares/ST/STM32_USB_Device_Library/Class/AUDIO/Src/usbd_audio.c ****             USBD_CtlError(pdev, req);
 498:Middlewares/ST/STM32_USB_Device_Library/Class/AUDIO/Src/usbd_audio.c ****             ret = USBD_FAIL;
 499:Middlewares/ST/STM32_USB_Device_Library/Class/AUDIO/Src/usbd_audio.c ****           }
 500:Middlewares/ST/STM32_USB_Device_Library/Class/AUDIO/Src/usbd_audio.c ****           break;
 501:Middlewares/ST/STM32_USB_Device_Library/Class/AUDIO/Src/usbd_audio.c **** 
 502:Middlewares/ST/STM32_USB_Device_Library/Class/AUDIO/Src/usbd_audio.c ****         case USB_REQ_GET_DESCRIPTOR:
 503:Middlewares/ST/STM32_USB_Device_Library/Class/AUDIO/Src/usbd_audio.c ****           if ((req->wValue >> 8) == AUDIO_DESCRIPTOR_TYPE)
 504:Middlewares/ST/STM32_USB_Device_Library/Class/AUDIO/Src/usbd_audio.c ****           {
 505:Middlewares/ST/STM32_USB_Device_Library/Class/AUDIO/Src/usbd_audio.c ****             pbuf = (uint8_t *)USBD_AUDIO_GetAudioHeaderDesc(pdev->pConfDesc);
 506:Middlewares/ST/STM32_USB_Device_Library/Class/AUDIO/Src/usbd_audio.c ****             if (pbuf != NULL)
 507:Middlewares/ST/STM32_USB_Device_Library/Class/AUDIO/Src/usbd_audio.c ****             {
 508:Middlewares/ST/STM32_USB_Device_Library/Class/AUDIO/Src/usbd_audio.c ****               len = MIN(USB_AUDIO_DESC_SIZ, req->wLength);
 509:Middlewares/ST/STM32_USB_Device_Library/Class/AUDIO/Src/usbd_audio.c ****               (void)USBD_CtlSendData(pdev, pbuf, len);
 510:Middlewares/ST/STM32_USB_Device_Library/Class/AUDIO/Src/usbd_audio.c ****             }
 511:Middlewares/ST/STM32_USB_Device_Library/Class/AUDIO/Src/usbd_audio.c ****             else
 512:Middlewares/ST/STM32_USB_Device_Library/Class/AUDIO/Src/usbd_audio.c ****             {
 513:Middlewares/ST/STM32_USB_Device_Library/Class/AUDIO/Src/usbd_audio.c ****               USBD_CtlError(pdev, req);
 514:Middlewares/ST/STM32_USB_Device_Library/Class/AUDIO/Src/usbd_audio.c ****               ret = USBD_FAIL;
 515:Middlewares/ST/STM32_USB_Device_Library/Class/AUDIO/Src/usbd_audio.c ****             }
 516:Middlewares/ST/STM32_USB_Device_Library/Class/AUDIO/Src/usbd_audio.c ****           }
 517:Middlewares/ST/STM32_USB_Device_Library/Class/AUDIO/Src/usbd_audio.c ****           break;
 518:Middlewares/ST/STM32_USB_Device_Library/Class/AUDIO/Src/usbd_audio.c **** 
 519:Middlewares/ST/STM32_USB_Device_Library/Class/AUDIO/Src/usbd_audio.c ****         case USB_REQ_GET_INTERFACE:
 520:Middlewares/ST/STM32_USB_Device_Library/Class/AUDIO/Src/usbd_audio.c ****           if (pdev->dev_state == USBD_STATE_CONFIGURED)
 521:Middlewares/ST/STM32_USB_Device_Library/Class/AUDIO/Src/usbd_audio.c ****           {
 522:Middlewares/ST/STM32_USB_Device_Library/Class/AUDIO/Src/usbd_audio.c ****             (void)USBD_CtlSendData(pdev, (uint8_t *)&haudio->alt_setting, 1U);
 523:Middlewares/ST/STM32_USB_Device_Library/Class/AUDIO/Src/usbd_audio.c ****           }
 524:Middlewares/ST/STM32_USB_Device_Library/Class/AUDIO/Src/usbd_audio.c ****           else
 525:Middlewares/ST/STM32_USB_Device_Library/Class/AUDIO/Src/usbd_audio.c ****           {
 526:Middlewares/ST/STM32_USB_Device_Library/Class/AUDIO/Src/usbd_audio.c ****             USBD_CtlError(pdev, req);
 527:Middlewares/ST/STM32_USB_Device_Library/Class/AUDIO/Src/usbd_audio.c ****             ret = USBD_FAIL;
 528:Middlewares/ST/STM32_USB_Device_Library/Class/AUDIO/Src/usbd_audio.c ****           }
 529:Middlewares/ST/STM32_USB_Device_Library/Class/AUDIO/Src/usbd_audio.c ****           break;
 530:Middlewares/ST/STM32_USB_Device_Library/Class/AUDIO/Src/usbd_audio.c **** 
 531:Middlewares/ST/STM32_USB_Device_Library/Class/AUDIO/Src/usbd_audio.c ****         case USB_REQ_SET_INTERFACE:
 532:Middlewares/ST/STM32_USB_Device_Library/Class/AUDIO/Src/usbd_audio.c ****           if (pdev->dev_state == USBD_STATE_CONFIGURED)
 533:Middlewares/ST/STM32_USB_Device_Library/Class/AUDIO/Src/usbd_audio.c ****           {
 534:Middlewares/ST/STM32_USB_Device_Library/Class/AUDIO/Src/usbd_audio.c ****             if ((uint8_t)(req->wValue) <= USBD_MAX_NUM_INTERFACES)
 535:Middlewares/ST/STM32_USB_Device_Library/Class/AUDIO/Src/usbd_audio.c ****             {
 536:Middlewares/ST/STM32_USB_Device_Library/Class/AUDIO/Src/usbd_audio.c ****               haudio->alt_setting = (uint8_t)(req->wValue);
 537:Middlewares/ST/STM32_USB_Device_Library/Class/AUDIO/Src/usbd_audio.c ****             }
 538:Middlewares/ST/STM32_USB_Device_Library/Class/AUDIO/Src/usbd_audio.c ****             else
 539:Middlewares/ST/STM32_USB_Device_Library/Class/AUDIO/Src/usbd_audio.c ****             {
 540:Middlewares/ST/STM32_USB_Device_Library/Class/AUDIO/Src/usbd_audio.c ****               /* Call the error management function (command will be NAKed */
 541:Middlewares/ST/STM32_USB_Device_Library/Class/AUDIO/Src/usbd_audio.c ****               USBD_CtlError(pdev, req);
 542:Middlewares/ST/STM32_USB_Device_Library/Class/AUDIO/Src/usbd_audio.c ****               ret = USBD_FAIL;
 543:Middlewares/ST/STM32_USB_Device_Library/Class/AUDIO/Src/usbd_audio.c ****             }
 544:Middlewares/ST/STM32_USB_Device_Library/Class/AUDIO/Src/usbd_audio.c ****           }
 545:Middlewares/ST/STM32_USB_Device_Library/Class/AUDIO/Src/usbd_audio.c ****           else
ARM GAS  /tmp/ccwEZmEF.s 			page 11


 546:Middlewares/ST/STM32_USB_Device_Library/Class/AUDIO/Src/usbd_audio.c ****           {
 547:Middlewares/ST/STM32_USB_Device_Library/Class/AUDIO/Src/usbd_audio.c ****             USBD_CtlError(pdev, req);
 548:Middlewares/ST/STM32_USB_Device_Library/Class/AUDIO/Src/usbd_audio.c ****             ret = USBD_FAIL;
 549:Middlewares/ST/STM32_USB_Device_Library/Class/AUDIO/Src/usbd_audio.c ****           }
 550:Middlewares/ST/STM32_USB_Device_Library/Class/AUDIO/Src/usbd_audio.c ****           break;
 551:Middlewares/ST/STM32_USB_Device_Library/Class/AUDIO/Src/usbd_audio.c **** 
 552:Middlewares/ST/STM32_USB_Device_Library/Class/AUDIO/Src/usbd_audio.c ****         case USB_REQ_CLEAR_FEATURE:
 553:Middlewares/ST/STM32_USB_Device_Library/Class/AUDIO/Src/usbd_audio.c ****           break;
 554:Middlewares/ST/STM32_USB_Device_Library/Class/AUDIO/Src/usbd_audio.c **** 
 555:Middlewares/ST/STM32_USB_Device_Library/Class/AUDIO/Src/usbd_audio.c ****         default:
 556:Middlewares/ST/STM32_USB_Device_Library/Class/AUDIO/Src/usbd_audio.c ****           USBD_CtlError(pdev, req);
 557:Middlewares/ST/STM32_USB_Device_Library/Class/AUDIO/Src/usbd_audio.c ****           ret = USBD_FAIL;
 558:Middlewares/ST/STM32_USB_Device_Library/Class/AUDIO/Src/usbd_audio.c ****           break;
 559:Middlewares/ST/STM32_USB_Device_Library/Class/AUDIO/Src/usbd_audio.c ****       }
 560:Middlewares/ST/STM32_USB_Device_Library/Class/AUDIO/Src/usbd_audio.c ****       break;
 561:Middlewares/ST/STM32_USB_Device_Library/Class/AUDIO/Src/usbd_audio.c ****     default:
 562:Middlewares/ST/STM32_USB_Device_Library/Class/AUDIO/Src/usbd_audio.c ****       USBD_CtlError(pdev, req);
 563:Middlewares/ST/STM32_USB_Device_Library/Class/AUDIO/Src/usbd_audio.c ****       ret = USBD_FAIL;
 564:Middlewares/ST/STM32_USB_Device_Library/Class/AUDIO/Src/usbd_audio.c ****       break;
 565:Middlewares/ST/STM32_USB_Device_Library/Class/AUDIO/Src/usbd_audio.c ****   }
 566:Middlewares/ST/STM32_USB_Device_Library/Class/AUDIO/Src/usbd_audio.c **** 
 567:Middlewares/ST/STM32_USB_Device_Library/Class/AUDIO/Src/usbd_audio.c ****   return (uint8_t)ret;
 568:Middlewares/ST/STM32_USB_Device_Library/Class/AUDIO/Src/usbd_audio.c **** }
 569:Middlewares/ST/STM32_USB_Device_Library/Class/AUDIO/Src/usbd_audio.c **** 
 570:Middlewares/ST/STM32_USB_Device_Library/Class/AUDIO/Src/usbd_audio.c **** #ifndef USE_USBD_COMPOSITE
 571:Middlewares/ST/STM32_USB_Device_Library/Class/AUDIO/Src/usbd_audio.c **** /**
 572:Middlewares/ST/STM32_USB_Device_Library/Class/AUDIO/Src/usbd_audio.c ****   * @brief  USBD_AUDIO_GetCfgDesc
 573:Middlewares/ST/STM32_USB_Device_Library/Class/AUDIO/Src/usbd_audio.c ****   *         return configuration descriptor
 574:Middlewares/ST/STM32_USB_Device_Library/Class/AUDIO/Src/usbd_audio.c ****   * @param  length : pointer data length
 575:Middlewares/ST/STM32_USB_Device_Library/Class/AUDIO/Src/usbd_audio.c ****   * @retval pointer to descriptor buffer
 576:Middlewares/ST/STM32_USB_Device_Library/Class/AUDIO/Src/usbd_audio.c ****   */
 577:Middlewares/ST/STM32_USB_Device_Library/Class/AUDIO/Src/usbd_audio.c **** static uint8_t *USBD_AUDIO_GetCfgDesc(uint16_t *length)
 578:Middlewares/ST/STM32_USB_Device_Library/Class/AUDIO/Src/usbd_audio.c **** {
  27              		.loc 1 578 1 view -0
  28              		.cfi_startproc
  29              		@ args = 0, pretend = 0, frame = 0
  30              		@ frame_needed = 0, uses_anonymous_args = 0
  31              		@ link register save eliminated.
 579:Middlewares/ST/STM32_USB_Device_Library/Class/AUDIO/Src/usbd_audio.c ****   *length = (uint16_t)sizeof(USBD_AUDIO_CfgDesc);
  32              		.loc 1 579 3 view .LVU1
  33              		.loc 1 579 11 is_stmt 0 view .LVU2
  34 0000 6D23     		movs	r3, #109
  35 0002 0380     		strh	r3, [r0]	@ movhi
 580:Middlewares/ST/STM32_USB_Device_Library/Class/AUDIO/Src/usbd_audio.c **** 
 581:Middlewares/ST/STM32_USB_Device_Library/Class/AUDIO/Src/usbd_audio.c ****   return USBD_AUDIO_CfgDesc;
  36              		.loc 1 581 3 is_stmt 1 view .LVU3
 582:Middlewares/ST/STM32_USB_Device_Library/Class/AUDIO/Src/usbd_audio.c **** }
  37              		.loc 1 582 1 is_stmt 0 view .LVU4
  38 0004 0048     		ldr	r0, .L2
  39              	.LVL1:
  40              		.loc 1 582 1 view .LVU5
  41 0006 7047     		bx	lr
  42              	.L3:
  43              		.align	2
  44              	.L2:
  45 0008 00000000 		.word	USBD_AUDIO_CfgDesc
  46              		.cfi_endproc
ARM GAS  /tmp/ccwEZmEF.s 			page 12


  47              	.LFE69:
  49              		.section	.text.USBD_AUDIO_DataIn,"ax",%progbits
  50              		.align	1
  51              		.syntax unified
  52              		.thumb
  53              		.thumb_func
  55              	USBD_AUDIO_DataIn:
  56              	.LVL2:
  57              	.LFB70:
 583:Middlewares/ST/STM32_USB_Device_Library/Class/AUDIO/Src/usbd_audio.c **** #endif /* USE_USBD_COMPOSITE  */
 584:Middlewares/ST/STM32_USB_Device_Library/Class/AUDIO/Src/usbd_audio.c **** /**
 585:Middlewares/ST/STM32_USB_Device_Library/Class/AUDIO/Src/usbd_audio.c ****   * @brief  USBD_AUDIO_DataIn
 586:Middlewares/ST/STM32_USB_Device_Library/Class/AUDIO/Src/usbd_audio.c ****   *         handle data IN Stage
 587:Middlewares/ST/STM32_USB_Device_Library/Class/AUDIO/Src/usbd_audio.c ****   * @param  pdev: device instance
 588:Middlewares/ST/STM32_USB_Device_Library/Class/AUDIO/Src/usbd_audio.c ****   * @param  epnum: endpoint index
 589:Middlewares/ST/STM32_USB_Device_Library/Class/AUDIO/Src/usbd_audio.c ****   * @retval status
 590:Middlewares/ST/STM32_USB_Device_Library/Class/AUDIO/Src/usbd_audio.c ****   */
 591:Middlewares/ST/STM32_USB_Device_Library/Class/AUDIO/Src/usbd_audio.c **** static uint8_t USBD_AUDIO_DataIn(USBD_HandleTypeDef *pdev, uint8_t epnum)
 592:Middlewares/ST/STM32_USB_Device_Library/Class/AUDIO/Src/usbd_audio.c **** {
  58              		.loc 1 592 1 is_stmt 1 view -0
  59              		.cfi_startproc
  60              		@ args = 0, pretend = 0, frame = 0
  61              		@ frame_needed = 0, uses_anonymous_args = 0
  62              		@ link register save eliminated.
 593:Middlewares/ST/STM32_USB_Device_Library/Class/AUDIO/Src/usbd_audio.c ****   UNUSED(pdev);
  63              		.loc 1 593 3 view .LVU7
 594:Middlewares/ST/STM32_USB_Device_Library/Class/AUDIO/Src/usbd_audio.c ****   UNUSED(epnum);
  64              		.loc 1 594 3 view .LVU8
 595:Middlewares/ST/STM32_USB_Device_Library/Class/AUDIO/Src/usbd_audio.c **** 
 596:Middlewares/ST/STM32_USB_Device_Library/Class/AUDIO/Src/usbd_audio.c ****   /* Only OUT data are processed */
 597:Middlewares/ST/STM32_USB_Device_Library/Class/AUDIO/Src/usbd_audio.c ****   return (uint8_t)USBD_OK;
  65              		.loc 1 597 3 view .LVU9
 598:Middlewares/ST/STM32_USB_Device_Library/Class/AUDIO/Src/usbd_audio.c **** }
  66              		.loc 1 598 1 is_stmt 0 view .LVU10
  67 0000 0020     		movs	r0, #0
  68              	.LVL3:
  69              		.loc 1 598 1 view .LVU11
  70 0002 7047     		bx	lr
  71              		.cfi_endproc
  72              	.LFE70:
  74              		.section	.text.USBD_AUDIO_EP0_RxReady,"ax",%progbits
  75              		.align	1
  76              		.syntax unified
  77              		.thumb
  78              		.thumb_func
  80              	USBD_AUDIO_EP0_RxReady:
  81              	.LVL4:
  82              	.LFB71:
 599:Middlewares/ST/STM32_USB_Device_Library/Class/AUDIO/Src/usbd_audio.c **** 
 600:Middlewares/ST/STM32_USB_Device_Library/Class/AUDIO/Src/usbd_audio.c **** /**
 601:Middlewares/ST/STM32_USB_Device_Library/Class/AUDIO/Src/usbd_audio.c ****   * @brief  USBD_AUDIO_EP0_RxReady
 602:Middlewares/ST/STM32_USB_Device_Library/Class/AUDIO/Src/usbd_audio.c ****   *         handle EP0 Rx Ready event
 603:Middlewares/ST/STM32_USB_Device_Library/Class/AUDIO/Src/usbd_audio.c ****   * @param  pdev: device instance
 604:Middlewares/ST/STM32_USB_Device_Library/Class/AUDIO/Src/usbd_audio.c ****   * @retval status
 605:Middlewares/ST/STM32_USB_Device_Library/Class/AUDIO/Src/usbd_audio.c ****   */
 606:Middlewares/ST/STM32_USB_Device_Library/Class/AUDIO/Src/usbd_audio.c **** static uint8_t USBD_AUDIO_EP0_RxReady(USBD_HandleTypeDef *pdev)
 607:Middlewares/ST/STM32_USB_Device_Library/Class/AUDIO/Src/usbd_audio.c **** {
ARM GAS  /tmp/ccwEZmEF.s 			page 13


  83              		.loc 1 607 1 is_stmt 1 view -0
  84              		.cfi_startproc
  85              		@ args = 0, pretend = 0, frame = 0
  86              		@ frame_needed = 0, uses_anonymous_args = 0
  87              		.loc 1 607 1 is_stmt 0 view .LVU13
  88 0000 10B5     		push	{r4, lr}
  89              	.LCFI0:
  90              		.cfi_def_cfa_offset 8
  91              		.cfi_offset 4, -8
  92              		.cfi_offset 14, -4
 608:Middlewares/ST/STM32_USB_Device_Library/Class/AUDIO/Src/usbd_audio.c ****   USBD_AUDIO_HandleTypeDef *haudio;
  93              		.loc 1 608 3 is_stmt 1 view .LVU14
 609:Middlewares/ST/STM32_USB_Device_Library/Class/AUDIO/Src/usbd_audio.c ****   haudio = (USBD_AUDIO_HandleTypeDef *)pdev->pClassDataCmsit[pdev->classId];
  94              		.loc 1 609 3 view .LVU15
  95              		.loc 1 609 66 is_stmt 0 view .LVU16
  96 0002 D0F8D432 		ldr	r3, [r0, #724]
  97              		.loc 1 609 10 view .LVU17
  98 0006 03F1B002 		add	r2, r3, #176
  99 000a 50F82240 		ldr	r4, [r0, r2, lsl #2]
 100              	.LVL5:
 610:Middlewares/ST/STM32_USB_Device_Library/Class/AUDIO/Src/usbd_audio.c **** 
 611:Middlewares/ST/STM32_USB_Device_Library/Class/AUDIO/Src/usbd_audio.c ****   if (haudio == NULL)
 101              		.loc 1 611 3 is_stmt 1 view .LVU18
 102              		.loc 1 611 6 is_stmt 0 view .LVU19
 103 000e CCB1     		cbz	r4, .L7
 612:Middlewares/ST/STM32_USB_Device_Library/Class/AUDIO/Src/usbd_audio.c ****   {
 613:Middlewares/ST/STM32_USB_Device_Library/Class/AUDIO/Src/usbd_audio.c ****     return (uint8_t)USBD_FAIL;
 614:Middlewares/ST/STM32_USB_Device_Library/Class/AUDIO/Src/usbd_audio.c ****   }
 615:Middlewares/ST/STM32_USB_Device_Library/Class/AUDIO/Src/usbd_audio.c **** 
 616:Middlewares/ST/STM32_USB_Device_Library/Class/AUDIO/Src/usbd_audio.c ****   if (haudio->control.cmd == AUDIO_REQ_SET_CUR)
 104              		.loc 1 616 3 is_stmt 1 view .LVU20
 105              		.loc 1 616 22 is_stmt 0 view .LVU21
 106 0010 94F80A2A 		ldrb	r2, [r4, #2570]	@ zero_extendqisi2
 107              		.loc 1 616 6 view .LVU22
 108 0014 012A     		cmp	r2, #1
 109 0016 01D0     		beq	.L11
 617:Middlewares/ST/STM32_USB_Device_Library/Class/AUDIO/Src/usbd_audio.c ****   {
 618:Middlewares/ST/STM32_USB_Device_Library/Class/AUDIO/Src/usbd_audio.c ****     /* In this driver, to simplify code, only SET_CUR request is managed */
 619:Middlewares/ST/STM32_USB_Device_Library/Class/AUDIO/Src/usbd_audio.c **** 
 620:Middlewares/ST/STM32_USB_Device_Library/Class/AUDIO/Src/usbd_audio.c ****     if (haudio->control.unit == AUDIO_OUT_STREAMING_CTRL)
 621:Middlewares/ST/STM32_USB_Device_Library/Class/AUDIO/Src/usbd_audio.c ****     {
 622:Middlewares/ST/STM32_USB_Device_Library/Class/AUDIO/Src/usbd_audio.c ****       ((USBD_AUDIO_ItfTypeDef *)pdev->pUserData[pdev->classId])->MuteCtl(haudio->control.data[0]);
 623:Middlewares/ST/STM32_USB_Device_Library/Class/AUDIO/Src/usbd_audio.c ****       haudio->control.cmd = 0U;
 624:Middlewares/ST/STM32_USB_Device_Library/Class/AUDIO/Src/usbd_audio.c ****       haudio->control.len = 0U;
 625:Middlewares/ST/STM32_USB_Device_Library/Class/AUDIO/Src/usbd_audio.c ****     }
 626:Middlewares/ST/STM32_USB_Device_Library/Class/AUDIO/Src/usbd_audio.c ****   }
 627:Middlewares/ST/STM32_USB_Device_Library/Class/AUDIO/Src/usbd_audio.c **** 
 628:Middlewares/ST/STM32_USB_Device_Library/Class/AUDIO/Src/usbd_audio.c ****   return (uint8_t)USBD_OK;
 110              		.loc 1 628 10 view .LVU23
 111 0018 0020     		movs	r0, #0
 112              	.LVL6:
 113              	.L6:
 629:Middlewares/ST/STM32_USB_Device_Library/Class/AUDIO/Src/usbd_audio.c **** }
 114              		.loc 1 629 1 view .LVU24
 115 001a 10BD     		pop	{r4, pc}
 116              	.LVL7:
 117              	.L11:
ARM GAS  /tmp/ccwEZmEF.s 			page 14


 620:Middlewares/ST/STM32_USB_Device_Library/Class/AUDIO/Src/usbd_audio.c ****     {
 118              		.loc 1 620 5 is_stmt 1 view .LVU25
 620:Middlewares/ST/STM32_USB_Device_Library/Class/AUDIO/Src/usbd_audio.c ****     {
 119              		.loc 1 620 24 is_stmt 0 view .LVU26
 120 001c 94F84C2A 		ldrb	r2, [r4, #2636]	@ zero_extendqisi2
 620:Middlewares/ST/STM32_USB_Device_Library/Class/AUDIO/Src/usbd_audio.c ****     {
 121              		.loc 1 620 8 view .LVU27
 122 0020 022A     		cmp	r2, #2
 123 0022 01D0     		beq	.L12
 628:Middlewares/ST/STM32_USB_Device_Library/Class/AUDIO/Src/usbd_audio.c **** }
 124              		.loc 1 628 10 view .LVU28
 125 0024 0020     		movs	r0, #0
 126              	.LVL8:
 628:Middlewares/ST/STM32_USB_Device_Library/Class/AUDIO/Src/usbd_audio.c **** }
 127              		.loc 1 628 10 view .LVU29
 128 0026 F8E7     		b	.L6
 129              	.LVL9:
 130              	.L12:
 622:Middlewares/ST/STM32_USB_Device_Library/Class/AUDIO/Src/usbd_audio.c ****       haudio->control.cmd = 0U;
 131              		.loc 1 622 7 is_stmt 1 view .LVU30
 622:Middlewares/ST/STM32_USB_Device_Library/Class/AUDIO/Src/usbd_audio.c ****       haudio->control.cmd = 0U;
 132              		.loc 1 622 48 is_stmt 0 view .LVU31
 133 0028 B033     		adds	r3, r3, #176
 134 002a 00EB8300 		add	r0, r0, r3, lsl #2
 135              	.LVL10:
 622:Middlewares/ST/STM32_USB_Device_Library/Class/AUDIO/Src/usbd_audio.c ****       haudio->control.cmd = 0U;
 136              		.loc 1 622 48 view .LVU32
 137 002e 4368     		ldr	r3, [r0, #4]
 622:Middlewares/ST/STM32_USB_Device_Library/Class/AUDIO/Src/usbd_audio.c ****       haudio->control.cmd = 0U;
 138              		.loc 1 622 64 view .LVU33
 139 0030 1B69     		ldr	r3, [r3, #16]
 622:Middlewares/ST/STM32_USB_Device_Library/Class/AUDIO/Src/usbd_audio.c ****       haudio->control.cmd = 0U;
 140              		.loc 1 622 8 view .LVU34
 141 0032 94F80B0A 		ldrb	r0, [r4, #2571]	@ zero_extendqisi2
 142 0036 9847     		blx	r3
 143              	.LVL11:
 623:Middlewares/ST/STM32_USB_Device_Library/Class/AUDIO/Src/usbd_audio.c ****       haudio->control.len = 0U;
 144              		.loc 1 623 7 is_stmt 1 view .LVU35
 623:Middlewares/ST/STM32_USB_Device_Library/Class/AUDIO/Src/usbd_audio.c ****       haudio->control.len = 0U;
 145              		.loc 1 623 27 is_stmt 0 view .LVU36
 146 0038 0020     		movs	r0, #0
 147 003a 84F80A0A 		strb	r0, [r4, #2570]
 624:Middlewares/ST/STM32_USB_Device_Library/Class/AUDIO/Src/usbd_audio.c ****     }
 148              		.loc 1 624 7 is_stmt 1 view .LVU37
 624:Middlewares/ST/STM32_USB_Device_Library/Class/AUDIO/Src/usbd_audio.c ****     }
 149              		.loc 1 624 27 is_stmt 0 view .LVU38
 150 003e 84F84B0A 		strb	r0, [r4, #2635]
 151 0042 EAE7     		b	.L6
 152              	.LVL12:
 153              	.L7:
 613:Middlewares/ST/STM32_USB_Device_Library/Class/AUDIO/Src/usbd_audio.c ****   }
 154              		.loc 1 613 12 view .LVU39
 155 0044 0320     		movs	r0, #3
 156              	.LVL13:
 613:Middlewares/ST/STM32_USB_Device_Library/Class/AUDIO/Src/usbd_audio.c ****   }
 157              		.loc 1 613 12 view .LVU40
 158 0046 E8E7     		b	.L6
ARM GAS  /tmp/ccwEZmEF.s 			page 15


 159              		.cfi_endproc
 160              	.LFE71:
 162              		.section	.text.USBD_AUDIO_EP0_TxReady,"ax",%progbits
 163              		.align	1
 164              		.syntax unified
 165              		.thumb
 166              		.thumb_func
 168              	USBD_AUDIO_EP0_TxReady:
 169              	.LVL14:
 170              	.LFB72:
 630:Middlewares/ST/STM32_USB_Device_Library/Class/AUDIO/Src/usbd_audio.c **** /**
 631:Middlewares/ST/STM32_USB_Device_Library/Class/AUDIO/Src/usbd_audio.c ****   * @brief  USBD_AUDIO_EP0_TxReady
 632:Middlewares/ST/STM32_USB_Device_Library/Class/AUDIO/Src/usbd_audio.c ****   *         handle EP0 TRx Ready event
 633:Middlewares/ST/STM32_USB_Device_Library/Class/AUDIO/Src/usbd_audio.c ****   * @param  pdev: device instance
 634:Middlewares/ST/STM32_USB_Device_Library/Class/AUDIO/Src/usbd_audio.c ****   * @retval status
 635:Middlewares/ST/STM32_USB_Device_Library/Class/AUDIO/Src/usbd_audio.c ****   */
 636:Middlewares/ST/STM32_USB_Device_Library/Class/AUDIO/Src/usbd_audio.c **** static uint8_t USBD_AUDIO_EP0_TxReady(USBD_HandleTypeDef *pdev)
 637:Middlewares/ST/STM32_USB_Device_Library/Class/AUDIO/Src/usbd_audio.c **** {
 171              		.loc 1 637 1 is_stmt 1 view -0
 172              		.cfi_startproc
 173              		@ args = 0, pretend = 0, frame = 0
 174              		@ frame_needed = 0, uses_anonymous_args = 0
 175              		@ link register save eliminated.
 638:Middlewares/ST/STM32_USB_Device_Library/Class/AUDIO/Src/usbd_audio.c ****   UNUSED(pdev);
 176              		.loc 1 638 3 view .LVU42
 639:Middlewares/ST/STM32_USB_Device_Library/Class/AUDIO/Src/usbd_audio.c **** 
 640:Middlewares/ST/STM32_USB_Device_Library/Class/AUDIO/Src/usbd_audio.c ****   /* Only OUT control data are processed */
 641:Middlewares/ST/STM32_USB_Device_Library/Class/AUDIO/Src/usbd_audio.c ****   return (uint8_t)USBD_OK;
 177              		.loc 1 641 3 view .LVU43
 642:Middlewares/ST/STM32_USB_Device_Library/Class/AUDIO/Src/usbd_audio.c **** }
 178              		.loc 1 642 1 is_stmt 0 view .LVU44
 179 0000 0020     		movs	r0, #0
 180              	.LVL15:
 181              		.loc 1 642 1 view .LVU45
 182 0002 7047     		bx	lr
 183              		.cfi_endproc
 184              	.LFE72:
 186              		.section	.text.USBD_AUDIO_SOF,"ax",%progbits
 187              		.align	1
 188              		.syntax unified
 189              		.thumb
 190              		.thumb_func
 192              	USBD_AUDIO_SOF:
 193              	.LVL16:
 194              	.LFB73:
 643:Middlewares/ST/STM32_USB_Device_Library/Class/AUDIO/Src/usbd_audio.c **** /**
 644:Middlewares/ST/STM32_USB_Device_Library/Class/AUDIO/Src/usbd_audio.c ****   * @brief  USBD_AUDIO_SOF
 645:Middlewares/ST/STM32_USB_Device_Library/Class/AUDIO/Src/usbd_audio.c ****   *         handle SOF event
 646:Middlewares/ST/STM32_USB_Device_Library/Class/AUDIO/Src/usbd_audio.c ****   * @param  pdev: device instance
 647:Middlewares/ST/STM32_USB_Device_Library/Class/AUDIO/Src/usbd_audio.c ****   * @retval status
 648:Middlewares/ST/STM32_USB_Device_Library/Class/AUDIO/Src/usbd_audio.c ****   */
 649:Middlewares/ST/STM32_USB_Device_Library/Class/AUDIO/Src/usbd_audio.c **** static uint8_t USBD_AUDIO_SOF(USBD_HandleTypeDef *pdev)
 650:Middlewares/ST/STM32_USB_Device_Library/Class/AUDIO/Src/usbd_audio.c **** {
 195              		.loc 1 650 1 is_stmt 1 view -0
 196              		.cfi_startproc
 197              		@ args = 0, pretend = 0, frame = 0
 198              		@ frame_needed = 0, uses_anonymous_args = 0
ARM GAS  /tmp/ccwEZmEF.s 			page 16


 199              		@ link register save eliminated.
 651:Middlewares/ST/STM32_USB_Device_Library/Class/AUDIO/Src/usbd_audio.c ****   UNUSED(pdev);
 200              		.loc 1 651 3 view .LVU47
 652:Middlewares/ST/STM32_USB_Device_Library/Class/AUDIO/Src/usbd_audio.c **** 
 653:Middlewares/ST/STM32_USB_Device_Library/Class/AUDIO/Src/usbd_audio.c ****   return (uint8_t)USBD_OK;
 201              		.loc 1 653 3 view .LVU48
 654:Middlewares/ST/STM32_USB_Device_Library/Class/AUDIO/Src/usbd_audio.c **** }
 202              		.loc 1 654 1 is_stmt 0 view .LVU49
 203 0000 0020     		movs	r0, #0
 204              	.LVL17:
 205              		.loc 1 654 1 view .LVU50
 206 0002 7047     		bx	lr
 207              		.cfi_endproc
 208              	.LFE73:
 210              		.section	.text.USBD_AUDIO_IsoINIncomplete,"ax",%progbits
 211              		.align	1
 212              		.syntax unified
 213              		.thumb
 214              		.thumb_func
 216              	USBD_AUDIO_IsoINIncomplete:
 217              	.LVL18:
 218              	.LFB75:
 655:Middlewares/ST/STM32_USB_Device_Library/Class/AUDIO/Src/usbd_audio.c **** 
 656:Middlewares/ST/STM32_USB_Device_Library/Class/AUDIO/Src/usbd_audio.c **** /**
 657:Middlewares/ST/STM32_USB_Device_Library/Class/AUDIO/Src/usbd_audio.c ****   * @brief  USBD_AUDIO_SOF
 658:Middlewares/ST/STM32_USB_Device_Library/Class/AUDIO/Src/usbd_audio.c ****   *         handle SOF event
 659:Middlewares/ST/STM32_USB_Device_Library/Class/AUDIO/Src/usbd_audio.c ****   * @param  pdev: device instance
 660:Middlewares/ST/STM32_USB_Device_Library/Class/AUDIO/Src/usbd_audio.c ****   * @param  offset: audio offset
 661:Middlewares/ST/STM32_USB_Device_Library/Class/AUDIO/Src/usbd_audio.c ****   * @retval status
 662:Middlewares/ST/STM32_USB_Device_Library/Class/AUDIO/Src/usbd_audio.c ****   */
 663:Middlewares/ST/STM32_USB_Device_Library/Class/AUDIO/Src/usbd_audio.c **** void USBD_AUDIO_Sync(USBD_HandleTypeDef *pdev, AUDIO_OffsetTypeDef offset)
 664:Middlewares/ST/STM32_USB_Device_Library/Class/AUDIO/Src/usbd_audio.c **** {
 665:Middlewares/ST/STM32_USB_Device_Library/Class/AUDIO/Src/usbd_audio.c ****   USBD_AUDIO_HandleTypeDef *haudio;
 666:Middlewares/ST/STM32_USB_Device_Library/Class/AUDIO/Src/usbd_audio.c ****   uint32_t BufferSize = AUDIO_TOTAL_BUF_SIZE / 2U;
 667:Middlewares/ST/STM32_USB_Device_Library/Class/AUDIO/Src/usbd_audio.c **** 
 668:Middlewares/ST/STM32_USB_Device_Library/Class/AUDIO/Src/usbd_audio.c ****   if (pdev->pClassDataCmsit[pdev->classId] == NULL)
 669:Middlewares/ST/STM32_USB_Device_Library/Class/AUDIO/Src/usbd_audio.c ****   {
 670:Middlewares/ST/STM32_USB_Device_Library/Class/AUDIO/Src/usbd_audio.c ****     return;
 671:Middlewares/ST/STM32_USB_Device_Library/Class/AUDIO/Src/usbd_audio.c ****   }
 672:Middlewares/ST/STM32_USB_Device_Library/Class/AUDIO/Src/usbd_audio.c **** 
 673:Middlewares/ST/STM32_USB_Device_Library/Class/AUDIO/Src/usbd_audio.c ****   haudio = (USBD_AUDIO_HandleTypeDef *)pdev->pClassDataCmsit[pdev->classId];
 674:Middlewares/ST/STM32_USB_Device_Library/Class/AUDIO/Src/usbd_audio.c **** 
 675:Middlewares/ST/STM32_USB_Device_Library/Class/AUDIO/Src/usbd_audio.c ****   haudio->offset = offset;
 676:Middlewares/ST/STM32_USB_Device_Library/Class/AUDIO/Src/usbd_audio.c **** 
 677:Middlewares/ST/STM32_USB_Device_Library/Class/AUDIO/Src/usbd_audio.c ****   if (haudio->rd_enable == 1U)
 678:Middlewares/ST/STM32_USB_Device_Library/Class/AUDIO/Src/usbd_audio.c ****   {
 679:Middlewares/ST/STM32_USB_Device_Library/Class/AUDIO/Src/usbd_audio.c ****     haudio->rd_ptr += (uint16_t)BufferSize;
 680:Middlewares/ST/STM32_USB_Device_Library/Class/AUDIO/Src/usbd_audio.c **** 
 681:Middlewares/ST/STM32_USB_Device_Library/Class/AUDIO/Src/usbd_audio.c ****     if (haudio->rd_ptr == AUDIO_TOTAL_BUF_SIZE)
 682:Middlewares/ST/STM32_USB_Device_Library/Class/AUDIO/Src/usbd_audio.c ****     {
 683:Middlewares/ST/STM32_USB_Device_Library/Class/AUDIO/Src/usbd_audio.c ****       /* roll back */
 684:Middlewares/ST/STM32_USB_Device_Library/Class/AUDIO/Src/usbd_audio.c ****       haudio->rd_ptr = 0U;
 685:Middlewares/ST/STM32_USB_Device_Library/Class/AUDIO/Src/usbd_audio.c ****     }
 686:Middlewares/ST/STM32_USB_Device_Library/Class/AUDIO/Src/usbd_audio.c ****   }
 687:Middlewares/ST/STM32_USB_Device_Library/Class/AUDIO/Src/usbd_audio.c **** 
 688:Middlewares/ST/STM32_USB_Device_Library/Class/AUDIO/Src/usbd_audio.c ****   if (haudio->rd_ptr > haudio->wr_ptr)
 689:Middlewares/ST/STM32_USB_Device_Library/Class/AUDIO/Src/usbd_audio.c ****   {
ARM GAS  /tmp/ccwEZmEF.s 			page 17


 690:Middlewares/ST/STM32_USB_Device_Library/Class/AUDIO/Src/usbd_audio.c ****     if ((haudio->rd_ptr - haudio->wr_ptr) < AUDIO_OUT_PACKET)
 691:Middlewares/ST/STM32_USB_Device_Library/Class/AUDIO/Src/usbd_audio.c ****     {
 692:Middlewares/ST/STM32_USB_Device_Library/Class/AUDIO/Src/usbd_audio.c ****       BufferSize += 4U;
 693:Middlewares/ST/STM32_USB_Device_Library/Class/AUDIO/Src/usbd_audio.c ****     }
 694:Middlewares/ST/STM32_USB_Device_Library/Class/AUDIO/Src/usbd_audio.c ****     else
 695:Middlewares/ST/STM32_USB_Device_Library/Class/AUDIO/Src/usbd_audio.c ****     {
 696:Middlewares/ST/STM32_USB_Device_Library/Class/AUDIO/Src/usbd_audio.c ****       if ((haudio->rd_ptr - haudio->wr_ptr) > (AUDIO_TOTAL_BUF_SIZE - AUDIO_OUT_PACKET))
 697:Middlewares/ST/STM32_USB_Device_Library/Class/AUDIO/Src/usbd_audio.c ****       {
 698:Middlewares/ST/STM32_USB_Device_Library/Class/AUDIO/Src/usbd_audio.c ****         BufferSize -= 4U;
 699:Middlewares/ST/STM32_USB_Device_Library/Class/AUDIO/Src/usbd_audio.c ****       }
 700:Middlewares/ST/STM32_USB_Device_Library/Class/AUDIO/Src/usbd_audio.c ****     }
 701:Middlewares/ST/STM32_USB_Device_Library/Class/AUDIO/Src/usbd_audio.c ****   }
 702:Middlewares/ST/STM32_USB_Device_Library/Class/AUDIO/Src/usbd_audio.c ****   else
 703:Middlewares/ST/STM32_USB_Device_Library/Class/AUDIO/Src/usbd_audio.c ****   {
 704:Middlewares/ST/STM32_USB_Device_Library/Class/AUDIO/Src/usbd_audio.c ****     if ((haudio->wr_ptr - haudio->rd_ptr) < AUDIO_OUT_PACKET)
 705:Middlewares/ST/STM32_USB_Device_Library/Class/AUDIO/Src/usbd_audio.c ****     {
 706:Middlewares/ST/STM32_USB_Device_Library/Class/AUDIO/Src/usbd_audio.c ****       BufferSize -= 4U;
 707:Middlewares/ST/STM32_USB_Device_Library/Class/AUDIO/Src/usbd_audio.c ****     }
 708:Middlewares/ST/STM32_USB_Device_Library/Class/AUDIO/Src/usbd_audio.c ****     else
 709:Middlewares/ST/STM32_USB_Device_Library/Class/AUDIO/Src/usbd_audio.c ****     {
 710:Middlewares/ST/STM32_USB_Device_Library/Class/AUDIO/Src/usbd_audio.c ****       if ((haudio->wr_ptr - haudio->rd_ptr) > (AUDIO_TOTAL_BUF_SIZE - AUDIO_OUT_PACKET))
 711:Middlewares/ST/STM32_USB_Device_Library/Class/AUDIO/Src/usbd_audio.c ****       {
 712:Middlewares/ST/STM32_USB_Device_Library/Class/AUDIO/Src/usbd_audio.c ****         BufferSize += 4U;
 713:Middlewares/ST/STM32_USB_Device_Library/Class/AUDIO/Src/usbd_audio.c ****       }
 714:Middlewares/ST/STM32_USB_Device_Library/Class/AUDIO/Src/usbd_audio.c ****     }
 715:Middlewares/ST/STM32_USB_Device_Library/Class/AUDIO/Src/usbd_audio.c ****   }
 716:Middlewares/ST/STM32_USB_Device_Library/Class/AUDIO/Src/usbd_audio.c **** 
 717:Middlewares/ST/STM32_USB_Device_Library/Class/AUDIO/Src/usbd_audio.c ****   if (haudio->offset == AUDIO_OFFSET_FULL)
 718:Middlewares/ST/STM32_USB_Device_Library/Class/AUDIO/Src/usbd_audio.c ****   {
 719:Middlewares/ST/STM32_USB_Device_Library/Class/AUDIO/Src/usbd_audio.c ****     ((USBD_AUDIO_ItfTypeDef *)pdev->pUserData[pdev->classId])->AudioCmd(&haudio->buffer[0],
 720:Middlewares/ST/STM32_USB_Device_Library/Class/AUDIO/Src/usbd_audio.c ****                                                                         BufferSize, AUDIO_CMD_PLAY)
 721:Middlewares/ST/STM32_USB_Device_Library/Class/AUDIO/Src/usbd_audio.c ****     haudio->offset = AUDIO_OFFSET_NONE;
 722:Middlewares/ST/STM32_USB_Device_Library/Class/AUDIO/Src/usbd_audio.c ****   }
 723:Middlewares/ST/STM32_USB_Device_Library/Class/AUDIO/Src/usbd_audio.c **** }
 724:Middlewares/ST/STM32_USB_Device_Library/Class/AUDIO/Src/usbd_audio.c **** 
 725:Middlewares/ST/STM32_USB_Device_Library/Class/AUDIO/Src/usbd_audio.c **** /**
 726:Middlewares/ST/STM32_USB_Device_Library/Class/AUDIO/Src/usbd_audio.c ****   * @brief  USBD_AUDIO_IsoINIncomplete
 727:Middlewares/ST/STM32_USB_Device_Library/Class/AUDIO/Src/usbd_audio.c ****   *         handle data ISO IN Incomplete event
 728:Middlewares/ST/STM32_USB_Device_Library/Class/AUDIO/Src/usbd_audio.c ****   * @param  pdev: device instance
 729:Middlewares/ST/STM32_USB_Device_Library/Class/AUDIO/Src/usbd_audio.c ****   * @param  epnum: endpoint index
 730:Middlewares/ST/STM32_USB_Device_Library/Class/AUDIO/Src/usbd_audio.c ****   * @retval status
 731:Middlewares/ST/STM32_USB_Device_Library/Class/AUDIO/Src/usbd_audio.c ****   */
 732:Middlewares/ST/STM32_USB_Device_Library/Class/AUDIO/Src/usbd_audio.c **** static uint8_t USBD_AUDIO_IsoINIncomplete(USBD_HandleTypeDef *pdev, uint8_t epnum)
 733:Middlewares/ST/STM32_USB_Device_Library/Class/AUDIO/Src/usbd_audio.c **** {
 219              		.loc 1 733 1 is_stmt 1 view -0
 220              		.cfi_startproc
 221              		@ args = 0, pretend = 0, frame = 0
 222              		@ frame_needed = 0, uses_anonymous_args = 0
 223              		@ link register save eliminated.
 734:Middlewares/ST/STM32_USB_Device_Library/Class/AUDIO/Src/usbd_audio.c ****   UNUSED(pdev);
 224              		.loc 1 734 3 view .LVU52
 735:Middlewares/ST/STM32_USB_Device_Library/Class/AUDIO/Src/usbd_audio.c ****   UNUSED(epnum);
 225              		.loc 1 735 3 view .LVU53
 736:Middlewares/ST/STM32_USB_Device_Library/Class/AUDIO/Src/usbd_audio.c **** 
 737:Middlewares/ST/STM32_USB_Device_Library/Class/AUDIO/Src/usbd_audio.c ****   return (uint8_t)USBD_OK;
 226              		.loc 1 737 3 view .LVU54
 738:Middlewares/ST/STM32_USB_Device_Library/Class/AUDIO/Src/usbd_audio.c **** }
ARM GAS  /tmp/ccwEZmEF.s 			page 18


 227              		.loc 1 738 1 is_stmt 0 view .LVU55
 228 0000 0020     		movs	r0, #0
 229              	.LVL19:
 230              		.loc 1 738 1 view .LVU56
 231 0002 7047     		bx	lr
 232              		.cfi_endproc
 233              	.LFE75:
 235              		.section	.text.USBD_AUDIO_GetDeviceQualifierDesc,"ax",%progbits
 236              		.align	1
 237              		.syntax unified
 238              		.thumb
 239              		.thumb_func
 241              	USBD_AUDIO_GetDeviceQualifierDesc:
 242              	.LVL20:
 243              	.LFB80:
 739:Middlewares/ST/STM32_USB_Device_Library/Class/AUDIO/Src/usbd_audio.c **** /**
 740:Middlewares/ST/STM32_USB_Device_Library/Class/AUDIO/Src/usbd_audio.c ****   * @brief  USBD_AUDIO_IsoOutIncomplete
 741:Middlewares/ST/STM32_USB_Device_Library/Class/AUDIO/Src/usbd_audio.c ****   *         handle data ISO OUT Incomplete event
 742:Middlewares/ST/STM32_USB_Device_Library/Class/AUDIO/Src/usbd_audio.c ****   * @param  pdev: device instance
 743:Middlewares/ST/STM32_USB_Device_Library/Class/AUDIO/Src/usbd_audio.c ****   * @param  epnum: endpoint index
 744:Middlewares/ST/STM32_USB_Device_Library/Class/AUDIO/Src/usbd_audio.c ****   * @retval status
 745:Middlewares/ST/STM32_USB_Device_Library/Class/AUDIO/Src/usbd_audio.c ****   */
 746:Middlewares/ST/STM32_USB_Device_Library/Class/AUDIO/Src/usbd_audio.c **** static uint8_t USBD_AUDIO_IsoOutIncomplete(USBD_HandleTypeDef *pdev, uint8_t epnum)
 747:Middlewares/ST/STM32_USB_Device_Library/Class/AUDIO/Src/usbd_audio.c **** {
 748:Middlewares/ST/STM32_USB_Device_Library/Class/AUDIO/Src/usbd_audio.c ****   USBD_AUDIO_HandleTypeDef *haudio;
 749:Middlewares/ST/STM32_USB_Device_Library/Class/AUDIO/Src/usbd_audio.c **** 
 750:Middlewares/ST/STM32_USB_Device_Library/Class/AUDIO/Src/usbd_audio.c ****   if (pdev->pClassDataCmsit[pdev->classId] == NULL)
 751:Middlewares/ST/STM32_USB_Device_Library/Class/AUDIO/Src/usbd_audio.c ****   {
 752:Middlewares/ST/STM32_USB_Device_Library/Class/AUDIO/Src/usbd_audio.c ****     return (uint8_t)USBD_FAIL;
 753:Middlewares/ST/STM32_USB_Device_Library/Class/AUDIO/Src/usbd_audio.c ****   }
 754:Middlewares/ST/STM32_USB_Device_Library/Class/AUDIO/Src/usbd_audio.c **** 
 755:Middlewares/ST/STM32_USB_Device_Library/Class/AUDIO/Src/usbd_audio.c ****   haudio = (USBD_AUDIO_HandleTypeDef *)pdev->pClassDataCmsit[pdev->classId];
 756:Middlewares/ST/STM32_USB_Device_Library/Class/AUDIO/Src/usbd_audio.c **** 
 757:Middlewares/ST/STM32_USB_Device_Library/Class/AUDIO/Src/usbd_audio.c ****   /* Prepare Out endpoint to receive next audio packet */
 758:Middlewares/ST/STM32_USB_Device_Library/Class/AUDIO/Src/usbd_audio.c ****   (void)USBD_LL_PrepareReceive(pdev, epnum,
 759:Middlewares/ST/STM32_USB_Device_Library/Class/AUDIO/Src/usbd_audio.c ****                                &haudio->buffer[haudio->wr_ptr],
 760:Middlewares/ST/STM32_USB_Device_Library/Class/AUDIO/Src/usbd_audio.c ****                                AUDIO_OUT_PACKET);
 761:Middlewares/ST/STM32_USB_Device_Library/Class/AUDIO/Src/usbd_audio.c **** 
 762:Middlewares/ST/STM32_USB_Device_Library/Class/AUDIO/Src/usbd_audio.c ****   return (uint8_t)USBD_OK;
 763:Middlewares/ST/STM32_USB_Device_Library/Class/AUDIO/Src/usbd_audio.c **** }
 764:Middlewares/ST/STM32_USB_Device_Library/Class/AUDIO/Src/usbd_audio.c **** /**
 765:Middlewares/ST/STM32_USB_Device_Library/Class/AUDIO/Src/usbd_audio.c ****   * @brief  USBD_AUDIO_DataOut
 766:Middlewares/ST/STM32_USB_Device_Library/Class/AUDIO/Src/usbd_audio.c ****   *         handle data OUT Stage
 767:Middlewares/ST/STM32_USB_Device_Library/Class/AUDIO/Src/usbd_audio.c ****   * @param  pdev: device instance
 768:Middlewares/ST/STM32_USB_Device_Library/Class/AUDIO/Src/usbd_audio.c ****   * @param  epnum: endpoint index
 769:Middlewares/ST/STM32_USB_Device_Library/Class/AUDIO/Src/usbd_audio.c ****   * @retval status
 770:Middlewares/ST/STM32_USB_Device_Library/Class/AUDIO/Src/usbd_audio.c ****   */
 771:Middlewares/ST/STM32_USB_Device_Library/Class/AUDIO/Src/usbd_audio.c **** static uint8_t USBD_AUDIO_DataOut(USBD_HandleTypeDef *pdev, uint8_t epnum)
 772:Middlewares/ST/STM32_USB_Device_Library/Class/AUDIO/Src/usbd_audio.c **** {
 773:Middlewares/ST/STM32_USB_Device_Library/Class/AUDIO/Src/usbd_audio.c ****   uint16_t PacketSize;
 774:Middlewares/ST/STM32_USB_Device_Library/Class/AUDIO/Src/usbd_audio.c ****   USBD_AUDIO_HandleTypeDef *haudio;
 775:Middlewares/ST/STM32_USB_Device_Library/Class/AUDIO/Src/usbd_audio.c **** 
 776:Middlewares/ST/STM32_USB_Device_Library/Class/AUDIO/Src/usbd_audio.c **** #ifdef USE_USBD_COMPOSITE
 777:Middlewares/ST/STM32_USB_Device_Library/Class/AUDIO/Src/usbd_audio.c ****   /* Get the Endpoints addresses allocated for this class instance */
 778:Middlewares/ST/STM32_USB_Device_Library/Class/AUDIO/Src/usbd_audio.c ****   AUDIOOutEpAdd = USBD_CoreGetEPAdd(pdev, USBD_EP_OUT, USBD_EP_TYPE_ISOC, (uint8_t)pdev->classId);
 779:Middlewares/ST/STM32_USB_Device_Library/Class/AUDIO/Src/usbd_audio.c **** #endif /* USE_USBD_COMPOSITE */
 780:Middlewares/ST/STM32_USB_Device_Library/Class/AUDIO/Src/usbd_audio.c **** 
ARM GAS  /tmp/ccwEZmEF.s 			page 19


 781:Middlewares/ST/STM32_USB_Device_Library/Class/AUDIO/Src/usbd_audio.c ****   haudio = (USBD_AUDIO_HandleTypeDef *)pdev->pClassDataCmsit[pdev->classId];
 782:Middlewares/ST/STM32_USB_Device_Library/Class/AUDIO/Src/usbd_audio.c **** 
 783:Middlewares/ST/STM32_USB_Device_Library/Class/AUDIO/Src/usbd_audio.c ****   if (haudio == NULL)
 784:Middlewares/ST/STM32_USB_Device_Library/Class/AUDIO/Src/usbd_audio.c ****   {
 785:Middlewares/ST/STM32_USB_Device_Library/Class/AUDIO/Src/usbd_audio.c ****     return (uint8_t)USBD_FAIL;
 786:Middlewares/ST/STM32_USB_Device_Library/Class/AUDIO/Src/usbd_audio.c ****   }
 787:Middlewares/ST/STM32_USB_Device_Library/Class/AUDIO/Src/usbd_audio.c **** 
 788:Middlewares/ST/STM32_USB_Device_Library/Class/AUDIO/Src/usbd_audio.c ****   if (epnum == AUDIOOutEpAdd)
 789:Middlewares/ST/STM32_USB_Device_Library/Class/AUDIO/Src/usbd_audio.c ****   {
 790:Middlewares/ST/STM32_USB_Device_Library/Class/AUDIO/Src/usbd_audio.c ****     /* Get received data packet length */
 791:Middlewares/ST/STM32_USB_Device_Library/Class/AUDIO/Src/usbd_audio.c ****     PacketSize = (uint16_t)USBD_LL_GetRxDataSize(pdev, epnum);
 792:Middlewares/ST/STM32_USB_Device_Library/Class/AUDIO/Src/usbd_audio.c **** 
 793:Middlewares/ST/STM32_USB_Device_Library/Class/AUDIO/Src/usbd_audio.c ****     /* Packet received Callback */
 794:Middlewares/ST/STM32_USB_Device_Library/Class/AUDIO/Src/usbd_audio.c ****     ((USBD_AUDIO_ItfTypeDef *)pdev->pUserData[pdev->classId])->PeriodicTC(&haudio->buffer[haudio->w
 795:Middlewares/ST/STM32_USB_Device_Library/Class/AUDIO/Src/usbd_audio.c ****                                                                           PacketSize, AUDIO_OUT_TC)
 796:Middlewares/ST/STM32_USB_Device_Library/Class/AUDIO/Src/usbd_audio.c **** 
 797:Middlewares/ST/STM32_USB_Device_Library/Class/AUDIO/Src/usbd_audio.c ****     /* Increment the Buffer pointer or roll it back when all buffers are full */
 798:Middlewares/ST/STM32_USB_Device_Library/Class/AUDIO/Src/usbd_audio.c ****     haudio->wr_ptr += PacketSize;
 799:Middlewares/ST/STM32_USB_Device_Library/Class/AUDIO/Src/usbd_audio.c **** 
 800:Middlewares/ST/STM32_USB_Device_Library/Class/AUDIO/Src/usbd_audio.c ****     if (haudio->wr_ptr >= AUDIO_TOTAL_BUF_SIZE)
 801:Middlewares/ST/STM32_USB_Device_Library/Class/AUDIO/Src/usbd_audio.c ****     {
 802:Middlewares/ST/STM32_USB_Device_Library/Class/AUDIO/Src/usbd_audio.c ****       /* All buffers are full: roll back */
 803:Middlewares/ST/STM32_USB_Device_Library/Class/AUDIO/Src/usbd_audio.c ****       haudio->wr_ptr = 0U;
 804:Middlewares/ST/STM32_USB_Device_Library/Class/AUDIO/Src/usbd_audio.c **** 
 805:Middlewares/ST/STM32_USB_Device_Library/Class/AUDIO/Src/usbd_audio.c ****       if (haudio->offset == AUDIO_OFFSET_UNKNOWN)
 806:Middlewares/ST/STM32_USB_Device_Library/Class/AUDIO/Src/usbd_audio.c ****       {
 807:Middlewares/ST/STM32_USB_Device_Library/Class/AUDIO/Src/usbd_audio.c ****         ((USBD_AUDIO_ItfTypeDef *)pdev->pUserData[pdev->classId])->AudioCmd(&haudio->buffer[0],
 808:Middlewares/ST/STM32_USB_Device_Library/Class/AUDIO/Src/usbd_audio.c ****                                                                             AUDIO_TOTAL_BUF_SIZE / 
 809:Middlewares/ST/STM32_USB_Device_Library/Class/AUDIO/Src/usbd_audio.c ****                                                                             AUDIO_CMD_START);
 810:Middlewares/ST/STM32_USB_Device_Library/Class/AUDIO/Src/usbd_audio.c ****         haudio->offset = AUDIO_OFFSET_NONE;
 811:Middlewares/ST/STM32_USB_Device_Library/Class/AUDIO/Src/usbd_audio.c ****       }
 812:Middlewares/ST/STM32_USB_Device_Library/Class/AUDIO/Src/usbd_audio.c ****     }
 813:Middlewares/ST/STM32_USB_Device_Library/Class/AUDIO/Src/usbd_audio.c **** 
 814:Middlewares/ST/STM32_USB_Device_Library/Class/AUDIO/Src/usbd_audio.c ****     if (haudio->rd_enable == 0U)
 815:Middlewares/ST/STM32_USB_Device_Library/Class/AUDIO/Src/usbd_audio.c ****     {
 816:Middlewares/ST/STM32_USB_Device_Library/Class/AUDIO/Src/usbd_audio.c ****       if (haudio->wr_ptr == (AUDIO_TOTAL_BUF_SIZE / 2U))
 817:Middlewares/ST/STM32_USB_Device_Library/Class/AUDIO/Src/usbd_audio.c ****       {
 818:Middlewares/ST/STM32_USB_Device_Library/Class/AUDIO/Src/usbd_audio.c ****         haudio->rd_enable = 1U;
 819:Middlewares/ST/STM32_USB_Device_Library/Class/AUDIO/Src/usbd_audio.c ****       }
 820:Middlewares/ST/STM32_USB_Device_Library/Class/AUDIO/Src/usbd_audio.c ****     }
 821:Middlewares/ST/STM32_USB_Device_Library/Class/AUDIO/Src/usbd_audio.c **** 
 822:Middlewares/ST/STM32_USB_Device_Library/Class/AUDIO/Src/usbd_audio.c ****     /* Prepare Out endpoint to receive next audio packet */
 823:Middlewares/ST/STM32_USB_Device_Library/Class/AUDIO/Src/usbd_audio.c ****     (void)USBD_LL_PrepareReceive(pdev, AUDIOOutEpAdd,
 824:Middlewares/ST/STM32_USB_Device_Library/Class/AUDIO/Src/usbd_audio.c ****                                  &haudio->buffer[haudio->wr_ptr],
 825:Middlewares/ST/STM32_USB_Device_Library/Class/AUDIO/Src/usbd_audio.c ****                                  AUDIO_OUT_PACKET);
 826:Middlewares/ST/STM32_USB_Device_Library/Class/AUDIO/Src/usbd_audio.c ****   }
 827:Middlewares/ST/STM32_USB_Device_Library/Class/AUDIO/Src/usbd_audio.c **** 
 828:Middlewares/ST/STM32_USB_Device_Library/Class/AUDIO/Src/usbd_audio.c ****   return (uint8_t)USBD_OK;
 829:Middlewares/ST/STM32_USB_Device_Library/Class/AUDIO/Src/usbd_audio.c **** }
 830:Middlewares/ST/STM32_USB_Device_Library/Class/AUDIO/Src/usbd_audio.c **** 
 831:Middlewares/ST/STM32_USB_Device_Library/Class/AUDIO/Src/usbd_audio.c **** /**
 832:Middlewares/ST/STM32_USB_Device_Library/Class/AUDIO/Src/usbd_audio.c ****   * @brief  AUDIO_Req_GetCurrent
 833:Middlewares/ST/STM32_USB_Device_Library/Class/AUDIO/Src/usbd_audio.c ****   *         Handles the GET_CUR Audio control request.
 834:Middlewares/ST/STM32_USB_Device_Library/Class/AUDIO/Src/usbd_audio.c ****   * @param  pdev: device instance
 835:Middlewares/ST/STM32_USB_Device_Library/Class/AUDIO/Src/usbd_audio.c ****   * @param  req: setup class request
 836:Middlewares/ST/STM32_USB_Device_Library/Class/AUDIO/Src/usbd_audio.c ****   * @retval status
 837:Middlewares/ST/STM32_USB_Device_Library/Class/AUDIO/Src/usbd_audio.c ****   */
ARM GAS  /tmp/ccwEZmEF.s 			page 20


 838:Middlewares/ST/STM32_USB_Device_Library/Class/AUDIO/Src/usbd_audio.c **** static void AUDIO_REQ_GetCurrent(USBD_HandleTypeDef *pdev, USBD_SetupReqTypedef *req)
 839:Middlewares/ST/STM32_USB_Device_Library/Class/AUDIO/Src/usbd_audio.c **** {
 840:Middlewares/ST/STM32_USB_Device_Library/Class/AUDIO/Src/usbd_audio.c ****   USBD_AUDIO_HandleTypeDef *haudio;
 841:Middlewares/ST/STM32_USB_Device_Library/Class/AUDIO/Src/usbd_audio.c ****   haudio = (USBD_AUDIO_HandleTypeDef *)pdev->pClassDataCmsit[pdev->classId];
 842:Middlewares/ST/STM32_USB_Device_Library/Class/AUDIO/Src/usbd_audio.c **** 
 843:Middlewares/ST/STM32_USB_Device_Library/Class/AUDIO/Src/usbd_audio.c ****   if (haudio == NULL)
 844:Middlewares/ST/STM32_USB_Device_Library/Class/AUDIO/Src/usbd_audio.c ****   {
 845:Middlewares/ST/STM32_USB_Device_Library/Class/AUDIO/Src/usbd_audio.c ****     return;
 846:Middlewares/ST/STM32_USB_Device_Library/Class/AUDIO/Src/usbd_audio.c ****   }
 847:Middlewares/ST/STM32_USB_Device_Library/Class/AUDIO/Src/usbd_audio.c **** 
 848:Middlewares/ST/STM32_USB_Device_Library/Class/AUDIO/Src/usbd_audio.c ****   (void)USBD_memset(haudio->control.data, 0, USB_MAX_EP0_SIZE);
 849:Middlewares/ST/STM32_USB_Device_Library/Class/AUDIO/Src/usbd_audio.c **** 
 850:Middlewares/ST/STM32_USB_Device_Library/Class/AUDIO/Src/usbd_audio.c ****   /* Send the current mute state */
 851:Middlewares/ST/STM32_USB_Device_Library/Class/AUDIO/Src/usbd_audio.c ****   (void)USBD_CtlSendData(pdev, haudio->control.data,
 852:Middlewares/ST/STM32_USB_Device_Library/Class/AUDIO/Src/usbd_audio.c ****                          MIN(req->wLength, USB_MAX_EP0_SIZE));
 853:Middlewares/ST/STM32_USB_Device_Library/Class/AUDIO/Src/usbd_audio.c **** }
 854:Middlewares/ST/STM32_USB_Device_Library/Class/AUDIO/Src/usbd_audio.c **** 
 855:Middlewares/ST/STM32_USB_Device_Library/Class/AUDIO/Src/usbd_audio.c **** /**
 856:Middlewares/ST/STM32_USB_Device_Library/Class/AUDIO/Src/usbd_audio.c ****   * @brief  AUDIO_Req_SetCurrent
 857:Middlewares/ST/STM32_USB_Device_Library/Class/AUDIO/Src/usbd_audio.c ****   *         Handles the SET_CUR Audio control request.
 858:Middlewares/ST/STM32_USB_Device_Library/Class/AUDIO/Src/usbd_audio.c ****   * @param  pdev: device instance
 859:Middlewares/ST/STM32_USB_Device_Library/Class/AUDIO/Src/usbd_audio.c ****   * @param  req: setup class request
 860:Middlewares/ST/STM32_USB_Device_Library/Class/AUDIO/Src/usbd_audio.c ****   * @retval status
 861:Middlewares/ST/STM32_USB_Device_Library/Class/AUDIO/Src/usbd_audio.c ****   */
 862:Middlewares/ST/STM32_USB_Device_Library/Class/AUDIO/Src/usbd_audio.c **** static void AUDIO_REQ_SetCurrent(USBD_HandleTypeDef *pdev, USBD_SetupReqTypedef *req)
 863:Middlewares/ST/STM32_USB_Device_Library/Class/AUDIO/Src/usbd_audio.c **** {
 864:Middlewares/ST/STM32_USB_Device_Library/Class/AUDIO/Src/usbd_audio.c ****   USBD_AUDIO_HandleTypeDef *haudio;
 865:Middlewares/ST/STM32_USB_Device_Library/Class/AUDIO/Src/usbd_audio.c ****   haudio = (USBD_AUDIO_HandleTypeDef *)pdev->pClassDataCmsit[pdev->classId];
 866:Middlewares/ST/STM32_USB_Device_Library/Class/AUDIO/Src/usbd_audio.c **** 
 867:Middlewares/ST/STM32_USB_Device_Library/Class/AUDIO/Src/usbd_audio.c ****   if (haudio == NULL)
 868:Middlewares/ST/STM32_USB_Device_Library/Class/AUDIO/Src/usbd_audio.c ****   {
 869:Middlewares/ST/STM32_USB_Device_Library/Class/AUDIO/Src/usbd_audio.c ****     return;
 870:Middlewares/ST/STM32_USB_Device_Library/Class/AUDIO/Src/usbd_audio.c ****   }
 871:Middlewares/ST/STM32_USB_Device_Library/Class/AUDIO/Src/usbd_audio.c **** 
 872:Middlewares/ST/STM32_USB_Device_Library/Class/AUDIO/Src/usbd_audio.c ****   if (req->wLength != 0U)
 873:Middlewares/ST/STM32_USB_Device_Library/Class/AUDIO/Src/usbd_audio.c ****   {
 874:Middlewares/ST/STM32_USB_Device_Library/Class/AUDIO/Src/usbd_audio.c ****     haudio->control.cmd = AUDIO_REQ_SET_CUR;     /* Set the request value */
 875:Middlewares/ST/STM32_USB_Device_Library/Class/AUDIO/Src/usbd_audio.c ****     haudio->control.len = (uint8_t)MIN(req->wLength, USB_MAX_EP0_SIZE);  /* Set the request data le
 876:Middlewares/ST/STM32_USB_Device_Library/Class/AUDIO/Src/usbd_audio.c ****     haudio->control.unit = HIBYTE(req->wIndex);  /* Set the request target unit */
 877:Middlewares/ST/STM32_USB_Device_Library/Class/AUDIO/Src/usbd_audio.c **** 
 878:Middlewares/ST/STM32_USB_Device_Library/Class/AUDIO/Src/usbd_audio.c ****     /* Prepare the reception of the buffer over EP0 */
 879:Middlewares/ST/STM32_USB_Device_Library/Class/AUDIO/Src/usbd_audio.c ****     (void)USBD_CtlPrepareRx(pdev, haudio->control.data, haudio->control.len);
 880:Middlewares/ST/STM32_USB_Device_Library/Class/AUDIO/Src/usbd_audio.c ****   }
 881:Middlewares/ST/STM32_USB_Device_Library/Class/AUDIO/Src/usbd_audio.c **** }
 882:Middlewares/ST/STM32_USB_Device_Library/Class/AUDIO/Src/usbd_audio.c **** 
 883:Middlewares/ST/STM32_USB_Device_Library/Class/AUDIO/Src/usbd_audio.c **** #ifndef USE_USBD_COMPOSITE
 884:Middlewares/ST/STM32_USB_Device_Library/Class/AUDIO/Src/usbd_audio.c **** /**
 885:Middlewares/ST/STM32_USB_Device_Library/Class/AUDIO/Src/usbd_audio.c ****   * @brief  DeviceQualifierDescriptor
 886:Middlewares/ST/STM32_USB_Device_Library/Class/AUDIO/Src/usbd_audio.c ****   *         return Device Qualifier descriptor
 887:Middlewares/ST/STM32_USB_Device_Library/Class/AUDIO/Src/usbd_audio.c ****   * @param  length : pointer data length
 888:Middlewares/ST/STM32_USB_Device_Library/Class/AUDIO/Src/usbd_audio.c ****   * @retval pointer to descriptor buffer
 889:Middlewares/ST/STM32_USB_Device_Library/Class/AUDIO/Src/usbd_audio.c ****   */
 890:Middlewares/ST/STM32_USB_Device_Library/Class/AUDIO/Src/usbd_audio.c **** static uint8_t *USBD_AUDIO_GetDeviceQualifierDesc(uint16_t *length)
 891:Middlewares/ST/STM32_USB_Device_Library/Class/AUDIO/Src/usbd_audio.c **** {
 244              		.loc 1 891 1 is_stmt 1 view -0
 245              		.cfi_startproc
 246              		@ args = 0, pretend = 0, frame = 0
ARM GAS  /tmp/ccwEZmEF.s 			page 21


 247              		@ frame_needed = 0, uses_anonymous_args = 0
 248              		@ link register save eliminated.
 892:Middlewares/ST/STM32_USB_Device_Library/Class/AUDIO/Src/usbd_audio.c ****   *length = (uint16_t)sizeof(USBD_AUDIO_DeviceQualifierDesc);
 249              		.loc 1 892 3 view .LVU58
 250              		.loc 1 892 11 is_stmt 0 view .LVU59
 251 0000 0A23     		movs	r3, #10
 252 0002 0380     		strh	r3, [r0]	@ movhi
 893:Middlewares/ST/STM32_USB_Device_Library/Class/AUDIO/Src/usbd_audio.c **** 
 894:Middlewares/ST/STM32_USB_Device_Library/Class/AUDIO/Src/usbd_audio.c ****   return USBD_AUDIO_DeviceQualifierDesc;
 253              		.loc 1 894 3 is_stmt 1 view .LVU60
 895:Middlewares/ST/STM32_USB_Device_Library/Class/AUDIO/Src/usbd_audio.c **** }
 254              		.loc 1 895 1 is_stmt 0 view .LVU61
 255 0004 0048     		ldr	r0, .L17
 256              	.LVL21:
 257              		.loc 1 895 1 view .LVU62
 258 0006 7047     		bx	lr
 259              	.L18:
 260              		.align	2
 261              	.L17:
 262 0008 00000000 		.word	USBD_AUDIO_DeviceQualifierDesc
 263              		.cfi_endproc
 264              	.LFE80:
 266              		.section	.text.USBD_AUDIO_IsoOutIncomplete,"ax",%progbits
 267              		.align	1
 268              		.syntax unified
 269              		.thumb
 270              		.thumb_func
 272              	USBD_AUDIO_IsoOutIncomplete:
 273              	.LVL22:
 274              	.LFB76:
 747:Middlewares/ST/STM32_USB_Device_Library/Class/AUDIO/Src/usbd_audio.c ****   USBD_AUDIO_HandleTypeDef *haudio;
 275              		.loc 1 747 1 is_stmt 1 view -0
 276              		.cfi_startproc
 277              		@ args = 0, pretend = 0, frame = 0
 278              		@ frame_needed = 0, uses_anonymous_args = 0
 747:Middlewares/ST/STM32_USB_Device_Library/Class/AUDIO/Src/usbd_audio.c ****   USBD_AUDIO_HandleTypeDef *haudio;
 279              		.loc 1 747 1 is_stmt 0 view .LVU64
 280 0000 08B5     		push	{r3, lr}
 281              	.LCFI1:
 282              		.cfi_def_cfa_offset 8
 283              		.cfi_offset 3, -8
 284              		.cfi_offset 14, -4
 748:Middlewares/ST/STM32_USB_Device_Library/Class/AUDIO/Src/usbd_audio.c **** 
 285              		.loc 1 748 3 is_stmt 1 view .LVU65
 750:Middlewares/ST/STM32_USB_Device_Library/Class/AUDIO/Src/usbd_audio.c ****   {
 286              		.loc 1 750 3 view .LVU66
 750:Middlewares/ST/STM32_USB_Device_Library/Class/AUDIO/Src/usbd_audio.c ****   {
 287              		.loc 1 750 33 is_stmt 0 view .LVU67
 288 0002 D0F8D432 		ldr	r3, [r0, #724]
 750:Middlewares/ST/STM32_USB_Device_Library/Class/AUDIO/Src/usbd_audio.c ****   {
 289              		.loc 1 750 28 view .LVU68
 290 0006 B033     		adds	r3, r3, #176
 291 0008 50F82320 		ldr	r2, [r0, r3, lsl #2]
 750:Middlewares/ST/STM32_USB_Device_Library/Class/AUDIO/Src/usbd_audio.c ****   {
 292              		.loc 1 750 6 view .LVU69
 293 000c 42B1     		cbz	r2, .L21
 755:Middlewares/ST/STM32_USB_Device_Library/Class/AUDIO/Src/usbd_audio.c **** 
ARM GAS  /tmp/ccwEZmEF.s 			page 22


 294              		.loc 1 755 3 is_stmt 1 view .LVU70
 295              	.LVL23:
 758:Middlewares/ST/STM32_USB_Device_Library/Class/AUDIO/Src/usbd_audio.c ****                                &haudio->buffer[haudio->wr_ptr],
 296              		.loc 1 758 3 view .LVU71
 759:Middlewares/ST/STM32_USB_Device_Library/Class/AUDIO/Src/usbd_audio.c ****                                AUDIO_OUT_PACKET);
 297              		.loc 1 759 54 is_stmt 0 view .LVU72
 298 000e B2F8083A 		ldrh	r3, [r2, #2568]
 758:Middlewares/ST/STM32_USB_Device_Library/Class/AUDIO/Src/usbd_audio.c ****                                &haudio->buffer[haudio->wr_ptr],
 299              		.loc 1 758 9 view .LVU73
 300 0012 1A44     		add	r2, r2, r3
 301              	.LVL24:
 758:Middlewares/ST/STM32_USB_Device_Library/Class/AUDIO/Src/usbd_audio.c ****                                &haudio->buffer[haudio->wr_ptr],
 302              		.loc 1 758 9 view .LVU74
 303 0014 4023     		movs	r3, #64
 304 0016 0432     		adds	r2, r2, #4
 305 0018 FFF7FEFF 		bl	USBD_LL_PrepareReceive
 306              	.LVL25:
 762:Middlewares/ST/STM32_USB_Device_Library/Class/AUDIO/Src/usbd_audio.c **** }
 307              		.loc 1 762 3 is_stmt 1 view .LVU75
 762:Middlewares/ST/STM32_USB_Device_Library/Class/AUDIO/Src/usbd_audio.c **** }
 308              		.loc 1 762 10 is_stmt 0 view .LVU76
 309 001c 0020     		movs	r0, #0
 310              	.LVL26:
 311              	.L20:
 763:Middlewares/ST/STM32_USB_Device_Library/Class/AUDIO/Src/usbd_audio.c **** /**
 312              		.loc 1 763 1 view .LVU77
 313 001e 08BD     		pop	{r3, pc}
 314              	.LVL27:
 315              	.L21:
 752:Middlewares/ST/STM32_USB_Device_Library/Class/AUDIO/Src/usbd_audio.c ****   }
 316              		.loc 1 752 12 view .LVU78
 317 0020 0320     		movs	r0, #3
 318              	.LVL28:
 752:Middlewares/ST/STM32_USB_Device_Library/Class/AUDIO/Src/usbd_audio.c ****   }
 319              		.loc 1 752 12 view .LVU79
 320 0022 FCE7     		b	.L20
 321              		.cfi_endproc
 322              	.LFE76:
 324              		.section	.text.USBD_AUDIO_DataOut,"ax",%progbits
 325              		.align	1
 326              		.syntax unified
 327              		.thumb
 328              		.thumb_func
 330              	USBD_AUDIO_DataOut:
 331              	.LVL29:
 332              	.LFB77:
 772:Middlewares/ST/STM32_USB_Device_Library/Class/AUDIO/Src/usbd_audio.c ****   uint16_t PacketSize;
 333              		.loc 1 772 1 is_stmt 1 view -0
 334              		.cfi_startproc
 335              		@ args = 0, pretend = 0, frame = 0
 336              		@ frame_needed = 0, uses_anonymous_args = 0
 772:Middlewares/ST/STM32_USB_Device_Library/Class/AUDIO/Src/usbd_audio.c ****   uint16_t PacketSize;
 337              		.loc 1 772 1 is_stmt 0 view .LVU81
 338 0000 70B5     		push	{r4, r5, r6, lr}
 339              	.LCFI2:
 340              		.cfi_def_cfa_offset 16
 341              		.cfi_offset 4, -16
ARM GAS  /tmp/ccwEZmEF.s 			page 23


 342              		.cfi_offset 5, -12
 343              		.cfi_offset 6, -8
 344              		.cfi_offset 14, -4
 773:Middlewares/ST/STM32_USB_Device_Library/Class/AUDIO/Src/usbd_audio.c ****   USBD_AUDIO_HandleTypeDef *haudio;
 345              		.loc 1 773 3 is_stmt 1 view .LVU82
 774:Middlewares/ST/STM32_USB_Device_Library/Class/AUDIO/Src/usbd_audio.c **** 
 346              		.loc 1 774 3 view .LVU83
 781:Middlewares/ST/STM32_USB_Device_Library/Class/AUDIO/Src/usbd_audio.c **** 
 347              		.loc 1 781 3 view .LVU84
 781:Middlewares/ST/STM32_USB_Device_Library/Class/AUDIO/Src/usbd_audio.c **** 
 348              		.loc 1 781 66 is_stmt 0 view .LVU85
 349 0002 D0F8D432 		ldr	r3, [r0, #724]
 781:Middlewares/ST/STM32_USB_Device_Library/Class/AUDIO/Src/usbd_audio.c **** 
 350              		.loc 1 781 10 view .LVU86
 351 0006 B033     		adds	r3, r3, #176
 352 0008 50F82350 		ldr	r5, [r0, r3, lsl #2]
 353              	.LVL30:
 783:Middlewares/ST/STM32_USB_Device_Library/Class/AUDIO/Src/usbd_audio.c ****   {
 354              		.loc 1 783 3 is_stmt 1 view .LVU87
 783:Middlewares/ST/STM32_USB_Device_Library/Class/AUDIO/Src/usbd_audio.c ****   {
 355              		.loc 1 783 6 is_stmt 0 view .LVU88
 356 000c 002D     		cmp	r5, #0
 357 000e 4CD0     		beq	.L27
 358 0010 0446     		mov	r4, r0
 788:Middlewares/ST/STM32_USB_Device_Library/Class/AUDIO/Src/usbd_audio.c ****   {
 359              		.loc 1 788 3 is_stmt 1 view .LVU89
 788:Middlewares/ST/STM32_USB_Device_Library/Class/AUDIO/Src/usbd_audio.c ****   {
 360              		.loc 1 788 6 is_stmt 0 view .LVU90
 361 0012 0129     		cmp	r1, #1
 362 0014 01D0     		beq	.L30
 828:Middlewares/ST/STM32_USB_Device_Library/Class/AUDIO/Src/usbd_audio.c **** }
 363              		.loc 1 828 10 view .LVU91
 364 0016 0020     		movs	r0, #0
 365              	.LVL31:
 366              	.L24:
 829:Middlewares/ST/STM32_USB_Device_Library/Class/AUDIO/Src/usbd_audio.c **** 
 367              		.loc 1 829 1 view .LVU92
 368 0018 70BD     		pop	{r4, r5, r6, pc}
 369              	.LVL32:
 370              	.L30:
 791:Middlewares/ST/STM32_USB_Device_Library/Class/AUDIO/Src/usbd_audio.c **** 
 371              		.loc 1 791 5 is_stmt 1 view .LVU93
 791:Middlewares/ST/STM32_USB_Device_Library/Class/AUDIO/Src/usbd_audio.c **** 
 372              		.loc 1 791 28 is_stmt 0 view .LVU94
 373 001a FFF7FEFF 		bl	USBD_LL_GetRxDataSize
 374              	.LVL33:
 791:Middlewares/ST/STM32_USB_Device_Library/Class/AUDIO/Src/usbd_audio.c **** 
 375              		.loc 1 791 16 discriminator 1 view .LVU95
 376 001e 86B2     		uxth	r6, r0
 377              	.LVL34:
 794:Middlewares/ST/STM32_USB_Device_Library/Class/AUDIO/Src/usbd_audio.c ****                                                                           PacketSize, AUDIO_OUT_TC)
 378              		.loc 1 794 5 is_stmt 1 view .LVU96
 794:Middlewares/ST/STM32_USB_Device_Library/Class/AUDIO/Src/usbd_audio.c ****                                                                           PacketSize, AUDIO_OUT_TC)
 379              		.loc 1 794 51 is_stmt 0 view .LVU97
 380 0020 D4F8D432 		ldr	r3, [r4, #724]
 794:Middlewares/ST/STM32_USB_Device_Library/Class/AUDIO/Src/usbd_audio.c ****                                                                           PacketSize, AUDIO_OUT_TC)
 381              		.loc 1 794 46 view .LVU98
ARM GAS  /tmp/ccwEZmEF.s 			page 24


 382 0024 B033     		adds	r3, r3, #176
 383 0026 04EB8303 		add	r3, r4, r3, lsl #2
 384 002a 5B68     		ldr	r3, [r3, #4]
 794:Middlewares/ST/STM32_USB_Device_Library/Class/AUDIO/Src/usbd_audio.c ****                                                                           PacketSize, AUDIO_OUT_TC)
 385              		.loc 1 794 62 view .LVU99
 386 002c 5B69     		ldr	r3, [r3, #20]
 794:Middlewares/ST/STM32_USB_Device_Library/Class/AUDIO/Src/usbd_audio.c ****                                                                           PacketSize, AUDIO_OUT_TC)
 387              		.loc 1 794 97 view .LVU100
 388 002e B5F8080A 		ldrh	r0, [r5, #2568]
 794:Middlewares/ST/STM32_USB_Device_Library/Class/AUDIO/Src/usbd_audio.c ****                                                                           PacketSize, AUDIO_OUT_TC)
 389              		.loc 1 794 6 view .LVU101
 390 0032 2844     		add	r0, r0, r5
 391 0034 0122     		movs	r2, #1
 392 0036 3146     		mov	r1, r6
 393 0038 0430     		adds	r0, r0, #4
 394 003a 9847     		blx	r3
 395              	.LVL35:
 798:Middlewares/ST/STM32_USB_Device_Library/Class/AUDIO/Src/usbd_audio.c **** 
 396              		.loc 1 798 5 is_stmt 1 view .LVU102
 798:Middlewares/ST/STM32_USB_Device_Library/Class/AUDIO/Src/usbd_audio.c **** 
 397              		.loc 1 798 11 is_stmt 0 view .LVU103
 398 003c B5F8083A 		ldrh	r3, [r5, #2568]
 798:Middlewares/ST/STM32_USB_Device_Library/Class/AUDIO/Src/usbd_audio.c **** 
 399              		.loc 1 798 20 view .LVU104
 400 0040 3344     		add	r3, r3, r6
 401 0042 9BB2     		uxth	r3, r3
 402 0044 A5F8083A 		strh	r3, [r5, #2568]	@ movhi
 800:Middlewares/ST/STM32_USB_Device_Library/Class/AUDIO/Src/usbd_audio.c ****     {
 403              		.loc 1 800 5 is_stmt 1 view .LVU105
 800:Middlewares/ST/STM32_USB_Device_Library/Class/AUDIO/Src/usbd_audio.c ****     {
 404              		.loc 1 800 8 is_stmt 0 view .LVU106
 405 0048 B3F5206F 		cmp	r3, #2560
 406 004c 06D3     		bcc	.L25
 803:Middlewares/ST/STM32_USB_Device_Library/Class/AUDIO/Src/usbd_audio.c **** 
 407              		.loc 1 803 7 is_stmt 1 view .LVU107
 803:Middlewares/ST/STM32_USB_Device_Library/Class/AUDIO/Src/usbd_audio.c **** 
 408              		.loc 1 803 22 is_stmt 0 view .LVU108
 409 004e 0023     		movs	r3, #0
 410 0050 A5F8083A 		strh	r3, [r5, #2568]	@ movhi
 805:Middlewares/ST/STM32_USB_Device_Library/Class/AUDIO/Src/usbd_audio.c ****       {
 411              		.loc 1 805 7 is_stmt 1 view .LVU109
 805:Middlewares/ST/STM32_USB_Device_Library/Class/AUDIO/Src/usbd_audio.c ****       {
 412              		.loc 1 805 17 is_stmt 0 view .LVU110
 413 0054 95F8043A 		ldrb	r3, [r5, #2564]	@ zero_extendqisi2
 805:Middlewares/ST/STM32_USB_Device_Library/Class/AUDIO/Src/usbd_audio.c ****       {
 414              		.loc 1 805 10 view .LVU111
 415 0058 032B     		cmp	r3, #3
 416 005a 12D0     		beq	.L31
 417              	.L25:
 814:Middlewares/ST/STM32_USB_Device_Library/Class/AUDIO/Src/usbd_audio.c ****     {
 418              		.loc 1 814 5 is_stmt 1 view .LVU112
 814:Middlewares/ST/STM32_USB_Device_Library/Class/AUDIO/Src/usbd_audio.c ****     {
 419              		.loc 1 814 15 is_stmt 0 view .LVU113
 420 005c 95F8053A 		ldrb	r3, [r5, #2565]	@ zero_extendqisi2
 814:Middlewares/ST/STM32_USB_Device_Library/Class/AUDIO/Src/usbd_audio.c ****     {
 421              		.loc 1 814 8 view .LVU114
 422 0060 23B9     		cbnz	r3, .L26
ARM GAS  /tmp/ccwEZmEF.s 			page 25


 816:Middlewares/ST/STM32_USB_Device_Library/Class/AUDIO/Src/usbd_audio.c ****       {
 423              		.loc 1 816 7 is_stmt 1 view .LVU115
 816:Middlewares/ST/STM32_USB_Device_Library/Class/AUDIO/Src/usbd_audio.c ****       {
 424              		.loc 1 816 17 is_stmt 0 view .LVU116
 425 0062 B5F8083A 		ldrh	r3, [r5, #2568]
 816:Middlewares/ST/STM32_USB_Device_Library/Class/AUDIO/Src/usbd_audio.c ****       {
 426              		.loc 1 816 10 view .LVU117
 427 0066 B3F5A06F 		cmp	r3, #1280
 428 006a 1AD0     		beq	.L32
 429              	.L26:
 823:Middlewares/ST/STM32_USB_Device_Library/Class/AUDIO/Src/usbd_audio.c ****                                  &haudio->buffer[haudio->wr_ptr],
 430              		.loc 1 823 5 is_stmt 1 view .LVU118
 824:Middlewares/ST/STM32_USB_Device_Library/Class/AUDIO/Src/usbd_audio.c ****                                  AUDIO_OUT_PACKET);
 431              		.loc 1 824 56 is_stmt 0 view .LVU119
 432 006c B5F8083A 		ldrh	r3, [r5, #2568]
 823:Middlewares/ST/STM32_USB_Device_Library/Class/AUDIO/Src/usbd_audio.c ****                                  &haudio->buffer[haudio->wr_ptr],
 433              		.loc 1 823 11 view .LVU120
 434 0070 EA18     		adds	r2, r5, r3
 435 0072 4023     		movs	r3, #64
 436 0074 0432     		adds	r2, r2, #4
 437 0076 0121     		movs	r1, #1
 438 0078 2046     		mov	r0, r4
 439 007a FFF7FEFF 		bl	USBD_LL_PrepareReceive
 440              	.LVL36:
 828:Middlewares/ST/STM32_USB_Device_Library/Class/AUDIO/Src/usbd_audio.c **** }
 441              		.loc 1 828 10 view .LVU121
 442 007e 0020     		movs	r0, #0
 443 0080 CAE7     		b	.L24
 444              	.L31:
 807:Middlewares/ST/STM32_USB_Device_Library/Class/AUDIO/Src/usbd_audio.c ****                                                                             AUDIO_TOTAL_BUF_SIZE / 
 445              		.loc 1 807 9 is_stmt 1 view .LVU122
 807:Middlewares/ST/STM32_USB_Device_Library/Class/AUDIO/Src/usbd_audio.c ****                                                                             AUDIO_TOTAL_BUF_SIZE / 
 446              		.loc 1 807 55 is_stmt 0 view .LVU123
 447 0082 D4F8D432 		ldr	r3, [r4, #724]
 807:Middlewares/ST/STM32_USB_Device_Library/Class/AUDIO/Src/usbd_audio.c ****                                                                             AUDIO_TOTAL_BUF_SIZE / 
 448              		.loc 1 807 50 view .LVU124
 449 0086 B033     		adds	r3, r3, #176
 450 0088 04EB8303 		add	r3, r4, r3, lsl #2
 451 008c 5B68     		ldr	r3, [r3, #4]
 807:Middlewares/ST/STM32_USB_Device_Library/Class/AUDIO/Src/usbd_audio.c ****                                                                             AUDIO_TOTAL_BUF_SIZE / 
 452              		.loc 1 807 66 view .LVU125
 453 008e 9B68     		ldr	r3, [r3, #8]
 807:Middlewares/ST/STM32_USB_Device_Library/Class/AUDIO/Src/usbd_audio.c ****                                                                             AUDIO_TOTAL_BUF_SIZE / 
 454              		.loc 1 807 10 view .LVU126
 455 0090 0122     		movs	r2, #1
 456 0092 4FF4A061 		mov	r1, #1280
 457 0096 281D     		adds	r0, r5, #4
 458 0098 9847     		blx	r3
 459              	.LVL37:
 810:Middlewares/ST/STM32_USB_Device_Library/Class/AUDIO/Src/usbd_audio.c ****       }
 460              		.loc 1 810 9 is_stmt 1 view .LVU127
 810:Middlewares/ST/STM32_USB_Device_Library/Class/AUDIO/Src/usbd_audio.c ****       }
 461              		.loc 1 810 24 is_stmt 0 view .LVU128
 462 009a 0023     		movs	r3, #0
 463 009c 85F8043A 		strb	r3, [r5, #2564]
 464 00a0 DCE7     		b	.L25
 465              	.L32:
ARM GAS  /tmp/ccwEZmEF.s 			page 26


 818:Middlewares/ST/STM32_USB_Device_Library/Class/AUDIO/Src/usbd_audio.c ****       }
 466              		.loc 1 818 9 is_stmt 1 view .LVU129
 818:Middlewares/ST/STM32_USB_Device_Library/Class/AUDIO/Src/usbd_audio.c ****       }
 467              		.loc 1 818 27 is_stmt 0 view .LVU130
 468 00a2 0123     		movs	r3, #1
 469 00a4 85F8053A 		strb	r3, [r5, #2565]
 470 00a8 E0E7     		b	.L26
 471              	.LVL38:
 472              	.L27:
 785:Middlewares/ST/STM32_USB_Device_Library/Class/AUDIO/Src/usbd_audio.c ****   }
 473              		.loc 1 785 12 view .LVU131
 474 00aa 0320     		movs	r0, #3
 475              	.LVL39:
 785:Middlewares/ST/STM32_USB_Device_Library/Class/AUDIO/Src/usbd_audio.c ****   }
 476              		.loc 1 785 12 view .LVU132
 477 00ac B4E7     		b	.L24
 478              		.cfi_endproc
 479              	.LFE77:
 481              		.section	.text.AUDIO_REQ_GetCurrent,"ax",%progbits
 482              		.align	1
 483              		.syntax unified
 484              		.thumb
 485              		.thumb_func
 487              	AUDIO_REQ_GetCurrent:
 488              	.LVL40:
 489              	.LFB78:
 839:Middlewares/ST/STM32_USB_Device_Library/Class/AUDIO/Src/usbd_audio.c ****   USBD_AUDIO_HandleTypeDef *haudio;
 490              		.loc 1 839 1 is_stmt 1 view -0
 491              		.cfi_startproc
 492              		@ args = 0, pretend = 0, frame = 0
 493              		@ frame_needed = 0, uses_anonymous_args = 0
 839:Middlewares/ST/STM32_USB_Device_Library/Class/AUDIO/Src/usbd_audio.c ****   USBD_AUDIO_HandleTypeDef *haudio;
 494              		.loc 1 839 1 is_stmt 0 view .LVU134
 495 0000 70B5     		push	{r4, r5, r6, lr}
 496              	.LCFI3:
 497              		.cfi_def_cfa_offset 16
 498              		.cfi_offset 4, -16
 499              		.cfi_offset 5, -12
 500              		.cfi_offset 6, -8
 501              		.cfi_offset 14, -4
 840:Middlewares/ST/STM32_USB_Device_Library/Class/AUDIO/Src/usbd_audio.c ****   haudio = (USBD_AUDIO_HandleTypeDef *)pdev->pClassDataCmsit[pdev->classId];
 502              		.loc 1 840 3 is_stmt 1 view .LVU135
 841:Middlewares/ST/STM32_USB_Device_Library/Class/AUDIO/Src/usbd_audio.c **** 
 503              		.loc 1 841 3 view .LVU136
 841:Middlewares/ST/STM32_USB_Device_Library/Class/AUDIO/Src/usbd_audio.c **** 
 504              		.loc 1 841 66 is_stmt 0 view .LVU137
 505 0002 D0F8D432 		ldr	r3, [r0, #724]
 841:Middlewares/ST/STM32_USB_Device_Library/Class/AUDIO/Src/usbd_audio.c **** 
 506              		.loc 1 841 10 view .LVU138
 507 0006 B033     		adds	r3, r3, #176
 508 0008 50F82350 		ldr	r5, [r0, r3, lsl #2]
 509              	.LVL41:
 843:Middlewares/ST/STM32_USB_Device_Library/Class/AUDIO/Src/usbd_audio.c ****   {
 510              		.loc 1 843 3 is_stmt 1 view .LVU139
 843:Middlewares/ST/STM32_USB_Device_Library/Class/AUDIO/Src/usbd_audio.c ****   {
 511              		.loc 1 843 6 is_stmt 0 view .LVU140
 512 000c 85B1     		cbz	r5, .L33
ARM GAS  /tmp/ccwEZmEF.s 			page 27


 513 000e 0446     		mov	r4, r0
 514 0010 0E46     		mov	r6, r1
 848:Middlewares/ST/STM32_USB_Device_Library/Class/AUDIO/Src/usbd_audio.c **** 
 515              		.loc 1 848 3 is_stmt 1 view .LVU141
 848:Middlewares/ST/STM32_USB_Device_Library/Class/AUDIO/Src/usbd_audio.c **** 
 516              		.loc 1 848 36 is_stmt 0 view .LVU142
 517 0012 05F60B25 		addw	r5, r5, #2571
 518              	.LVL42:
 848:Middlewares/ST/STM32_USB_Device_Library/Class/AUDIO/Src/usbd_audio.c **** 
 519              		.loc 1 848 9 view .LVU143
 520 0016 4022     		movs	r2, #64
 521 0018 0021     		movs	r1, #0
 522              	.LVL43:
 848:Middlewares/ST/STM32_USB_Device_Library/Class/AUDIO/Src/usbd_audio.c **** 
 523              		.loc 1 848 9 view .LVU144
 524 001a 2846     		mov	r0, r5
 525              	.LVL44:
 848:Middlewares/ST/STM32_USB_Device_Library/Class/AUDIO/Src/usbd_audio.c **** 
 526              		.loc 1 848 9 view .LVU145
 527 001c FFF7FEFF 		bl	memset
 528              	.LVL45:
 851:Middlewares/ST/STM32_USB_Device_Library/Class/AUDIO/Src/usbd_audio.c ****                          MIN(req->wLength, USB_MAX_EP0_SIZE));
 529              		.loc 1 851 3 is_stmt 1 view .LVU146
 852:Middlewares/ST/STM32_USB_Device_Library/Class/AUDIO/Src/usbd_audio.c **** }
 530              		.loc 1 852 26 is_stmt 0 view .LVU147
 531 0020 F288     		ldrh	r2, [r6, #6]
 851:Middlewares/ST/STM32_USB_Device_Library/Class/AUDIO/Src/usbd_audio.c ****                          MIN(req->wLength, USB_MAX_EP0_SIZE));
 532              		.loc 1 851 9 view .LVU148
 533 0022 402A     		cmp	r2, #64
 534 0024 28BF     		it	cs
 535 0026 4022     		movcs	r2, #64
 536 0028 2946     		mov	r1, r5
 537 002a 2046     		mov	r0, r4
 538 002c FFF7FEFF 		bl	USBD_CtlSendData
 539              	.LVL46:
 540              	.L33:
 853:Middlewares/ST/STM32_USB_Device_Library/Class/AUDIO/Src/usbd_audio.c **** 
 541              		.loc 1 853 1 view .LVU149
 542 0030 70BD     		pop	{r4, r5, r6, pc}
 543              		.cfi_endproc
 544              	.LFE78:
 546              		.section	.text.AUDIO_REQ_SetCurrent,"ax",%progbits
 547              		.align	1
 548              		.syntax unified
 549              		.thumb
 550              		.thumb_func
 552              	AUDIO_REQ_SetCurrent:
 553              	.LVL47:
 554              	.LFB79:
 863:Middlewares/ST/STM32_USB_Device_Library/Class/AUDIO/Src/usbd_audio.c ****   USBD_AUDIO_HandleTypeDef *haudio;
 555              		.loc 1 863 1 is_stmt 1 view -0
 556              		.cfi_startproc
 557              		@ args = 0, pretend = 0, frame = 0
 558              		@ frame_needed = 0, uses_anonymous_args = 0
 863:Middlewares/ST/STM32_USB_Device_Library/Class/AUDIO/Src/usbd_audio.c ****   USBD_AUDIO_HandleTypeDef *haudio;
 559              		.loc 1 863 1 is_stmt 0 view .LVU151
 560 0000 08B5     		push	{r3, lr}
ARM GAS  /tmp/ccwEZmEF.s 			page 28


 561              	.LCFI4:
 562              		.cfi_def_cfa_offset 8
 563              		.cfi_offset 3, -8
 564              		.cfi_offset 14, -4
 864:Middlewares/ST/STM32_USB_Device_Library/Class/AUDIO/Src/usbd_audio.c ****   haudio = (USBD_AUDIO_HandleTypeDef *)pdev->pClassDataCmsit[pdev->classId];
 565              		.loc 1 864 3 is_stmt 1 view .LVU152
 865:Middlewares/ST/STM32_USB_Device_Library/Class/AUDIO/Src/usbd_audio.c **** 
 566              		.loc 1 865 3 view .LVU153
 865:Middlewares/ST/STM32_USB_Device_Library/Class/AUDIO/Src/usbd_audio.c **** 
 567              		.loc 1 865 66 is_stmt 0 view .LVU154
 568 0002 D0F8D432 		ldr	r3, [r0, #724]
 865:Middlewares/ST/STM32_USB_Device_Library/Class/AUDIO/Src/usbd_audio.c **** 
 569              		.loc 1 865 10 view .LVU155
 570 0006 B033     		adds	r3, r3, #176
 571 0008 50F82330 		ldr	r3, [r0, r3, lsl #2]
 572              	.LVL48:
 867:Middlewares/ST/STM32_USB_Device_Library/Class/AUDIO/Src/usbd_audio.c ****   {
 573              		.loc 1 867 3 is_stmt 1 view .LVU156
 867:Middlewares/ST/STM32_USB_Device_Library/Class/AUDIO/Src/usbd_audio.c ****   {
 574              		.loc 1 867 6 is_stmt 0 view .LVU157
 575 000c 93B1     		cbz	r3, .L36
 872:Middlewares/ST/STM32_USB_Device_Library/Class/AUDIO/Src/usbd_audio.c ****   {
 576              		.loc 1 872 3 is_stmt 1 view .LVU158
 872:Middlewares/ST/STM32_USB_Device_Library/Class/AUDIO/Src/usbd_audio.c ****   {
 577              		.loc 1 872 10 is_stmt 0 view .LVU159
 578 000e CA88     		ldrh	r2, [r1, #6]
 872:Middlewares/ST/STM32_USB_Device_Library/Class/AUDIO/Src/usbd_audio.c ****   {
 579              		.loc 1 872 6 view .LVU160
 580 0010 82B1     		cbz	r2, .L36
 874:Middlewares/ST/STM32_USB_Device_Library/Class/AUDIO/Src/usbd_audio.c ****     haudio->control.len = (uint8_t)MIN(req->wLength, USB_MAX_EP0_SIZE);  /* Set the request data le
 581              		.loc 1 874 5 is_stmt 1 view .LVU161
 874:Middlewares/ST/STM32_USB_Device_Library/Class/AUDIO/Src/usbd_audio.c ****     haudio->control.len = (uint8_t)MIN(req->wLength, USB_MAX_EP0_SIZE);  /* Set the request data le
 582              		.loc 1 874 25 is_stmt 0 view .LVU162
 583 0012 0122     		movs	r2, #1
 584 0014 83F80A2A 		strb	r2, [r3, #2570]
 875:Middlewares/ST/STM32_USB_Device_Library/Class/AUDIO/Src/usbd_audio.c ****     haudio->control.unit = HIBYTE(req->wIndex);  /* Set the request target unit */
 585              		.loc 1 875 5 is_stmt 1 view .LVU163
 875:Middlewares/ST/STM32_USB_Device_Library/Class/AUDIO/Src/usbd_audio.c ****     haudio->control.unit = HIBYTE(req->wIndex);  /* Set the request target unit */
 586              		.loc 1 875 36 is_stmt 0 view .LVU164
 587 0018 CA88     		ldrh	r2, [r1, #6]
 875:Middlewares/ST/STM32_USB_Device_Library/Class/AUDIO/Src/usbd_audio.c ****     haudio->control.unit = HIBYTE(req->wIndex);  /* Set the request target unit */
 588              		.loc 1 875 27 view .LVU165
 589 001a 3F2A     		cmp	r2, #63
 590 001c 0BD8     		bhi	.L39
 875:Middlewares/ST/STM32_USB_Device_Library/Class/AUDIO/Src/usbd_audio.c ****     haudio->control.unit = HIBYTE(req->wIndex);  /* Set the request target unit */
 591              		.loc 1 875 27 discriminator 1 view .LVU166
 592 001e D2B2     		uxtb	r2, r2
 593              	.L38:
 875:Middlewares/ST/STM32_USB_Device_Library/Class/AUDIO/Src/usbd_audio.c ****     haudio->control.unit = HIBYTE(req->wIndex);  /* Set the request target unit */
 594              		.loc 1 875 25 discriminator 4 view .LVU167
 595 0020 83F84B2A 		strb	r2, [r3, #2635]
 876:Middlewares/ST/STM32_USB_Device_Library/Class/AUDIO/Src/usbd_audio.c **** 
 596              		.loc 1 876 5 is_stmt 1 view .LVU168
 876:Middlewares/ST/STM32_USB_Device_Library/Class/AUDIO/Src/usbd_audio.c **** 
 597              		.loc 1 876 28 is_stmt 0 view .LVU169
 598 0024 8988     		ldrh	r1, [r1, #4]
 599              	.LVL49:
ARM GAS  /tmp/ccwEZmEF.s 			page 29


 876:Middlewares/ST/STM32_USB_Device_Library/Class/AUDIO/Src/usbd_audio.c **** 
 600              		.loc 1 876 28 view .LVU170
 601 0026 090A     		lsrs	r1, r1, #8
 876:Middlewares/ST/STM32_USB_Device_Library/Class/AUDIO/Src/usbd_audio.c **** 
 602              		.loc 1 876 26 view .LVU171
 603 0028 83F84C1A 		strb	r1, [r3, #2636]
 879:Middlewares/ST/STM32_USB_Device_Library/Class/AUDIO/Src/usbd_audio.c ****   }
 604              		.loc 1 879 5 is_stmt 1 view .LVU172
 879:Middlewares/ST/STM32_USB_Device_Library/Class/AUDIO/Src/usbd_audio.c ****   }
 605              		.loc 1 879 11 is_stmt 0 view .LVU173
 606 002c 03F60B21 		addw	r1, r3, #2571
 607 0030 FFF7FEFF 		bl	USBD_CtlPrepareRx
 608              	.LVL50:
 609              	.L36:
 881:Middlewares/ST/STM32_USB_Device_Library/Class/AUDIO/Src/usbd_audio.c **** 
 610              		.loc 1 881 1 view .LVU174
 611 0034 08BD     		pop	{r3, pc}
 612              	.LVL51:
 613              	.L39:
 875:Middlewares/ST/STM32_USB_Device_Library/Class/AUDIO/Src/usbd_audio.c ****     haudio->control.unit = HIBYTE(req->wIndex);  /* Set the request target unit */
 614              		.loc 1 875 27 discriminator 2 view .LVU175
 615 0036 4022     		movs	r2, #64
 616 0038 F2E7     		b	.L38
 617              		.cfi_endproc
 618              	.LFE79:
 620              		.section	.text.USBD_AUDIO_GetAudioHeaderDesc,"ax",%progbits
 621              		.align	1
 622              		.syntax unified
 623              		.thumb
 624              		.thumb_func
 626              	USBD_AUDIO_GetAudioHeaderDesc:
 627              	.LVL52:
 628              	.LFB82:
 896:Middlewares/ST/STM32_USB_Device_Library/Class/AUDIO/Src/usbd_audio.c **** #endif /* USE_USBD_COMPOSITE  */
 897:Middlewares/ST/STM32_USB_Device_Library/Class/AUDIO/Src/usbd_audio.c **** /**
 898:Middlewares/ST/STM32_USB_Device_Library/Class/AUDIO/Src/usbd_audio.c ****   * @brief  USBD_AUDIO_RegisterInterface
 899:Middlewares/ST/STM32_USB_Device_Library/Class/AUDIO/Src/usbd_audio.c ****   * @param  pdev: device instance
 900:Middlewares/ST/STM32_USB_Device_Library/Class/AUDIO/Src/usbd_audio.c ****   * @param  fops: Audio interface callback
 901:Middlewares/ST/STM32_USB_Device_Library/Class/AUDIO/Src/usbd_audio.c ****   * @retval status
 902:Middlewares/ST/STM32_USB_Device_Library/Class/AUDIO/Src/usbd_audio.c ****   */
 903:Middlewares/ST/STM32_USB_Device_Library/Class/AUDIO/Src/usbd_audio.c **** uint8_t USBD_AUDIO_RegisterInterface(USBD_HandleTypeDef *pdev,
 904:Middlewares/ST/STM32_USB_Device_Library/Class/AUDIO/Src/usbd_audio.c ****                                      USBD_AUDIO_ItfTypeDef *fops)
 905:Middlewares/ST/STM32_USB_Device_Library/Class/AUDIO/Src/usbd_audio.c **** {
 906:Middlewares/ST/STM32_USB_Device_Library/Class/AUDIO/Src/usbd_audio.c ****   if (fops == NULL)
 907:Middlewares/ST/STM32_USB_Device_Library/Class/AUDIO/Src/usbd_audio.c ****   {
 908:Middlewares/ST/STM32_USB_Device_Library/Class/AUDIO/Src/usbd_audio.c ****     return (uint8_t)USBD_FAIL;
 909:Middlewares/ST/STM32_USB_Device_Library/Class/AUDIO/Src/usbd_audio.c ****   }
 910:Middlewares/ST/STM32_USB_Device_Library/Class/AUDIO/Src/usbd_audio.c **** 
 911:Middlewares/ST/STM32_USB_Device_Library/Class/AUDIO/Src/usbd_audio.c ****   pdev->pUserData[pdev->classId] = fops;
 912:Middlewares/ST/STM32_USB_Device_Library/Class/AUDIO/Src/usbd_audio.c **** 
 913:Middlewares/ST/STM32_USB_Device_Library/Class/AUDIO/Src/usbd_audio.c ****   return (uint8_t)USBD_OK;
 914:Middlewares/ST/STM32_USB_Device_Library/Class/AUDIO/Src/usbd_audio.c **** }
 915:Middlewares/ST/STM32_USB_Device_Library/Class/AUDIO/Src/usbd_audio.c **** 
 916:Middlewares/ST/STM32_USB_Device_Library/Class/AUDIO/Src/usbd_audio.c **** #ifdef USE_USBD_COMPOSITE
 917:Middlewares/ST/STM32_USB_Device_Library/Class/AUDIO/Src/usbd_audio.c **** /**
 918:Middlewares/ST/STM32_USB_Device_Library/Class/AUDIO/Src/usbd_audio.c ****   * @brief  USBD_AUDIO_GetEpPcktSze
 919:Middlewares/ST/STM32_USB_Device_Library/Class/AUDIO/Src/usbd_audio.c ****   * @param  pdev: device instance (reserved for future use)
ARM GAS  /tmp/ccwEZmEF.s 			page 30


 920:Middlewares/ST/STM32_USB_Device_Library/Class/AUDIO/Src/usbd_audio.c ****   * @param  If: Interface number (reserved for future use)
 921:Middlewares/ST/STM32_USB_Device_Library/Class/AUDIO/Src/usbd_audio.c ****   * @param  Ep: Endpoint number (reserved for future use)
 922:Middlewares/ST/STM32_USB_Device_Library/Class/AUDIO/Src/usbd_audio.c ****   * @retval status
 923:Middlewares/ST/STM32_USB_Device_Library/Class/AUDIO/Src/usbd_audio.c ****   */
 924:Middlewares/ST/STM32_USB_Device_Library/Class/AUDIO/Src/usbd_audio.c **** uint32_t USBD_AUDIO_GetEpPcktSze(USBD_HandleTypeDef *pdev, uint8_t If, uint8_t Ep)
 925:Middlewares/ST/STM32_USB_Device_Library/Class/AUDIO/Src/usbd_audio.c **** {
 926:Middlewares/ST/STM32_USB_Device_Library/Class/AUDIO/Src/usbd_audio.c ****   uint32_t mps;
 927:Middlewares/ST/STM32_USB_Device_Library/Class/AUDIO/Src/usbd_audio.c **** 
 928:Middlewares/ST/STM32_USB_Device_Library/Class/AUDIO/Src/usbd_audio.c ****   UNUSED(pdev);
 929:Middlewares/ST/STM32_USB_Device_Library/Class/AUDIO/Src/usbd_audio.c ****   UNUSED(If);
 930:Middlewares/ST/STM32_USB_Device_Library/Class/AUDIO/Src/usbd_audio.c ****   UNUSED(Ep);
 931:Middlewares/ST/STM32_USB_Device_Library/Class/AUDIO/Src/usbd_audio.c **** 
 932:Middlewares/ST/STM32_USB_Device_Library/Class/AUDIO/Src/usbd_audio.c ****   mps = AUDIO_PACKET_SZE_WORD(USBD_AUDIO_FREQ);
 933:Middlewares/ST/STM32_USB_Device_Library/Class/AUDIO/Src/usbd_audio.c **** 
 934:Middlewares/ST/STM32_USB_Device_Library/Class/AUDIO/Src/usbd_audio.c ****   /* Return the wMaxPacketSize value in Bytes (Freq(Samples)*2(Stereo)*2(HalfWord)) */
 935:Middlewares/ST/STM32_USB_Device_Library/Class/AUDIO/Src/usbd_audio.c ****   return mps;
 936:Middlewares/ST/STM32_USB_Device_Library/Class/AUDIO/Src/usbd_audio.c **** }
 937:Middlewares/ST/STM32_USB_Device_Library/Class/AUDIO/Src/usbd_audio.c **** #endif /* USE_USBD_COMPOSITE */
 938:Middlewares/ST/STM32_USB_Device_Library/Class/AUDIO/Src/usbd_audio.c **** 
 939:Middlewares/ST/STM32_USB_Device_Library/Class/AUDIO/Src/usbd_audio.c **** /**
 940:Middlewares/ST/STM32_USB_Device_Library/Class/AUDIO/Src/usbd_audio.c ****   * @brief  USBD_AUDIO_GetAudioHeaderDesc
 941:Middlewares/ST/STM32_USB_Device_Library/Class/AUDIO/Src/usbd_audio.c ****   *         This function return the Audio descriptor
 942:Middlewares/ST/STM32_USB_Device_Library/Class/AUDIO/Src/usbd_audio.c ****   * @param  pdev: device instance
 943:Middlewares/ST/STM32_USB_Device_Library/Class/AUDIO/Src/usbd_audio.c ****   * @param  pConfDesc:  pointer to Bos descriptor
 944:Middlewares/ST/STM32_USB_Device_Library/Class/AUDIO/Src/usbd_audio.c ****   * @retval pointer to the Audio AC Header descriptor
 945:Middlewares/ST/STM32_USB_Device_Library/Class/AUDIO/Src/usbd_audio.c ****   */
 946:Middlewares/ST/STM32_USB_Device_Library/Class/AUDIO/Src/usbd_audio.c **** static void *USBD_AUDIO_GetAudioHeaderDesc(uint8_t *pConfDesc)
 947:Middlewares/ST/STM32_USB_Device_Library/Class/AUDIO/Src/usbd_audio.c **** {
 629              		.loc 1 947 1 is_stmt 1 view -0
 630              		.cfi_startproc
 631              		@ args = 0, pretend = 0, frame = 8
 632              		@ frame_needed = 0, uses_anonymous_args = 0
 948:Middlewares/ST/STM32_USB_Device_Library/Class/AUDIO/Src/usbd_audio.c ****   USBD_ConfigDescTypeDef *desc = (USBD_ConfigDescTypeDef *)(void *)pConfDesc;
 633              		.loc 1 948 3 view .LVU177
 949:Middlewares/ST/STM32_USB_Device_Library/Class/AUDIO/Src/usbd_audio.c ****   USBD_DescHeaderTypeDef *pdesc = (USBD_DescHeaderTypeDef *)(void *)pConfDesc;
 634              		.loc 1 949 3 view .LVU178
 950:Middlewares/ST/STM32_USB_Device_Library/Class/AUDIO/Src/usbd_audio.c ****   uint8_t *pAudioDesc =  NULL;
 635              		.loc 1 950 3 view .LVU179
 951:Middlewares/ST/STM32_USB_Device_Library/Class/AUDIO/Src/usbd_audio.c ****   uint16_t ptr;
 636              		.loc 1 951 3 view .LVU180
 952:Middlewares/ST/STM32_USB_Device_Library/Class/AUDIO/Src/usbd_audio.c **** 
 953:Middlewares/ST/STM32_USB_Device_Library/Class/AUDIO/Src/usbd_audio.c ****   if (desc->wTotalLength > desc->bLength)
 637              		.loc 1 953 3 view .LVU181
 638              		.loc 1 953 11 is_stmt 0 view .LVU182
 639 0000 4288     		ldrh	r2, [r0, #2]	@ unaligned
 640              		.loc 1 953 32 view .LVU183
 641 0002 0378     		ldrb	r3, [r0]	@ zero_extendqisi2
 642              		.loc 1 953 6 view .LVU184
 643 0004 9A42     		cmp	r2, r3
 644 0006 17D9     		bls	.L45
 947:Middlewares/ST/STM32_USB_Device_Library/Class/AUDIO/Src/usbd_audio.c ****   USBD_ConfigDescTypeDef *desc = (USBD_ConfigDescTypeDef *)(void *)pConfDesc;
 645              		.loc 1 947 1 view .LVU185
 646 0008 10B5     		push	{r4, lr}
 647              	.LCFI5:
 648              		.cfi_def_cfa_offset 8
 649              		.cfi_offset 4, -8
 650              		.cfi_offset 14, -4
ARM GAS  /tmp/ccwEZmEF.s 			page 31


 651 000a 82B0     		sub	sp, sp, #8
 652              	.LCFI6:
 653              		.cfi_def_cfa_offset 16
 654 000c 0446     		mov	r4, r0
 954:Middlewares/ST/STM32_USB_Device_Library/Class/AUDIO/Src/usbd_audio.c ****   {
 955:Middlewares/ST/STM32_USB_Device_Library/Class/AUDIO/Src/usbd_audio.c ****     ptr = desc->bLength;
 655              		.loc 1 955 5 is_stmt 1 view .LVU186
 656              		.loc 1 955 9 is_stmt 0 view .LVU187
 657 000e ADF80630 		strh	r3, [sp, #6]	@ movhi
 956:Middlewares/ST/STM32_USB_Device_Library/Class/AUDIO/Src/usbd_audio.c **** 
 957:Middlewares/ST/STM32_USB_Device_Library/Class/AUDIO/Src/usbd_audio.c ****     while (ptr < desc->wTotalLength)
 658              		.loc 1 957 5 is_stmt 1 view .LVU188
 659              	.LVL53:
 660              	.L43:
 661              		.loc 1 957 16 view .LVU189
 662              		.loc 1 957 22 is_stmt 0 view .LVU190
 663 0012 6388     		ldrh	r3, [r4, #2]	@ unaligned
 664              		.loc 1 957 16 view .LVU191
 665 0014 BDF80620 		ldrh	r2, [sp, #6]
 666 0018 9A42     		cmp	r2, r3
 667 001a 0AD2     		bcs	.L50
 958:Middlewares/ST/STM32_USB_Device_Library/Class/AUDIO/Src/usbd_audio.c ****     {
 959:Middlewares/ST/STM32_USB_Device_Library/Class/AUDIO/Src/usbd_audio.c ****       pdesc = USBD_GetNextDesc((uint8_t *)pdesc, &ptr);
 668              		.loc 1 959 7 is_stmt 1 view .LVU192
 669              		.loc 1 959 15 is_stmt 0 view .LVU193
 670 001c 0DF10601 		add	r1, sp, #6
 671 0020 FFF7FEFF 		bl	USBD_GetNextDesc
 672              	.LVL54:
 960:Middlewares/ST/STM32_USB_Device_Library/Class/AUDIO/Src/usbd_audio.c ****       if ((pdesc->bDescriptorType == AUDIO_INTERFACE_DESCRIPTOR_TYPE) &&
 673              		.loc 1 960 7 is_stmt 1 view .LVU194
 674              		.loc 1 960 17 is_stmt 0 view .LVU195
 675 0024 4378     		ldrb	r3, [r0, #1]	@ zero_extendqisi2
 676              		.loc 1 960 10 view .LVU196
 677 0026 242B     		cmp	r3, #36
 678 0028 F3D1     		bne	.L43
 961:Middlewares/ST/STM32_USB_Device_Library/Class/AUDIO/Src/usbd_audio.c ****           (pdesc->bDescriptorSubType == AUDIO_CONTROL_HEADER))
 679              		.loc 1 961 17 view .LVU197
 680 002a 8378     		ldrb	r3, [r0, #2]	@ zero_extendqisi2
 960:Middlewares/ST/STM32_USB_Device_Library/Class/AUDIO/Src/usbd_audio.c ****       if ((pdesc->bDescriptorType == AUDIO_INTERFACE_DESCRIPTOR_TYPE) &&
 681              		.loc 1 960 71 discriminator 1 view .LVU198
 682 002c 012B     		cmp	r3, #1
 683 002e F0D1     		bne	.L43
 684 0030 00E0     		b	.L41
 685              	.L50:
 950:Middlewares/ST/STM32_USB_Device_Library/Class/AUDIO/Src/usbd_audio.c ****   uint16_t ptr;
 686              		.loc 1 950 12 view .LVU199
 687 0032 0020     		movs	r0, #0
 688              	.LVL55:
 689              	.L41:
 962:Middlewares/ST/STM32_USB_Device_Library/Class/AUDIO/Src/usbd_audio.c ****       {
 963:Middlewares/ST/STM32_USB_Device_Library/Class/AUDIO/Src/usbd_audio.c ****         pAudioDesc = (uint8_t *)pdesc;
 964:Middlewares/ST/STM32_USB_Device_Library/Class/AUDIO/Src/usbd_audio.c ****         break;
 965:Middlewares/ST/STM32_USB_Device_Library/Class/AUDIO/Src/usbd_audio.c ****       }
 966:Middlewares/ST/STM32_USB_Device_Library/Class/AUDIO/Src/usbd_audio.c ****     }
 967:Middlewares/ST/STM32_USB_Device_Library/Class/AUDIO/Src/usbd_audio.c ****   }
 968:Middlewares/ST/STM32_USB_Device_Library/Class/AUDIO/Src/usbd_audio.c ****   return pAudioDesc;
 969:Middlewares/ST/STM32_USB_Device_Library/Class/AUDIO/Src/usbd_audio.c **** }
ARM GAS  /tmp/ccwEZmEF.s 			page 32


 690              		.loc 1 969 1 view .LVU200
 691 0034 02B0     		add	sp, sp, #8
 692              	.LCFI7:
 693              		.cfi_def_cfa_offset 8
 694              		@ sp needed
 695 0036 10BD     		pop	{r4, pc}
 696              	.LVL56:
 697              	.L45:
 698              	.LCFI8:
 699              		.cfi_def_cfa_offset 0
 700              		.cfi_restore 4
 701              		.cfi_restore 14
 950:Middlewares/ST/STM32_USB_Device_Library/Class/AUDIO/Src/usbd_audio.c ****   uint16_t ptr;
 702              		.loc 1 950 12 view .LVU201
 703 0038 0020     		movs	r0, #0
 704              	.LVL57:
 968:Middlewares/ST/STM32_USB_Device_Library/Class/AUDIO/Src/usbd_audio.c **** }
 705              		.loc 1 968 3 is_stmt 1 view .LVU202
 706              		.loc 1 969 1 is_stmt 0 view .LVU203
 707 003a 7047     		bx	lr
 708              		.cfi_endproc
 709              	.LFE82:
 711              		.section	.text.USBD_AUDIO_Setup,"ax",%progbits
 712              		.align	1
 713              		.syntax unified
 714              		.thumb
 715              		.thumb_func
 717              	USBD_AUDIO_Setup:
 718              	.LVL58:
 719              	.LFB68:
 453:Middlewares/ST/STM32_USB_Device_Library/Class/AUDIO/Src/usbd_audio.c ****   USBD_AUDIO_HandleTypeDef *haudio;
 720              		.loc 1 453 1 is_stmt 1 view -0
 721              		.cfi_startproc
 722              		@ args = 0, pretend = 0, frame = 8
 723              		@ frame_needed = 0, uses_anonymous_args = 0
 453:Middlewares/ST/STM32_USB_Device_Library/Class/AUDIO/Src/usbd_audio.c ****   USBD_AUDIO_HandleTypeDef *haudio;
 724              		.loc 1 453 1 is_stmt 0 view .LVU205
 725 0000 F0B5     		push	{r4, r5, r6, r7, lr}
 726              	.LCFI9:
 727              		.cfi_def_cfa_offset 20
 728              		.cfi_offset 4, -20
 729              		.cfi_offset 5, -16
 730              		.cfi_offset 6, -12
 731              		.cfi_offset 7, -8
 732              		.cfi_offset 14, -4
 733 0002 83B0     		sub	sp, sp, #12
 734              	.LCFI10:
 735              		.cfi_def_cfa_offset 32
 736 0004 0E46     		mov	r6, r1
 454:Middlewares/ST/STM32_USB_Device_Library/Class/AUDIO/Src/usbd_audio.c ****   uint16_t len;
 737              		.loc 1 454 3 is_stmt 1 view .LVU206
 455:Middlewares/ST/STM32_USB_Device_Library/Class/AUDIO/Src/usbd_audio.c ****   uint8_t *pbuf;
 738              		.loc 1 455 3 view .LVU207
 456:Middlewares/ST/STM32_USB_Device_Library/Class/AUDIO/Src/usbd_audio.c ****   uint16_t status_info = 0U;
 739              		.loc 1 456 3 view .LVU208
 457:Middlewares/ST/STM32_USB_Device_Library/Class/AUDIO/Src/usbd_audio.c ****   USBD_StatusTypeDef ret = USBD_OK;
 740              		.loc 1 457 3 view .LVU209
ARM GAS  /tmp/ccwEZmEF.s 			page 33


 457:Middlewares/ST/STM32_USB_Device_Library/Class/AUDIO/Src/usbd_audio.c ****   USBD_StatusTypeDef ret = USBD_OK;
 741              		.loc 1 457 12 is_stmt 0 view .LVU210
 742 0006 0023     		movs	r3, #0
 743 0008 ADF80630 		strh	r3, [sp, #6]	@ movhi
 458:Middlewares/ST/STM32_USB_Device_Library/Class/AUDIO/Src/usbd_audio.c **** 
 744              		.loc 1 458 3 is_stmt 1 view .LVU211
 745              	.LVL59:
 460:Middlewares/ST/STM32_USB_Device_Library/Class/AUDIO/Src/usbd_audio.c **** 
 746              		.loc 1 460 3 view .LVU212
 460:Middlewares/ST/STM32_USB_Device_Library/Class/AUDIO/Src/usbd_audio.c **** 
 747              		.loc 1 460 66 is_stmt 0 view .LVU213
 748 000c D0F8D432 		ldr	r3, [r0, #724]
 460:Middlewares/ST/STM32_USB_Device_Library/Class/AUDIO/Src/usbd_audio.c **** 
 749              		.loc 1 460 10 view .LVU214
 750 0010 B033     		adds	r3, r3, #176
 751 0012 50F82310 		ldr	r1, [r0, r3, lsl #2]
 752              	.LVL60:
 462:Middlewares/ST/STM32_USB_Device_Library/Class/AUDIO/Src/usbd_audio.c ****   {
 753              		.loc 1 462 3 is_stmt 1 view .LVU215
 462:Middlewares/ST/STM32_USB_Device_Library/Class/AUDIO/Src/usbd_audio.c ****   {
 754              		.loc 1 462 6 is_stmt 0 view .LVU216
 755 0016 0029     		cmp	r1, #0
 756 0018 7CD0     		beq	.L68
 757 001a 0546     		mov	r5, r0
 467:Middlewares/ST/STM32_USB_Device_Library/Class/AUDIO/Src/usbd_audio.c ****   {
 758              		.loc 1 467 3 is_stmt 1 view .LVU217
 467:Middlewares/ST/STM32_USB_Device_Library/Class/AUDIO/Src/usbd_audio.c ****   {
 759              		.loc 1 467 14 is_stmt 0 view .LVU218
 760 001c 3478     		ldrb	r4, [r6]	@ zero_extendqisi2
 467:Middlewares/ST/STM32_USB_Device_Library/Class/AUDIO/Src/usbd_audio.c ****   {
 761              		.loc 1 467 3 view .LVU219
 762 001e 14F06004 		ands	r4, r4, #96
 763 0022 15D0     		beq	.L53
 764 0024 202C     		cmp	r4, #32
 765 0026 6ED1     		bne	.L54
 470:Middlewares/ST/STM32_USB_Device_Library/Class/AUDIO/Src/usbd_audio.c ****       {
 766              		.loc 1 470 7 is_stmt 1 view .LVU220
 470:Middlewares/ST/STM32_USB_Device_Library/Class/AUDIO/Src/usbd_audio.c ****       {
 767              		.loc 1 470 18 is_stmt 0 view .LVU221
 768 0028 7378     		ldrb	r3, [r6, #1]	@ zero_extendqisi2
 769 002a 012B     		cmp	r3, #1
 770 002c 06D0     		beq	.L55
 771 002e 812B     		cmp	r3, #129
 772 0030 09D1     		bne	.L56
 473:Middlewares/ST/STM32_USB_Device_Library/Class/AUDIO/Src/usbd_audio.c ****           break;
 773              		.loc 1 473 11 is_stmt 1 view .LVU222
 774 0032 3146     		mov	r1, r6
 775              	.LVL61:
 473:Middlewares/ST/STM32_USB_Device_Library/Class/AUDIO/Src/usbd_audio.c ****           break;
 776              		.loc 1 473 11 is_stmt 0 view .LVU223
 777 0034 FFF7FEFF 		bl	AUDIO_REQ_GetCurrent
 778              	.LVL62:
 474:Middlewares/ST/STM32_USB_Device_Library/Class/AUDIO/Src/usbd_audio.c **** 
 779              		.loc 1 474 11 is_stmt 1 view .LVU224
 458:Middlewares/ST/STM32_USB_Device_Library/Class/AUDIO/Src/usbd_audio.c **** 
 780              		.loc 1 458 22 is_stmt 0 view .LVU225
 781 0038 0024     		movs	r4, #0
ARM GAS  /tmp/ccwEZmEF.s 			page 34


 474:Middlewares/ST/STM32_USB_Device_Library/Class/AUDIO/Src/usbd_audio.c **** 
 782              		.loc 1 474 11 view .LVU226
 783 003a 68E0     		b	.L52
 784              	.LVL63:
 785              	.L55:
 477:Middlewares/ST/STM32_USB_Device_Library/Class/AUDIO/Src/usbd_audio.c ****           break;
 786              		.loc 1 477 11 is_stmt 1 view .LVU227
 787 003c 3146     		mov	r1, r6
 788              	.LVL64:
 477:Middlewares/ST/STM32_USB_Device_Library/Class/AUDIO/Src/usbd_audio.c ****           break;
 789              		.loc 1 477 11 is_stmt 0 view .LVU228
 790 003e FFF7FEFF 		bl	AUDIO_REQ_SetCurrent
 791              	.LVL65:
 478:Middlewares/ST/STM32_USB_Device_Library/Class/AUDIO/Src/usbd_audio.c **** 
 792              		.loc 1 478 11 is_stmt 1 view .LVU229
 458:Middlewares/ST/STM32_USB_Device_Library/Class/AUDIO/Src/usbd_audio.c **** 
 793              		.loc 1 458 22 is_stmt 0 view .LVU230
 794 0042 0024     		movs	r4, #0
 478:Middlewares/ST/STM32_USB_Device_Library/Class/AUDIO/Src/usbd_audio.c **** 
 795              		.loc 1 478 11 view .LVU231
 796 0044 63E0     		b	.L52
 797              	.LVL66:
 798              	.L56:
 481:Middlewares/ST/STM32_USB_Device_Library/Class/AUDIO/Src/usbd_audio.c ****           ret = USBD_FAIL;
 799              		.loc 1 481 11 is_stmt 1 view .LVU232
 800 0046 3146     		mov	r1, r6
 801              	.LVL67:
 481:Middlewares/ST/STM32_USB_Device_Library/Class/AUDIO/Src/usbd_audio.c ****           ret = USBD_FAIL;
 802              		.loc 1 481 11 is_stmt 0 view .LVU233
 803 0048 FFF7FEFF 		bl	USBD_CtlError
 804              	.LVL68:
 482:Middlewares/ST/STM32_USB_Device_Library/Class/AUDIO/Src/usbd_audio.c ****           break;
 805              		.loc 1 482 11 is_stmt 1 view .LVU234
 483:Middlewares/ST/STM32_USB_Device_Library/Class/AUDIO/Src/usbd_audio.c ****       }
 806              		.loc 1 483 11 view .LVU235
 482:Middlewares/ST/STM32_USB_Device_Library/Class/AUDIO/Src/usbd_audio.c ****           break;
 807              		.loc 1 482 15 is_stmt 0 view .LVU236
 808 004c 0324     		movs	r4, #3
 483:Middlewares/ST/STM32_USB_Device_Library/Class/AUDIO/Src/usbd_audio.c ****       }
 809              		.loc 1 483 11 view .LVU237
 810 004e 5EE0     		b	.L52
 811              	.LVL69:
 812              	.L53:
 488:Middlewares/ST/STM32_USB_Device_Library/Class/AUDIO/Src/usbd_audio.c ****       {
 813              		.loc 1 488 7 is_stmt 1 view .LVU238
 488:Middlewares/ST/STM32_USB_Device_Library/Class/AUDIO/Src/usbd_audio.c ****       {
 814              		.loc 1 488 18 is_stmt 0 view .LVU239
 815 0050 7778     		ldrb	r7, [r6, #1]	@ zero_extendqisi2
 816 0052 0B2F     		cmp	r7, #11
 817 0054 52D8     		bhi	.L57
 818 0056 DFE807F0 		tbb	[pc, r7]
 819              	.L59:
 820 005a 06       		.byte	(.L62-.L59)/2
 821 005b 5A       		.byte	(.L52-.L59)/2
 822 005c 51       		.byte	(.L57-.L59)/2
 823 005d 51       		.byte	(.L57-.L59)/2
 824 005e 51       		.byte	(.L57-.L59)/2
ARM GAS  /tmp/ccwEZmEF.s 			page 35


 825 005f 51       		.byte	(.L57-.L59)/2
 826 0060 17       		.byte	(.L61-.L59)/2
 827 0061 51       		.byte	(.L57-.L59)/2
 828 0062 51       		.byte	(.L57-.L59)/2
 829 0063 51       		.byte	(.L57-.L59)/2
 830 0064 2F       		.byte	(.L60-.L59)/2
 831 0065 3D       		.byte	(.L58-.L59)/2
 832              		.p2align 1
 833              	.L62:
 491:Middlewares/ST/STM32_USB_Device_Library/Class/AUDIO/Src/usbd_audio.c ****           {
 834              		.loc 1 491 11 is_stmt 1 view .LVU240
 491:Middlewares/ST/STM32_USB_Device_Library/Class/AUDIO/Src/usbd_audio.c ****           {
 835              		.loc 1 491 19 is_stmt 0 view .LVU241
 836 0066 90F89C32 		ldrb	r3, [r0, #668]	@ zero_extendqisi2
 837 006a DBB2     		uxtb	r3, r3
 491:Middlewares/ST/STM32_USB_Device_Library/Class/AUDIO/Src/usbd_audio.c ****           {
 838              		.loc 1 491 14 view .LVU242
 839 006c 032B     		cmp	r3, #3
 840 006e 04D0     		beq	.L71
 497:Middlewares/ST/STM32_USB_Device_Library/Class/AUDIO/Src/usbd_audio.c ****             ret = USBD_FAIL;
 841              		.loc 1 497 13 is_stmt 1 view .LVU243
 842 0070 3146     		mov	r1, r6
 843              	.LVL70:
 497:Middlewares/ST/STM32_USB_Device_Library/Class/AUDIO/Src/usbd_audio.c ****             ret = USBD_FAIL;
 844              		.loc 1 497 13 is_stmt 0 view .LVU244
 845 0072 FFF7FEFF 		bl	USBD_CtlError
 846              	.LVL71:
 498:Middlewares/ST/STM32_USB_Device_Library/Class/AUDIO/Src/usbd_audio.c ****           }
 847              		.loc 1 498 13 is_stmt 1 view .LVU245
 498:Middlewares/ST/STM32_USB_Device_Library/Class/AUDIO/Src/usbd_audio.c ****           }
 848              		.loc 1 498 17 is_stmt 0 view .LVU246
 849 0076 0324     		movs	r4, #3
 850 0078 49E0     		b	.L52
 851              	.LVL72:
 852              	.L71:
 493:Middlewares/ST/STM32_USB_Device_Library/Class/AUDIO/Src/usbd_audio.c ****           }
 853              		.loc 1 493 13 is_stmt 1 view .LVU247
 493:Middlewares/ST/STM32_USB_Device_Library/Class/AUDIO/Src/usbd_audio.c ****           }
 854              		.loc 1 493 19 is_stmt 0 view .LVU248
 855 007a 0222     		movs	r2, #2
 856 007c 0DF10601 		add	r1, sp, #6
 857              	.LVL73:
 493:Middlewares/ST/STM32_USB_Device_Library/Class/AUDIO/Src/usbd_audio.c ****           }
 858              		.loc 1 493 19 view .LVU249
 859 0080 FFF7FEFF 		bl	USBD_CtlSendData
 860              	.LVL74:
 458:Middlewares/ST/STM32_USB_Device_Library/Class/AUDIO/Src/usbd_audio.c **** 
 861              		.loc 1 458 22 view .LVU250
 862 0084 3C46     		mov	r4, r7
 863 0086 42E0     		b	.L52
 864              	.LVL75:
 865              	.L61:
 503:Middlewares/ST/STM32_USB_Device_Library/Class/AUDIO/Src/usbd_audio.c ****           {
 866              		.loc 1 503 11 is_stmt 1 view .LVU251
 503:Middlewares/ST/STM32_USB_Device_Library/Class/AUDIO/Src/usbd_audio.c ****           {
 867              		.loc 1 503 19 is_stmt 0 view .LVU252
 868 0088 7388     		ldrh	r3, [r6, #2]
ARM GAS  /tmp/ccwEZmEF.s 			page 36


 503:Middlewares/ST/STM32_USB_Device_Library/Class/AUDIO/Src/usbd_audio.c ****           {
 869              		.loc 1 503 34 view .LVU253
 870 008a 1B0A     		lsrs	r3, r3, #8
 503:Middlewares/ST/STM32_USB_Device_Library/Class/AUDIO/Src/usbd_audio.c ****           {
 871              		.loc 1 503 14 view .LVU254
 872 008c 212B     		cmp	r3, #33
 873 008e 3ED1     		bne	.L52
 505:Middlewares/ST/STM32_USB_Device_Library/Class/AUDIO/Src/usbd_audio.c ****             if (pbuf != NULL)
 874              		.loc 1 505 13 is_stmt 1 view .LVU255
 505:Middlewares/ST/STM32_USB_Device_Library/Class/AUDIO/Src/usbd_audio.c ****             if (pbuf != NULL)
 875              		.loc 1 505 31 is_stmt 0 view .LVU256
 876 0090 D0F8D002 		ldr	r0, [r0, #720]
 877              	.LVL76:
 505:Middlewares/ST/STM32_USB_Device_Library/Class/AUDIO/Src/usbd_audio.c ****             if (pbuf != NULL)
 878              		.loc 1 505 31 view .LVU257
 879 0094 FFF7FEFF 		bl	USBD_AUDIO_GetAudioHeaderDesc
 880              	.LVL77:
 506:Middlewares/ST/STM32_USB_Device_Library/Class/AUDIO/Src/usbd_audio.c ****             {
 881              		.loc 1 506 13 is_stmt 1 view .LVU258
 506:Middlewares/ST/STM32_USB_Device_Library/Class/AUDIO/Src/usbd_audio.c ****             {
 882              		.loc 1 506 16 is_stmt 0 view .LVU259
 883 0098 0146     		mov	r1, r0
 884 009a 38B1     		cbz	r0, .L64
 508:Middlewares/ST/STM32_USB_Device_Library/Class/AUDIO/Src/usbd_audio.c ****               (void)USBD_CtlSendData(pdev, pbuf, len);
 885              		.loc 1 508 15 is_stmt 1 view .LVU260
 508:Middlewares/ST/STM32_USB_Device_Library/Class/AUDIO/Src/usbd_audio.c ****               (void)USBD_CtlSendData(pdev, pbuf, len);
 886              		.loc 1 508 21 is_stmt 0 view .LVU261
 887 009c F288     		ldrh	r2, [r6, #6]
 888              	.LVL78:
 509:Middlewares/ST/STM32_USB_Device_Library/Class/AUDIO/Src/usbd_audio.c ****             }
 889              		.loc 1 509 15 is_stmt 1 view .LVU262
 509:Middlewares/ST/STM32_USB_Device_Library/Class/AUDIO/Src/usbd_audio.c ****             }
 890              		.loc 1 509 21 is_stmt 0 view .LVU263
 891 009e 092A     		cmp	r2, #9
 892 00a0 28BF     		it	cs
 893 00a2 0922     		movcs	r2, #9
 894              	.LVL79:
 509:Middlewares/ST/STM32_USB_Device_Library/Class/AUDIO/Src/usbd_audio.c ****             }
 895              		.loc 1 509 21 view .LVU264
 896 00a4 2846     		mov	r0, r5
 897              	.LVL80:
 509:Middlewares/ST/STM32_USB_Device_Library/Class/AUDIO/Src/usbd_audio.c ****             }
 898              		.loc 1 509 21 view .LVU265
 899 00a6 FFF7FEFF 		bl	USBD_CtlSendData
 900              	.LVL81:
 509:Middlewares/ST/STM32_USB_Device_Library/Class/AUDIO/Src/usbd_audio.c ****             }
 901              		.loc 1 509 21 view .LVU266
 902 00aa 30E0     		b	.L52
 903              	.LVL82:
 904              	.L64:
 513:Middlewares/ST/STM32_USB_Device_Library/Class/AUDIO/Src/usbd_audio.c ****               ret = USBD_FAIL;
 905              		.loc 1 513 15 is_stmt 1 view .LVU267
 906 00ac 3146     		mov	r1, r6
 907 00ae 2846     		mov	r0, r5
 908              	.LVL83:
 513:Middlewares/ST/STM32_USB_Device_Library/Class/AUDIO/Src/usbd_audio.c ****               ret = USBD_FAIL;
 909              		.loc 1 513 15 is_stmt 0 view .LVU268
ARM GAS  /tmp/ccwEZmEF.s 			page 37


 910 00b0 FFF7FEFF 		bl	USBD_CtlError
 911              	.LVL84:
 514:Middlewares/ST/STM32_USB_Device_Library/Class/AUDIO/Src/usbd_audio.c ****             }
 912              		.loc 1 514 15 is_stmt 1 view .LVU269
 514:Middlewares/ST/STM32_USB_Device_Library/Class/AUDIO/Src/usbd_audio.c ****             }
 913              		.loc 1 514 19 is_stmt 0 view .LVU270
 914 00b4 0324     		movs	r4, #3
 915 00b6 2AE0     		b	.L52
 916              	.LVL85:
 917              	.L60:
 520:Middlewares/ST/STM32_USB_Device_Library/Class/AUDIO/Src/usbd_audio.c ****           {
 918              		.loc 1 520 11 is_stmt 1 view .LVU271
 520:Middlewares/ST/STM32_USB_Device_Library/Class/AUDIO/Src/usbd_audio.c ****           {
 919              		.loc 1 520 19 is_stmt 0 view .LVU272
 920 00b8 90F89C32 		ldrb	r3, [r0, #668]	@ zero_extendqisi2
 921 00bc DBB2     		uxtb	r3, r3
 520:Middlewares/ST/STM32_USB_Device_Library/Class/AUDIO/Src/usbd_audio.c ****           {
 922              		.loc 1 520 14 view .LVU273
 923 00be 032B     		cmp	r3, #3
 924 00c0 04D0     		beq	.L72
 526:Middlewares/ST/STM32_USB_Device_Library/Class/AUDIO/Src/usbd_audio.c ****             ret = USBD_FAIL;
 925              		.loc 1 526 13 is_stmt 1 view .LVU274
 926 00c2 3146     		mov	r1, r6
 927              	.LVL86:
 526:Middlewares/ST/STM32_USB_Device_Library/Class/AUDIO/Src/usbd_audio.c ****             ret = USBD_FAIL;
 928              		.loc 1 526 13 is_stmt 0 view .LVU275
 929 00c4 FFF7FEFF 		bl	USBD_CtlError
 930              	.LVL87:
 527:Middlewares/ST/STM32_USB_Device_Library/Class/AUDIO/Src/usbd_audio.c ****           }
 931              		.loc 1 527 13 is_stmt 1 view .LVU276
 527:Middlewares/ST/STM32_USB_Device_Library/Class/AUDIO/Src/usbd_audio.c ****           }
 932              		.loc 1 527 17 is_stmt 0 view .LVU277
 933 00c8 0324     		movs	r4, #3
 934 00ca 20E0     		b	.L52
 935              	.LVL88:
 936              	.L72:
 522:Middlewares/ST/STM32_USB_Device_Library/Class/AUDIO/Src/usbd_audio.c ****           }
 937              		.loc 1 522 13 is_stmt 1 view .LVU278
 522:Middlewares/ST/STM32_USB_Device_Library/Class/AUDIO/Src/usbd_audio.c ****           }
 938              		.loc 1 522 19 is_stmt 0 view .LVU279
 939 00cc 0122     		movs	r2, #1
 940 00ce FFF7FEFF 		bl	USBD_CtlSendData
 941              	.LVL89:
 522:Middlewares/ST/STM32_USB_Device_Library/Class/AUDIO/Src/usbd_audio.c ****           }
 942              		.loc 1 522 19 view .LVU280
 943 00d2 1CE0     		b	.L52
 944              	.LVL90:
 945              	.L58:
 532:Middlewares/ST/STM32_USB_Device_Library/Class/AUDIO/Src/usbd_audio.c ****           {
 946              		.loc 1 532 11 is_stmt 1 view .LVU281
 532:Middlewares/ST/STM32_USB_Device_Library/Class/AUDIO/Src/usbd_audio.c ****           {
 947              		.loc 1 532 19 is_stmt 0 view .LVU282
 948 00d4 90F89C72 		ldrb	r7, [r0, #668]	@ zero_extendqisi2
 949 00d8 FFB2     		uxtb	r7, r7
 532:Middlewares/ST/STM32_USB_Device_Library/Class/AUDIO/Src/usbd_audio.c ****           {
 950              		.loc 1 532 14 view .LVU283
 951 00da 032F     		cmp	r7, #3
ARM GAS  /tmp/ccwEZmEF.s 			page 38


 952 00dc 09D1     		bne	.L66
 534:Middlewares/ST/STM32_USB_Device_Library/Class/AUDIO/Src/usbd_audio.c ****             {
 953              		.loc 1 534 13 is_stmt 1 view .LVU284
 534:Middlewares/ST/STM32_USB_Device_Library/Class/AUDIO/Src/usbd_audio.c ****             {
 954              		.loc 1 534 17 is_stmt 0 view .LVU285
 955 00de B378     		ldrb	r3, [r6, #2]	@ zero_extendqisi2
 534:Middlewares/ST/STM32_USB_Device_Library/Class/AUDIO/Src/usbd_audio.c ****             {
 956              		.loc 1 534 16 view .LVU286
 957 00e0 012B     		cmp	r3, #1
 958 00e2 01D8     		bhi	.L67
 536:Middlewares/ST/STM32_USB_Device_Library/Class/AUDIO/Src/usbd_audio.c ****             }
 959              		.loc 1 536 15 is_stmt 1 view .LVU287
 536:Middlewares/ST/STM32_USB_Device_Library/Class/AUDIO/Src/usbd_audio.c ****             }
 960              		.loc 1 536 35 is_stmt 0 view .LVU288
 961 00e4 0B60     		str	r3, [r1]
 962 00e6 12E0     		b	.L52
 963              	.L67:
 541:Middlewares/ST/STM32_USB_Device_Library/Class/AUDIO/Src/usbd_audio.c ****               ret = USBD_FAIL;
 964              		.loc 1 541 15 is_stmt 1 view .LVU289
 965 00e8 3146     		mov	r1, r6
 966              	.LVL91:
 541:Middlewares/ST/STM32_USB_Device_Library/Class/AUDIO/Src/usbd_audio.c ****               ret = USBD_FAIL;
 967              		.loc 1 541 15 is_stmt 0 view .LVU290
 968 00ea FFF7FEFF 		bl	USBD_CtlError
 969              	.LVL92:
 542:Middlewares/ST/STM32_USB_Device_Library/Class/AUDIO/Src/usbd_audio.c ****             }
 970              		.loc 1 542 15 is_stmt 1 view .LVU291
 542:Middlewares/ST/STM32_USB_Device_Library/Class/AUDIO/Src/usbd_audio.c ****             }
 971              		.loc 1 542 19 is_stmt 0 view .LVU292
 972 00ee 3C46     		mov	r4, r7
 973 00f0 0DE0     		b	.L52
 974              	.LVL93:
 975              	.L66:
 547:Middlewares/ST/STM32_USB_Device_Library/Class/AUDIO/Src/usbd_audio.c ****             ret = USBD_FAIL;
 976              		.loc 1 547 13 is_stmt 1 view .LVU293
 977 00f2 3146     		mov	r1, r6
 978              	.LVL94:
 547:Middlewares/ST/STM32_USB_Device_Library/Class/AUDIO/Src/usbd_audio.c ****             ret = USBD_FAIL;
 979              		.loc 1 547 13 is_stmt 0 view .LVU294
 980 00f4 FFF7FEFF 		bl	USBD_CtlError
 981              	.LVL95:
 548:Middlewares/ST/STM32_USB_Device_Library/Class/AUDIO/Src/usbd_audio.c ****           }
 982              		.loc 1 548 13 is_stmt 1 view .LVU295
 548:Middlewares/ST/STM32_USB_Device_Library/Class/AUDIO/Src/usbd_audio.c ****           }
 983              		.loc 1 548 17 is_stmt 0 view .LVU296
 984 00f8 0324     		movs	r4, #3
 985 00fa 08E0     		b	.L52
 986              	.LVL96:
 987              	.L57:
 556:Middlewares/ST/STM32_USB_Device_Library/Class/AUDIO/Src/usbd_audio.c ****           ret = USBD_FAIL;
 988              		.loc 1 556 11 is_stmt 1 view .LVU297
 989 00fc 3146     		mov	r1, r6
 990              	.LVL97:
 556:Middlewares/ST/STM32_USB_Device_Library/Class/AUDIO/Src/usbd_audio.c ****           ret = USBD_FAIL;
 991              		.loc 1 556 11 is_stmt 0 view .LVU298
 992 00fe FFF7FEFF 		bl	USBD_CtlError
 993              	.LVL98:
ARM GAS  /tmp/ccwEZmEF.s 			page 39


 557:Middlewares/ST/STM32_USB_Device_Library/Class/AUDIO/Src/usbd_audio.c ****           break;
 994              		.loc 1 557 11 is_stmt 1 view .LVU299
 558:Middlewares/ST/STM32_USB_Device_Library/Class/AUDIO/Src/usbd_audio.c ****       }
 995              		.loc 1 558 11 view .LVU300
 557:Middlewares/ST/STM32_USB_Device_Library/Class/AUDIO/Src/usbd_audio.c ****           break;
 996              		.loc 1 557 15 is_stmt 0 view .LVU301
 997 0102 0324     		movs	r4, #3
 558:Middlewares/ST/STM32_USB_Device_Library/Class/AUDIO/Src/usbd_audio.c ****       }
 998              		.loc 1 558 11 view .LVU302
 999 0104 03E0     		b	.L52
 1000              	.LVL99:
 1001              	.L54:
 562:Middlewares/ST/STM32_USB_Device_Library/Class/AUDIO/Src/usbd_audio.c ****       ret = USBD_FAIL;
 1002              		.loc 1 562 7 is_stmt 1 view .LVU303
 1003 0106 3146     		mov	r1, r6
 1004              	.LVL100:
 562:Middlewares/ST/STM32_USB_Device_Library/Class/AUDIO/Src/usbd_audio.c ****       ret = USBD_FAIL;
 1005              		.loc 1 562 7 is_stmt 0 view .LVU304
 1006 0108 FFF7FEFF 		bl	USBD_CtlError
 1007              	.LVL101:
 563:Middlewares/ST/STM32_USB_Device_Library/Class/AUDIO/Src/usbd_audio.c ****       break;
 1008              		.loc 1 563 7 is_stmt 1 view .LVU305
 564:Middlewares/ST/STM32_USB_Device_Library/Class/AUDIO/Src/usbd_audio.c ****   }
 1009              		.loc 1 564 7 view .LVU306
 563:Middlewares/ST/STM32_USB_Device_Library/Class/AUDIO/Src/usbd_audio.c ****       break;
 1010              		.loc 1 563 11 is_stmt 0 view .LVU307
 1011 010c 0324     		movs	r4, #3
 1012              	.LVL102:
 1013              	.L52:
 568:Middlewares/ST/STM32_USB_Device_Library/Class/AUDIO/Src/usbd_audio.c **** 
 1014              		.loc 1 568 1 view .LVU308
 1015 010e 2046     		mov	r0, r4
 1016 0110 03B0     		add	sp, sp, #12
 1017              	.LCFI11:
 1018              		.cfi_remember_state
 1019              		.cfi_def_cfa_offset 20
 1020              		@ sp needed
 1021 0112 F0BD     		pop	{r4, r5, r6, r7, pc}
 1022              	.LVL103:
 1023              	.L68:
 1024              	.LCFI12:
 1025              		.cfi_restore_state
 464:Middlewares/ST/STM32_USB_Device_Library/Class/AUDIO/Src/usbd_audio.c ****   }
 1026              		.loc 1 464 12 view .LVU309
 1027 0114 0324     		movs	r4, #3
 1028 0116 FAE7     		b	.L52
 1029              		.cfi_endproc
 1030              	.LFE68:
 1032              		.section	.text.USBD_AUDIO_DeInit,"ax",%progbits
 1033              		.align	1
 1034              		.syntax unified
 1035              		.thumb
 1036              		.thumb_func
 1038              	USBD_AUDIO_DeInit:
 1039              	.LVL104:
 1040              	.LFB67:
 419:Middlewares/ST/STM32_USB_Device_Library/Class/AUDIO/Src/usbd_audio.c ****   UNUSED(cfgidx);
ARM GAS  /tmp/ccwEZmEF.s 			page 40


 1041              		.loc 1 419 1 is_stmt 1 view -0
 1042              		.cfi_startproc
 1043              		@ args = 0, pretend = 0, frame = 0
 1044              		@ frame_needed = 0, uses_anonymous_args = 0
 419:Middlewares/ST/STM32_USB_Device_Library/Class/AUDIO/Src/usbd_audio.c ****   UNUSED(cfgidx);
 1045              		.loc 1 419 1 is_stmt 0 view .LVU311
 1046 0000 10B5     		push	{r4, lr}
 1047              	.LCFI13:
 1048              		.cfi_def_cfa_offset 8
 1049              		.cfi_offset 4, -8
 1050              		.cfi_offset 14, -4
 1051 0002 0446     		mov	r4, r0
 420:Middlewares/ST/STM32_USB_Device_Library/Class/AUDIO/Src/usbd_audio.c **** 
 1052              		.loc 1 420 3 is_stmt 1 view .LVU312
 428:Middlewares/ST/STM32_USB_Device_Library/Class/AUDIO/Src/usbd_audio.c ****   pdev->ep_out[AUDIOOutEpAdd & 0xFU].is_used = 0U;
 1053              		.loc 1 428 3 view .LVU313
 428:Middlewares/ST/STM32_USB_Device_Library/Class/AUDIO/Src/usbd_audio.c ****   pdev->ep_out[AUDIOOutEpAdd & 0xFU].is_used = 0U;
 1054              		.loc 1 428 9 is_stmt 0 view .LVU314
 1055 0004 0121     		movs	r1, #1
 1056              	.LVL105:
 428:Middlewares/ST/STM32_USB_Device_Library/Class/AUDIO/Src/usbd_audio.c ****   pdev->ep_out[AUDIOOutEpAdd & 0xFU].is_used = 0U;
 1057              		.loc 1 428 9 view .LVU315
 1058 0006 FFF7FEFF 		bl	USBD_LL_CloseEP
 1059              	.LVL106:
 429:Middlewares/ST/STM32_USB_Device_Library/Class/AUDIO/Src/usbd_audio.c ****   pdev->ep_out[AUDIOOutEpAdd & 0xFU].bInterval = 0U;
 1060              		.loc 1 429 3 is_stmt 1 view .LVU316
 429:Middlewares/ST/STM32_USB_Device_Library/Class/AUDIO/Src/usbd_audio.c ****   pdev->ep_out[AUDIOOutEpAdd & 0xFU].bInterval = 0U;
 1061              		.loc 1 429 46 is_stmt 0 view .LVU317
 1062 000a 0023     		movs	r3, #0
 1063 000c 84F87731 		strb	r3, [r4, #375]
 430:Middlewares/ST/STM32_USB_Device_Library/Class/AUDIO/Src/usbd_audio.c **** 
 1064              		.loc 1 430 3 is_stmt 1 view .LVU318
 430:Middlewares/ST/STM32_USB_Device_Library/Class/AUDIO/Src/usbd_audio.c **** 
 1065              		.loc 1 430 48 is_stmt 0 view .LVU319
 1066 0010 C4F87031 		str	r3, [r4, #368]
 433:Middlewares/ST/STM32_USB_Device_Library/Class/AUDIO/Src/usbd_audio.c ****   {
 1067              		.loc 1 433 3 is_stmt 1 view .LVU320
 433:Middlewares/ST/STM32_USB_Device_Library/Class/AUDIO/Src/usbd_audio.c ****   {
 1068              		.loc 1 433 33 is_stmt 0 view .LVU321
 1069 0014 D4F8D432 		ldr	r3, [r4, #724]
 433:Middlewares/ST/STM32_USB_Device_Library/Class/AUDIO/Src/usbd_audio.c ****   {
 1070              		.loc 1 433 28 view .LVU322
 1071 0018 03F1B002 		add	r2, r3, #176
 1072 001c 54F82220 		ldr	r2, [r4, r2, lsl #2]
 433:Middlewares/ST/STM32_USB_Device_Library/Class/AUDIO/Src/usbd_audio.c ****   {
 1073              		.loc 1 433 6 view .LVU323
 1074 0020 AAB1     		cbz	r2, .L74
 435:Middlewares/ST/STM32_USB_Device_Library/Class/AUDIO/Src/usbd_audio.c ****     (void)USBD_free(pdev->pClassDataCmsit[pdev->classId]);
 1075              		.loc 1 435 5 is_stmt 1 view .LVU324
 435:Middlewares/ST/STM32_USB_Device_Library/Class/AUDIO/Src/usbd_audio.c ****     (void)USBD_free(pdev->pClassDataCmsit[pdev->classId]);
 1076              		.loc 1 435 46 is_stmt 0 view .LVU325
 1077 0022 B033     		adds	r3, r3, #176
 1078 0024 04EB8303 		add	r3, r4, r3, lsl #2
 1079 0028 5B68     		ldr	r3, [r3, #4]
 435:Middlewares/ST/STM32_USB_Device_Library/Class/AUDIO/Src/usbd_audio.c ****     (void)USBD_free(pdev->pClassDataCmsit[pdev->classId]);
 1080              		.loc 1 435 62 view .LVU326
 1081 002a 5B68     		ldr	r3, [r3, #4]
ARM GAS  /tmp/ccwEZmEF.s 			page 41


 435:Middlewares/ST/STM32_USB_Device_Library/Class/AUDIO/Src/usbd_audio.c ****     (void)USBD_free(pdev->pClassDataCmsit[pdev->classId]);
 1082              		.loc 1 435 6 view .LVU327
 1083 002c 0020     		movs	r0, #0
 1084 002e 9847     		blx	r3
 1085              	.LVL107:
 436:Middlewares/ST/STM32_USB_Device_Library/Class/AUDIO/Src/usbd_audio.c ****     pdev->pClassDataCmsit[pdev->classId] = NULL;
 1086              		.loc 1 436 5 is_stmt 1 view .LVU328
 436:Middlewares/ST/STM32_USB_Device_Library/Class/AUDIO/Src/usbd_audio.c ****     pdev->pClassDataCmsit[pdev->classId] = NULL;
 1087              		.loc 1 436 47 is_stmt 0 view .LVU329
 1088 0030 D4F8D432 		ldr	r3, [r4, #724]
 436:Middlewares/ST/STM32_USB_Device_Library/Class/AUDIO/Src/usbd_audio.c ****     pdev->pClassDataCmsit[pdev->classId] = NULL;
 1089              		.loc 1 436 5 view .LVU330
 1090 0034 B033     		adds	r3, r3, #176
 1091 0036 54F82300 		ldr	r0, [r4, r3, lsl #2]
 1092 003a FFF7FEFF 		bl	USBD_static_free
 1093              	.LVL108:
 437:Middlewares/ST/STM32_USB_Device_Library/Class/AUDIO/Src/usbd_audio.c ****     pdev->pClassData = NULL;
 1094              		.loc 1 437 5 is_stmt 1 view .LVU331
 437:Middlewares/ST/STM32_USB_Device_Library/Class/AUDIO/Src/usbd_audio.c ****     pdev->pClassData = NULL;
 1095              		.loc 1 437 31 is_stmt 0 view .LVU332
 1096 003e D4F8D432 		ldr	r3, [r4, #724]
 437:Middlewares/ST/STM32_USB_Device_Library/Class/AUDIO/Src/usbd_audio.c ****     pdev->pClassData = NULL;
 1097              		.loc 1 437 42 view .LVU333
 1098 0042 B033     		adds	r3, r3, #176
 1099 0044 0022     		movs	r2, #0
 1100 0046 44F82320 		str	r2, [r4, r3, lsl #2]
 438:Middlewares/ST/STM32_USB_Device_Library/Class/AUDIO/Src/usbd_audio.c ****   }
 1101              		.loc 1 438 5 is_stmt 1 view .LVU334
 438:Middlewares/ST/STM32_USB_Device_Library/Class/AUDIO/Src/usbd_audio.c ****   }
 1102              		.loc 1 438 22 is_stmt 0 view .LVU335
 1103 004a C4F8BC22 		str	r2, [r4, #700]
 1104              	.L74:
 441:Middlewares/ST/STM32_USB_Device_Library/Class/AUDIO/Src/usbd_audio.c **** }
 1105              		.loc 1 441 3 is_stmt 1 view .LVU336
 442:Middlewares/ST/STM32_USB_Device_Library/Class/AUDIO/Src/usbd_audio.c **** 
 1106              		.loc 1 442 1 is_stmt 0 view .LVU337
 1107 004e 0020     		movs	r0, #0
 1108 0050 10BD     		pop	{r4, pc}
 442:Middlewares/ST/STM32_USB_Device_Library/Class/AUDIO/Src/usbd_audio.c **** 
 1109              		.loc 1 442 1 view .LVU338
 1110              		.cfi_endproc
 1111              	.LFE67:
 1113              		.section	.text.USBD_AUDIO_Init,"ax",%progbits
 1114              		.align	1
 1115              		.syntax unified
 1116              		.thumb
 1117              		.thumb_func
 1119              	USBD_AUDIO_Init:
 1120              	.LVL109:
 1121              	.LFB66:
 356:Middlewares/ST/STM32_USB_Device_Library/Class/AUDIO/Src/usbd_audio.c ****   UNUSED(cfgidx);
 1122              		.loc 1 356 1 is_stmt 1 view -0
 1123              		.cfi_startproc
 1124              		@ args = 0, pretend = 0, frame = 0
 1125              		@ frame_needed = 0, uses_anonymous_args = 0
 356:Middlewares/ST/STM32_USB_Device_Library/Class/AUDIO/Src/usbd_audio.c ****   UNUSED(cfgidx);
 1126              		.loc 1 356 1 is_stmt 0 view .LVU340
ARM GAS  /tmp/ccwEZmEF.s 			page 42


 1127 0000 38B5     		push	{r3, r4, r5, lr}
 1128              	.LCFI14:
 1129              		.cfi_def_cfa_offset 16
 1130              		.cfi_offset 3, -16
 1131              		.cfi_offset 4, -12
 1132              		.cfi_offset 5, -8
 1133              		.cfi_offset 14, -4
 1134 0002 0446     		mov	r4, r0
 357:Middlewares/ST/STM32_USB_Device_Library/Class/AUDIO/Src/usbd_audio.c ****   USBD_AUDIO_HandleTypeDef *haudio;
 1135              		.loc 1 357 3 is_stmt 1 view .LVU341
 358:Middlewares/ST/STM32_USB_Device_Library/Class/AUDIO/Src/usbd_audio.c **** 
 1136              		.loc 1 358 3 view .LVU342
 361:Middlewares/ST/STM32_USB_Device_Library/Class/AUDIO/Src/usbd_audio.c **** 
 1137              		.loc 1 361 3 view .LVU343
 361:Middlewares/ST/STM32_USB_Device_Library/Class/AUDIO/Src/usbd_audio.c **** 
 1138              		.loc 1 361 40 is_stmt 0 view .LVU344
 1139 0004 4FF42560 		mov	r0, #2640
 1140              	.LVL110:
 361:Middlewares/ST/STM32_USB_Device_Library/Class/AUDIO/Src/usbd_audio.c **** 
 1141              		.loc 1 361 40 view .LVU345
 1142 0008 FFF7FEFF 		bl	USBD_static_malloc
 1143              	.LVL111:
 363:Middlewares/ST/STM32_USB_Device_Library/Class/AUDIO/Src/usbd_audio.c ****   {
 1144              		.loc 1 363 3 is_stmt 1 view .LVU346
 363:Middlewares/ST/STM32_USB_Device_Library/Class/AUDIO/Src/usbd_audio.c ****   {
 1145              		.loc 1 363 6 is_stmt 0 view .LVU347
 1146 000c A0B3     		cbz	r0, .L83
 1147 000e 0546     		mov	r5, r0
 369:Middlewares/ST/STM32_USB_Device_Library/Class/AUDIO/Src/usbd_audio.c ****   pdev->pClassData = pdev->pClassDataCmsit[pdev->classId];
 1148              		.loc 1 369 3 is_stmt 1 view .LVU348
 369:Middlewares/ST/STM32_USB_Device_Library/Class/AUDIO/Src/usbd_audio.c ****   pdev->pClassData = pdev->pClassDataCmsit[pdev->classId];
 1149              		.loc 1 369 29 is_stmt 0 view .LVU349
 1150 0010 D4F8D432 		ldr	r3, [r4, #724]
 369:Middlewares/ST/STM32_USB_Device_Library/Class/AUDIO/Src/usbd_audio.c ****   pdev->pClassData = pdev->pClassDataCmsit[pdev->classId];
 1151              		.loc 1 369 40 view .LVU350
 1152 0014 B033     		adds	r3, r3, #176
 1153 0016 44F82300 		str	r0, [r4, r3, lsl #2]
 370:Middlewares/ST/STM32_USB_Device_Library/Class/AUDIO/Src/usbd_audio.c **** 
 1154              		.loc 1 370 3 is_stmt 1 view .LVU351
 370:Middlewares/ST/STM32_USB_Device_Library/Class/AUDIO/Src/usbd_audio.c **** 
 1155              		.loc 1 370 20 is_stmt 0 view .LVU352
 1156 001a C4F8BC02 		str	r0, [r4, #700]
 377:Middlewares/ST/STM32_USB_Device_Library/Class/AUDIO/Src/usbd_audio.c ****   {
 1157              		.loc 1 377 3 is_stmt 1 view .LVU353
 377:Middlewares/ST/STM32_USB_Device_Library/Class/AUDIO/Src/usbd_audio.c ****   {
 1158              		.loc 1 377 11 is_stmt 0 view .LVU354
 1159 001e 237C     		ldrb	r3, [r4, #16]	@ zero_extendqisi2
 377:Middlewares/ST/STM32_USB_Device_Library/Class/AUDIO/Src/usbd_audio.c ****   {
 1160              		.loc 1 377 6 view .LVU355
 1161 0020 93BB     		cbnz	r3, .L79
 379:Middlewares/ST/STM32_USB_Device_Library/Class/AUDIO/Src/usbd_audio.c ****   }
 1162              		.loc 1 379 5 is_stmt 1 view .LVU356
 379:Middlewares/ST/STM32_USB_Device_Library/Class/AUDIO/Src/usbd_audio.c ****   }
 1163              		.loc 1 379 50 is_stmt 0 view .LVU357
 1164 0022 0123     		movs	r3, #1
 1165 0024 C4F87031 		str	r3, [r4, #368]
 1166              	.L80:
ARM GAS  /tmp/ccwEZmEF.s 			page 43


 387:Middlewares/ST/STM32_USB_Device_Library/Class/AUDIO/Src/usbd_audio.c ****   pdev->ep_out[AUDIOOutEpAdd & 0xFU].is_used = 1U;
 1167              		.loc 1 387 3 is_stmt 1 view .LVU358
 387:Middlewares/ST/STM32_USB_Device_Library/Class/AUDIO/Src/usbd_audio.c ****   pdev->ep_out[AUDIOOutEpAdd & 0xFU].is_used = 1U;
 1168              		.loc 1 387 9 is_stmt 0 view .LVU359
 1169 0028 4023     		movs	r3, #64
 1170 002a 0122     		movs	r2, #1
 1171 002c 1146     		mov	r1, r2
 1172 002e 2046     		mov	r0, r4
 1173              	.LVL112:
 387:Middlewares/ST/STM32_USB_Device_Library/Class/AUDIO/Src/usbd_audio.c ****   pdev->ep_out[AUDIOOutEpAdd & 0xFU].is_used = 1U;
 1174              		.loc 1 387 9 view .LVU360
 1175 0030 FFF7FEFF 		bl	USBD_LL_OpenEP
 1176              	.LVL113:
 388:Middlewares/ST/STM32_USB_Device_Library/Class/AUDIO/Src/usbd_audio.c **** 
 1177              		.loc 1 388 3 is_stmt 1 view .LVU361
 388:Middlewares/ST/STM32_USB_Device_Library/Class/AUDIO/Src/usbd_audio.c **** 
 1178              		.loc 1 388 46 is_stmt 0 view .LVU362
 1179 0034 0123     		movs	r3, #1
 1180 0036 84F87731 		strb	r3, [r4, #375]
 390:Middlewares/ST/STM32_USB_Device_Library/Class/AUDIO/Src/usbd_audio.c ****   haudio->offset = AUDIO_OFFSET_UNKNOWN;
 1181              		.loc 1 390 3 is_stmt 1 view .LVU363
 390:Middlewares/ST/STM32_USB_Device_Library/Class/AUDIO/Src/usbd_audio.c ****   haudio->offset = AUDIO_OFFSET_UNKNOWN;
 1182              		.loc 1 390 23 is_stmt 0 view .LVU364
 1183 003a 0022     		movs	r2, #0
 1184 003c 2A60     		str	r2, [r5]
 391:Middlewares/ST/STM32_USB_Device_Library/Class/AUDIO/Src/usbd_audio.c ****   haudio->wr_ptr = 0U;
 1185              		.loc 1 391 3 is_stmt 1 view .LVU365
 391:Middlewares/ST/STM32_USB_Device_Library/Class/AUDIO/Src/usbd_audio.c ****   haudio->wr_ptr = 0U;
 1186              		.loc 1 391 18 is_stmt 0 view .LVU366
 1187 003e 0323     		movs	r3, #3
 1188 0040 85F8043A 		strb	r3, [r5, #2564]
 392:Middlewares/ST/STM32_USB_Device_Library/Class/AUDIO/Src/usbd_audio.c ****   haudio->rd_ptr = 0U;
 1189              		.loc 1 392 3 is_stmt 1 view .LVU367
 392:Middlewares/ST/STM32_USB_Device_Library/Class/AUDIO/Src/usbd_audio.c ****   haudio->rd_ptr = 0U;
 1190              		.loc 1 392 18 is_stmt 0 view .LVU368
 1191 0044 A5F8082A 		strh	r2, [r5, #2568]	@ movhi
 393:Middlewares/ST/STM32_USB_Device_Library/Class/AUDIO/Src/usbd_audio.c ****   haudio->rd_enable = 0U;
 1192              		.loc 1 393 3 is_stmt 1 view .LVU369
 393:Middlewares/ST/STM32_USB_Device_Library/Class/AUDIO/Src/usbd_audio.c ****   haudio->rd_enable = 0U;
 1193              		.loc 1 393 18 is_stmt 0 view .LVU370
 1194 0048 A5F8062A 		strh	r2, [r5, #2566]	@ movhi
 394:Middlewares/ST/STM32_USB_Device_Library/Class/AUDIO/Src/usbd_audio.c **** 
 1195              		.loc 1 394 3 is_stmt 1 view .LVU371
 394:Middlewares/ST/STM32_USB_Device_Library/Class/AUDIO/Src/usbd_audio.c **** 
 1196              		.loc 1 394 21 is_stmt 0 view .LVU372
 1197 004c 85F8052A 		strb	r2, [r5, #2565]
 397:Middlewares/ST/STM32_USB_Device_Library/Class/AUDIO/Src/usbd_audio.c ****                                                                       AUDIO_DEFAULT_VOLUME,
 1198              		.loc 1 397 3 is_stmt 1 view .LVU373
 397:Middlewares/ST/STM32_USB_Device_Library/Class/AUDIO/Src/usbd_audio.c ****                                                                       AUDIO_DEFAULT_VOLUME,
 1199              		.loc 1 397 53 is_stmt 0 view .LVU374
 1200 0050 D4F8D432 		ldr	r3, [r4, #724]
 397:Middlewares/ST/STM32_USB_Device_Library/Class/AUDIO/Src/usbd_audio.c ****                                                                       AUDIO_DEFAULT_VOLUME,
 1201              		.loc 1 397 48 view .LVU375
 1202 0054 B033     		adds	r3, r3, #176
 1203 0056 04EB8303 		add	r3, r4, r3, lsl #2
 1204 005a 5B68     		ldr	r3, [r3, #4]
 397:Middlewares/ST/STM32_USB_Device_Library/Class/AUDIO/Src/usbd_audio.c ****                                                                       AUDIO_DEFAULT_VOLUME,
ARM GAS  /tmp/ccwEZmEF.s 			page 44


 1205              		.loc 1 397 64 view .LVU376
 1206 005c 1B68     		ldr	r3, [r3]
 397:Middlewares/ST/STM32_USB_Device_Library/Class/AUDIO/Src/usbd_audio.c ****                                                                       AUDIO_DEFAULT_VOLUME,
 1207              		.loc 1 397 8 view .LVU377
 1208 005e 4621     		movs	r1, #70
 1209 0060 4FF47A50 		mov	r0, #16000
 1210 0064 9847     		blx	r3
 1211              	.LVL114:
 397:Middlewares/ST/STM32_USB_Device_Library/Class/AUDIO/Src/usbd_audio.c ****                                                                       AUDIO_DEFAULT_VOLUME,
 1212              		.loc 1 397 6 discriminator 1 view .LVU378
 1213 0066 98B9     		cbnz	r0, .L81
 405:Middlewares/ST/STM32_USB_Device_Library/Class/AUDIO/Src/usbd_audio.c ****                                AUDIO_OUT_PACKET);
 1214              		.loc 1 405 3 is_stmt 1 view .LVU379
 405:Middlewares/ST/STM32_USB_Device_Library/Class/AUDIO/Src/usbd_audio.c ****                                AUDIO_OUT_PACKET);
 1215              		.loc 1 405 9 is_stmt 0 view .LVU380
 1216 0068 4023     		movs	r3, #64
 1217 006a 2A1D     		adds	r2, r5, #4
 1218 006c 0121     		movs	r1, #1
 1219 006e 2046     		mov	r0, r4
 1220 0070 FFF7FEFF 		bl	USBD_LL_PrepareReceive
 1221              	.LVL115:
 408:Middlewares/ST/STM32_USB_Device_Library/Class/AUDIO/Src/usbd_audio.c **** }
 1222              		.loc 1 408 3 is_stmt 1 view .LVU381
 408:Middlewares/ST/STM32_USB_Device_Library/Class/AUDIO/Src/usbd_audio.c **** }
 1223              		.loc 1 408 10 is_stmt 0 view .LVU382
 1224 0074 0020     		movs	r0, #0
 1225              	.LVL116:
 1226              	.L78:
 409:Middlewares/ST/STM32_USB_Device_Library/Class/AUDIO/Src/usbd_audio.c **** 
 1227              		.loc 1 409 1 view .LVU383
 1228 0076 38BD     		pop	{r3, r4, r5, pc}
 1229              	.LVL117:
 1230              	.L83:
 365:Middlewares/ST/STM32_USB_Device_Library/Class/AUDIO/Src/usbd_audio.c ****     return (uint8_t)USBD_EMEM;
 1231              		.loc 1 365 5 is_stmt 1 view .LVU384
 365:Middlewares/ST/STM32_USB_Device_Library/Class/AUDIO/Src/usbd_audio.c ****     return (uint8_t)USBD_EMEM;
 1232              		.loc 1 365 31 is_stmt 0 view .LVU385
 1233 0078 D4F8D432 		ldr	r3, [r4, #724]
 365:Middlewares/ST/STM32_USB_Device_Library/Class/AUDIO/Src/usbd_audio.c ****     return (uint8_t)USBD_EMEM;
 1234              		.loc 1 365 42 view .LVU386
 1235 007c B033     		adds	r3, r3, #176
 1236 007e 0022     		movs	r2, #0
 1237 0080 44F82320 		str	r2, [r4, r3, lsl #2]
 366:Middlewares/ST/STM32_USB_Device_Library/Class/AUDIO/Src/usbd_audio.c ****   }
 1238              		.loc 1 366 5 is_stmt 1 view .LVU387
 366:Middlewares/ST/STM32_USB_Device_Library/Class/AUDIO/Src/usbd_audio.c ****   }
 1239              		.loc 1 366 12 is_stmt 0 view .LVU388
 1240 0084 0220     		movs	r0, #2
 1241              	.LVL118:
 366:Middlewares/ST/STM32_USB_Device_Library/Class/AUDIO/Src/usbd_audio.c ****   }
 1242              		.loc 1 366 12 view .LVU389
 1243 0086 F6E7     		b	.L78
 1244              	.LVL119:
 1245              	.L79:
 383:Middlewares/ST/STM32_USB_Device_Library/Class/AUDIO/Src/usbd_audio.c ****   }
 1246              		.loc 1 383 5 is_stmt 1 view .LVU390
 383:Middlewares/ST/STM32_USB_Device_Library/Class/AUDIO/Src/usbd_audio.c ****   }
ARM GAS  /tmp/ccwEZmEF.s 			page 45


 1247              		.loc 1 383 50 is_stmt 0 view .LVU391
 1248 0088 0123     		movs	r3, #1
 1249 008a C4F87031 		str	r3, [r4, #368]
 1250 008e CBE7     		b	.L80
 1251              	.LVL120:
 1252              	.L81:
 401:Middlewares/ST/STM32_USB_Device_Library/Class/AUDIO/Src/usbd_audio.c ****   }
 1253              		.loc 1 401 12 view .LVU392
 1254 0090 0320     		movs	r0, #3
 1255 0092 F0E7     		b	.L78
 1256              		.cfi_endproc
 1257              	.LFE66:
 1259              		.section	.text.USBD_AUDIO_Sync,"ax",%progbits
 1260              		.align	1
 1261              		.global	USBD_AUDIO_Sync
 1262              		.syntax unified
 1263              		.thumb
 1264              		.thumb_func
 1266              	USBD_AUDIO_Sync:
 1267              	.LVL121:
 1268              	.LFB74:
 664:Middlewares/ST/STM32_USB_Device_Library/Class/AUDIO/Src/usbd_audio.c ****   USBD_AUDIO_HandleTypeDef *haudio;
 1269              		.loc 1 664 1 is_stmt 1 view -0
 1270              		.cfi_startproc
 1271              		@ args = 0, pretend = 0, frame = 0
 1272              		@ frame_needed = 0, uses_anonymous_args = 0
 664:Middlewares/ST/STM32_USB_Device_Library/Class/AUDIO/Src/usbd_audio.c ****   USBD_AUDIO_HandleTypeDef *haudio;
 1273              		.loc 1 664 1 is_stmt 0 view .LVU394
 1274 0000 10B5     		push	{r4, lr}
 1275              	.LCFI15:
 1276              		.cfi_def_cfa_offset 8
 1277              		.cfi_offset 4, -8
 1278              		.cfi_offset 14, -4
 665:Middlewares/ST/STM32_USB_Device_Library/Class/AUDIO/Src/usbd_audio.c ****   uint32_t BufferSize = AUDIO_TOTAL_BUF_SIZE / 2U;
 1279              		.loc 1 665 3 is_stmt 1 view .LVU395
 666:Middlewares/ST/STM32_USB_Device_Library/Class/AUDIO/Src/usbd_audio.c **** 
 1280              		.loc 1 666 3 view .LVU396
 1281              	.LVL122:
 668:Middlewares/ST/STM32_USB_Device_Library/Class/AUDIO/Src/usbd_audio.c ****   {
 1282              		.loc 1 668 3 view .LVU397
 668:Middlewares/ST/STM32_USB_Device_Library/Class/AUDIO/Src/usbd_audio.c ****   {
 1283              		.loc 1 668 33 is_stmt 0 view .LVU398
 1284 0002 D0F8D422 		ldr	r2, [r0, #724]
 668:Middlewares/ST/STM32_USB_Device_Library/Class/AUDIO/Src/usbd_audio.c ****   {
 1285              		.loc 1 668 28 view .LVU399
 1286 0006 B032     		adds	r2, r2, #176
 1287 0008 50F82240 		ldr	r4, [r0, r2, lsl #2]
 668:Middlewares/ST/STM32_USB_Device_Library/Class/AUDIO/Src/usbd_audio.c ****   {
 1288              		.loc 1 668 6 view .LVU400
 1289 000c 84B3     		cbz	r4, .L84
 1290 000e 0B46     		mov	r3, r1
 673:Middlewares/ST/STM32_USB_Device_Library/Class/AUDIO/Src/usbd_audio.c **** 
 1291              		.loc 1 673 3 is_stmt 1 view .LVU401
 1292              	.LVL123:
 675:Middlewares/ST/STM32_USB_Device_Library/Class/AUDIO/Src/usbd_audio.c **** 
 1293              		.loc 1 675 3 view .LVU402
 675:Middlewares/ST/STM32_USB_Device_Library/Class/AUDIO/Src/usbd_audio.c **** 
ARM GAS  /tmp/ccwEZmEF.s 			page 46


 1294              		.loc 1 675 18 is_stmt 0 view .LVU403
 1295 0010 84F8041A 		strb	r1, [r4, #2564]
 677:Middlewares/ST/STM32_USB_Device_Library/Class/AUDIO/Src/usbd_audio.c ****   {
 1296              		.loc 1 677 3 is_stmt 1 view .LVU404
 677:Middlewares/ST/STM32_USB_Device_Library/Class/AUDIO/Src/usbd_audio.c ****   {
 1297              		.loc 1 677 13 is_stmt 0 view .LVU405
 1298 0014 94F8052A 		ldrb	r2, [r4, #2565]	@ zero_extendqisi2
 677:Middlewares/ST/STM32_USB_Device_Library/Class/AUDIO/Src/usbd_audio.c ****   {
 1299              		.loc 1 677 6 view .LVU406
 1300 0018 012A     		cmp	r2, #1
 1301 001a 0ED0     		beq	.L94
 1302              	.L86:
 688:Middlewares/ST/STM32_USB_Device_Library/Class/AUDIO/Src/usbd_audio.c ****   {
 1303              		.loc 1 688 3 is_stmt 1 view .LVU407
 688:Middlewares/ST/STM32_USB_Device_Library/Class/AUDIO/Src/usbd_audio.c ****   {
 1304              		.loc 1 688 13 is_stmt 0 view .LVU408
 1305 001c B4F8061A 		ldrh	r1, [r4, #2566]
 1306              	.LVL124:
 688:Middlewares/ST/STM32_USB_Device_Library/Class/AUDIO/Src/usbd_audio.c ****   {
 1307              		.loc 1 688 30 view .LVU409
 1308 0020 B4F8082A 		ldrh	r2, [r4, #2568]
 688:Middlewares/ST/STM32_USB_Device_Library/Class/AUDIO/Src/usbd_audio.c ****   {
 1309              		.loc 1 688 6 view .LVU410
 1310 0024 9142     		cmp	r1, r2
 1311 0026 16D9     		bls	.L87
 690:Middlewares/ST/STM32_USB_Device_Library/Class/AUDIO/Src/usbd_audio.c ****     {
 1312              		.loc 1 690 5 is_stmt 1 view .LVU411
 690:Middlewares/ST/STM32_USB_Device_Library/Class/AUDIO/Src/usbd_audio.c ****     {
 1313              		.loc 1 690 25 is_stmt 0 view .LVU412
 1314 0028 891A     		subs	r1, r1, r2
 690:Middlewares/ST/STM32_USB_Device_Library/Class/AUDIO/Src/usbd_audio.c ****     {
 1315              		.loc 1 690 8 view .LVU413
 1316 002a 3F29     		cmp	r1, #63
 1317 002c 1CDD     		ble	.L89
 696:Middlewares/ST/STM32_USB_Device_Library/Class/AUDIO/Src/usbd_audio.c ****       {
 1318              		.loc 1 696 7 is_stmt 1 view .LVU414
 696:Middlewares/ST/STM32_USB_Device_Library/Class/AUDIO/Src/usbd_audio.c ****       {
 1319              		.loc 1 696 10 is_stmt 0 view .LVU415
 1320 002e B1F51C6F 		cmp	r1, #2496
 1321 0032 1EDC     		bgt	.L90
 666:Middlewares/ST/STM32_USB_Device_Library/Class/AUDIO/Src/usbd_audio.c **** 
 1322              		.loc 1 666 12 view .LVU416
 1323 0034 4FF4A061 		mov	r1, #1280
 1324 0038 18E0     		b	.L88
 1325              	.LVL125:
 1326              	.L94:
 679:Middlewares/ST/STM32_USB_Device_Library/Class/AUDIO/Src/usbd_audio.c **** 
 1327              		.loc 1 679 5 is_stmt 1 view .LVU417
 679:Middlewares/ST/STM32_USB_Device_Library/Class/AUDIO/Src/usbd_audio.c **** 
 1328              		.loc 1 679 11 is_stmt 0 view .LVU418
 1329 003a B4F8062A 		ldrh	r2, [r4, #2566]
 679:Middlewares/ST/STM32_USB_Device_Library/Class/AUDIO/Src/usbd_audio.c **** 
 1330              		.loc 1 679 20 view .LVU419
 1331 003e 02F5A062 		add	r2, r2, #1280
 1332 0042 92B2     		uxth	r2, r2
 1333 0044 A4F8062A 		strh	r2, [r4, #2566]	@ movhi
 681:Middlewares/ST/STM32_USB_Device_Library/Class/AUDIO/Src/usbd_audio.c ****     {
ARM GAS  /tmp/ccwEZmEF.s 			page 47


 1334              		.loc 1 681 5 is_stmt 1 view .LVU420
 681:Middlewares/ST/STM32_USB_Device_Library/Class/AUDIO/Src/usbd_audio.c ****     {
 1335              		.loc 1 681 8 is_stmt 0 view .LVU421
 1336 0048 B2F5206F 		cmp	r2, #2560
 1337 004c E6D1     		bne	.L86
 684:Middlewares/ST/STM32_USB_Device_Library/Class/AUDIO/Src/usbd_audio.c ****     }
 1338              		.loc 1 684 7 is_stmt 1 view .LVU422
 684:Middlewares/ST/STM32_USB_Device_Library/Class/AUDIO/Src/usbd_audio.c ****     }
 1339              		.loc 1 684 22 is_stmt 0 view .LVU423
 1340 004e 0022     		movs	r2, #0
 1341 0050 A4F8062A 		strh	r2, [r4, #2566]	@ movhi
 1342 0054 E2E7     		b	.L86
 1343              	.LVL126:
 1344              	.L87:
 704:Middlewares/ST/STM32_USB_Device_Library/Class/AUDIO/Src/usbd_audio.c ****     {
 1345              		.loc 1 704 5 is_stmt 1 view .LVU424
 704:Middlewares/ST/STM32_USB_Device_Library/Class/AUDIO/Src/usbd_audio.c ****     {
 1346              		.loc 1 704 25 is_stmt 0 view .LVU425
 1347 0056 521A     		subs	r2, r2, r1
 704:Middlewares/ST/STM32_USB_Device_Library/Class/AUDIO/Src/usbd_audio.c ****     {
 1348              		.loc 1 704 8 view .LVU426
 1349 0058 3F2A     		cmp	r2, #63
 1350 005a 0DDD     		ble	.L91
 710:Middlewares/ST/STM32_USB_Device_Library/Class/AUDIO/Src/usbd_audio.c ****       {
 1351              		.loc 1 710 7 is_stmt 1 view .LVU427
 710:Middlewares/ST/STM32_USB_Device_Library/Class/AUDIO/Src/usbd_audio.c ****       {
 1352              		.loc 1 710 10 is_stmt 0 view .LVU428
 1353 005c B2F51C6F 		cmp	r2, #2496
 1354 0060 0DDC     		bgt	.L92
 666:Middlewares/ST/STM32_USB_Device_Library/Class/AUDIO/Src/usbd_audio.c **** 
 1355              		.loc 1 666 12 view .LVU429
 1356 0062 4FF4A061 		mov	r1, #1280
 1357 0066 01E0     		b	.L88
 1358              	.L89:
 692:Middlewares/ST/STM32_USB_Device_Library/Class/AUDIO/Src/usbd_audio.c ****     }
 1359              		.loc 1 692 18 view .LVU430
 1360 0068 40F20451 		movw	r1, #1284
 1361              	.L88:
 1362              	.LVL127:
 717:Middlewares/ST/STM32_USB_Device_Library/Class/AUDIO/Src/usbd_audio.c ****   {
 1363              		.loc 1 717 3 is_stmt 1 view .LVU431
 717:Middlewares/ST/STM32_USB_Device_Library/Class/AUDIO/Src/usbd_audio.c ****   {
 1364              		.loc 1 717 6 is_stmt 0 view .LVU432
 1365 006c 022B     		cmp	r3, #2
 1366 006e 09D0     		beq	.L95
 1367              	.LVL128:
 1368              	.L84:
 723:Middlewares/ST/STM32_USB_Device_Library/Class/AUDIO/Src/usbd_audio.c **** 
 1369              		.loc 1 723 1 view .LVU433
 1370 0070 10BD     		pop	{r4, pc}
 1371              	.LVL129:
 1372              	.L90:
 698:Middlewares/ST/STM32_USB_Device_Library/Class/AUDIO/Src/usbd_audio.c ****       }
 1373              		.loc 1 698 20 view .LVU434
 1374 0072 40F2FC41 		movw	r1, #1276
 1375 0076 F9E7     		b	.L88
 1376              	.L91:
ARM GAS  /tmp/ccwEZmEF.s 			page 48


 706:Middlewares/ST/STM32_USB_Device_Library/Class/AUDIO/Src/usbd_audio.c ****     }
 1377              		.loc 1 706 18 view .LVU435
 1378 0078 40F2FC41 		movw	r1, #1276
 1379 007c F6E7     		b	.L88
 1380              	.L92:
 712:Middlewares/ST/STM32_USB_Device_Library/Class/AUDIO/Src/usbd_audio.c ****       }
 1381              		.loc 1 712 20 view .LVU436
 1382 007e 40F20451 		movw	r1, #1284
 1383 0082 F3E7     		b	.L88
 1384              	.LVL130:
 1385              	.L95:
 719:Middlewares/ST/STM32_USB_Device_Library/Class/AUDIO/Src/usbd_audio.c ****                                                                         BufferSize, AUDIO_CMD_PLAY)
 1386              		.loc 1 719 5 is_stmt 1 view .LVU437
 719:Middlewares/ST/STM32_USB_Device_Library/Class/AUDIO/Src/usbd_audio.c ****                                                                         BufferSize, AUDIO_CMD_PLAY)
 1387              		.loc 1 719 51 is_stmt 0 view .LVU438
 1388 0084 D0F8D432 		ldr	r3, [r0, #724]
 719:Middlewares/ST/STM32_USB_Device_Library/Class/AUDIO/Src/usbd_audio.c ****                                                                         BufferSize, AUDIO_CMD_PLAY)
 1389              		.loc 1 719 46 view .LVU439
 1390 0088 B033     		adds	r3, r3, #176
 1391 008a 00EB8300 		add	r0, r0, r3, lsl #2
 1392              	.LVL131:
 719:Middlewares/ST/STM32_USB_Device_Library/Class/AUDIO/Src/usbd_audio.c ****                                                                         BufferSize, AUDIO_CMD_PLAY)
 1393              		.loc 1 719 46 view .LVU440
 1394 008e 4368     		ldr	r3, [r0, #4]
 719:Middlewares/ST/STM32_USB_Device_Library/Class/AUDIO/Src/usbd_audio.c ****                                                                         BufferSize, AUDIO_CMD_PLAY)
 1395              		.loc 1 719 62 view .LVU441
 1396 0090 9B68     		ldr	r3, [r3, #8]
 719:Middlewares/ST/STM32_USB_Device_Library/Class/AUDIO/Src/usbd_audio.c ****                                                                         BufferSize, AUDIO_CMD_PLAY)
 1397              		.loc 1 719 6 view .LVU442
 1398 0092 0222     		movs	r2, #2
 1399 0094 201D     		adds	r0, r4, #4
 1400 0096 9847     		blx	r3
 1401              	.LVL132:
 721:Middlewares/ST/STM32_USB_Device_Library/Class/AUDIO/Src/usbd_audio.c ****   }
 1402              		.loc 1 721 5 is_stmt 1 view .LVU443
 721:Middlewares/ST/STM32_USB_Device_Library/Class/AUDIO/Src/usbd_audio.c ****   }
 1403              		.loc 1 721 20 is_stmt 0 view .LVU444
 1404 0098 0023     		movs	r3, #0
 1405 009a 84F8043A 		strb	r3, [r4, #2564]
 1406 009e E7E7     		b	.L84
 1407              		.cfi_endproc
 1408              	.LFE74:
 1410              		.section	.text.USBD_AUDIO_RegisterInterface,"ax",%progbits
 1411              		.align	1
 1412              		.global	USBD_AUDIO_RegisterInterface
 1413              		.syntax unified
 1414              		.thumb
 1415              		.thumb_func
 1417              	USBD_AUDIO_RegisterInterface:
 1418              	.LVL133:
 1419              	.LFB81:
 905:Middlewares/ST/STM32_USB_Device_Library/Class/AUDIO/Src/usbd_audio.c ****   if (fops == NULL)
 1420              		.loc 1 905 1 is_stmt 1 view -0
 1421              		.cfi_startproc
 1422              		@ args = 0, pretend = 0, frame = 0
 1423              		@ frame_needed = 0, uses_anonymous_args = 0
 1424              		@ link register save eliminated.
ARM GAS  /tmp/ccwEZmEF.s 			page 49


 906:Middlewares/ST/STM32_USB_Device_Library/Class/AUDIO/Src/usbd_audio.c ****   {
 1425              		.loc 1 906 3 view .LVU446
 906:Middlewares/ST/STM32_USB_Device_Library/Class/AUDIO/Src/usbd_audio.c ****   {
 1426              		.loc 1 906 6 is_stmt 0 view .LVU447
 1427 0000 39B1     		cbz	r1, .L98
 911:Middlewares/ST/STM32_USB_Device_Library/Class/AUDIO/Src/usbd_audio.c **** 
 1428              		.loc 1 911 3 is_stmt 1 view .LVU448
 911:Middlewares/ST/STM32_USB_Device_Library/Class/AUDIO/Src/usbd_audio.c **** 
 1429              		.loc 1 911 23 is_stmt 0 view .LVU449
 1430 0002 D0F8D432 		ldr	r3, [r0, #724]
 911:Middlewares/ST/STM32_USB_Device_Library/Class/AUDIO/Src/usbd_audio.c **** 
 1431              		.loc 1 911 34 view .LVU450
 1432 0006 B033     		adds	r3, r3, #176
 1433 0008 00EB8300 		add	r0, r0, r3, lsl #2
 1434              	.LVL134:
 911:Middlewares/ST/STM32_USB_Device_Library/Class/AUDIO/Src/usbd_audio.c **** 
 1435              		.loc 1 911 34 view .LVU451
 1436 000c 4160     		str	r1, [r0, #4]
 913:Middlewares/ST/STM32_USB_Device_Library/Class/AUDIO/Src/usbd_audio.c **** }
 1437              		.loc 1 913 3 is_stmt 1 view .LVU452
 913:Middlewares/ST/STM32_USB_Device_Library/Class/AUDIO/Src/usbd_audio.c **** }
 1438              		.loc 1 913 10 is_stmt 0 view .LVU453
 1439 000e 0020     		movs	r0, #0
 1440 0010 7047     		bx	lr
 1441              	.LVL135:
 1442              	.L98:
 908:Middlewares/ST/STM32_USB_Device_Library/Class/AUDIO/Src/usbd_audio.c ****   }
 1443              		.loc 1 908 12 view .LVU454
 1444 0012 0320     		movs	r0, #3
 1445              	.LVL136:
 914:Middlewares/ST/STM32_USB_Device_Library/Class/AUDIO/Src/usbd_audio.c **** 
 1446              		.loc 1 914 1 view .LVU455
 1447 0014 7047     		bx	lr
 1448              		.cfi_endproc
 1449              	.LFE81:
 1451              		.section	.data.USBD_AUDIO_DeviceQualifierDesc,"aw"
 1452              		.align	2
 1455              	USBD_AUDIO_DeviceQualifierDesc:
 1456 0000 0A060002 		.ascii	"\012\006\000\002\000\000\000@\001\000"
 1456      00000040 
 1456      0100
 1457              		.section	.data.USBD_AUDIO_CfgDesc,"aw"
 1458              		.align	2
 1461              	USBD_AUDIO_CfgDesc:
 1462 0000 09026D00 		.ascii	"\011\002m\000\002\001\000\2002\011\004\000\000\000\001"
 1462      02010080 
 1462      32090400 
 1462      000001
 1463 000f 01000009 		.ascii	"\001\000\000\011$\001\000\001'\000\001\001\014$\002"
 1463      24010001 
 1463      27000101 
 1463      0C2402
 1464 001e 01010100 		.ascii	"\001\001\001\000\001\000\000\000\000\011$\006\002\001"
 1464      01000000 
 1464      00092406 
 1464      0201
 1465 002c 01010000 		.ascii	"\001\001\000\000\011$\003\003\001\003\000\002\000\011"
ARM GAS  /tmp/ccwEZmEF.s 			page 50


 1465      09240303 
 1465      01030002 
 1465      0009
 1466 003a 04010000 		.ascii	"\004\001\000\000\001\002\000\000\011\004\001\001\001"
 1466      01020000 
 1466      09040101 
 1466      01
 1467 0047 01020000 		.ascii	"\001\002\000\000\007$\001\001\001\001\000\013$\002\001"
 1467      07240101 
 1467      0101000B 
 1467      240201
 1468 0056 02021001 		.ascii	"\002\002\020\001\200>\000\011\005\001\001@\000\001\000"
 1468      803E0009 
 1468      05010140 
 1468      000100
 1469 0065 00072501 		.ascii	"\000\007%\001\000\000\000\000"
 1469      00000000 
 1470              		.global	USBD_AUDIO
 1471              		.section	.data.USBD_AUDIO,"aw"
 1472              		.align	2
 1475              	USBD_AUDIO:
 1476 0000 00000000 		.word	USBD_AUDIO_Init
 1477 0004 00000000 		.word	USBD_AUDIO_DeInit
 1478 0008 00000000 		.word	USBD_AUDIO_Setup
 1479 000c 00000000 		.word	USBD_AUDIO_EP0_TxReady
 1480 0010 00000000 		.word	USBD_AUDIO_EP0_RxReady
 1481 0014 00000000 		.word	USBD_AUDIO_DataIn
 1482 0018 00000000 		.word	USBD_AUDIO_DataOut
 1483 001c 00000000 		.word	USBD_AUDIO_SOF
 1484 0020 00000000 		.word	USBD_AUDIO_IsoINIncomplete
 1485 0024 00000000 		.word	USBD_AUDIO_IsoOutIncomplete
 1486 0028 00000000 		.word	USBD_AUDIO_GetCfgDesc
 1487 002c 00000000 		.word	USBD_AUDIO_GetCfgDesc
 1488 0030 00000000 		.word	USBD_AUDIO_GetCfgDesc
 1489 0034 00000000 		.word	USBD_AUDIO_GetDeviceQualifierDesc
 1490              		.text
 1491              	.Letext0:
 1492              		.file 2 "/usr/lib/gcc/arm-none-eabi/13.2.1/include/stdint.h"
 1493              		.file 3 "/usr/lib/gcc/arm-none-eabi/13.2.1/include/stddef.h"
 1494              		.file 4 "Middlewares/ST/STM32_USB_Device_Library/Core/Inc/usbd_def.h"
 1495              		.file 5 "Middlewares/ST/STM32_USB_Device_Library/Class/AUDIO/Inc/usbd_audio.h"
 1496              		.file 6 "Middlewares/ST/STM32_USB_Device_Library/Core/Inc/usbd_core.h"
 1497              		.file 7 "USB_DEVICE/Target/usbd_conf.h"
 1498              		.file 8 "Middlewares/ST/STM32_USB_Device_Library/Core/Inc/usbd_ioreq.h"
 1499              		.file 9 "/usr/include/newlib/string.h"
 1500              		.file 10 "Middlewares/ST/STM32_USB_Device_Library/Core/Inc/usbd_ctlreq.h"
 1501              		.file 11 "<built-in>"
ARM GAS  /tmp/ccwEZmEF.s 			page 51


DEFINED SYMBOLS
                            *ABS*:00000000 usbd_audio.c
     /tmp/ccwEZmEF.s:19     .text.USBD_AUDIO_GetCfgDesc:00000000 $t
     /tmp/ccwEZmEF.s:24     .text.USBD_AUDIO_GetCfgDesc:00000000 USBD_AUDIO_GetCfgDesc
     /tmp/ccwEZmEF.s:45     .text.USBD_AUDIO_GetCfgDesc:00000008 $d
     /tmp/ccwEZmEF.s:1461   .data.USBD_AUDIO_CfgDesc:00000000 USBD_AUDIO_CfgDesc
     /tmp/ccwEZmEF.s:50     .text.USBD_AUDIO_DataIn:00000000 $t
     /tmp/ccwEZmEF.s:55     .text.USBD_AUDIO_DataIn:00000000 USBD_AUDIO_DataIn
     /tmp/ccwEZmEF.s:75     .text.USBD_AUDIO_EP0_RxReady:00000000 $t
     /tmp/ccwEZmEF.s:80     .text.USBD_AUDIO_EP0_RxReady:00000000 USBD_AUDIO_EP0_RxReady
     /tmp/ccwEZmEF.s:163    .text.USBD_AUDIO_EP0_TxReady:00000000 $t
     /tmp/ccwEZmEF.s:168    .text.USBD_AUDIO_EP0_TxReady:00000000 USBD_AUDIO_EP0_TxReady
     /tmp/ccwEZmEF.s:187    .text.USBD_AUDIO_SOF:00000000 $t
     /tmp/ccwEZmEF.s:192    .text.USBD_AUDIO_SOF:00000000 USBD_AUDIO_SOF
     /tmp/ccwEZmEF.s:211    .text.USBD_AUDIO_IsoINIncomplete:00000000 $t
     /tmp/ccwEZmEF.s:216    .text.USBD_AUDIO_IsoINIncomplete:00000000 USBD_AUDIO_IsoINIncomplete
     /tmp/ccwEZmEF.s:236    .text.USBD_AUDIO_GetDeviceQualifierDesc:00000000 $t
     /tmp/ccwEZmEF.s:241    .text.USBD_AUDIO_GetDeviceQualifierDesc:00000000 USBD_AUDIO_GetDeviceQualifierDesc
     /tmp/ccwEZmEF.s:262    .text.USBD_AUDIO_GetDeviceQualifierDesc:00000008 $d
     /tmp/ccwEZmEF.s:1455   .data.USBD_AUDIO_DeviceQualifierDesc:00000000 USBD_AUDIO_DeviceQualifierDesc
     /tmp/ccwEZmEF.s:267    .text.USBD_AUDIO_IsoOutIncomplete:00000000 $t
     /tmp/ccwEZmEF.s:272    .text.USBD_AUDIO_IsoOutIncomplete:00000000 USBD_AUDIO_IsoOutIncomplete
     /tmp/ccwEZmEF.s:325    .text.USBD_AUDIO_DataOut:00000000 $t
     /tmp/ccwEZmEF.s:330    .text.USBD_AUDIO_DataOut:00000000 USBD_AUDIO_DataOut
     /tmp/ccwEZmEF.s:482    .text.AUDIO_REQ_GetCurrent:00000000 $t
     /tmp/ccwEZmEF.s:487    .text.AUDIO_REQ_GetCurrent:00000000 AUDIO_REQ_GetCurrent
     /tmp/ccwEZmEF.s:547    .text.AUDIO_REQ_SetCurrent:00000000 $t
     /tmp/ccwEZmEF.s:552    .text.AUDIO_REQ_SetCurrent:00000000 AUDIO_REQ_SetCurrent
     /tmp/ccwEZmEF.s:621    .text.USBD_AUDIO_GetAudioHeaderDesc:00000000 $t
     /tmp/ccwEZmEF.s:626    .text.USBD_AUDIO_GetAudioHeaderDesc:00000000 USBD_AUDIO_GetAudioHeaderDesc
     /tmp/ccwEZmEF.s:712    .text.USBD_AUDIO_Setup:00000000 $t
     /tmp/ccwEZmEF.s:717    .text.USBD_AUDIO_Setup:00000000 USBD_AUDIO_Setup
     /tmp/ccwEZmEF.s:820    .text.USBD_AUDIO_Setup:0000005a $d
     /tmp/ccwEZmEF.s:832    .text.USBD_AUDIO_Setup:00000066 $t
     /tmp/ccwEZmEF.s:1033   .text.USBD_AUDIO_DeInit:00000000 $t
     /tmp/ccwEZmEF.s:1038   .text.USBD_AUDIO_DeInit:00000000 USBD_AUDIO_DeInit
     /tmp/ccwEZmEF.s:1114   .text.USBD_AUDIO_Init:00000000 $t
     /tmp/ccwEZmEF.s:1119   .text.USBD_AUDIO_Init:00000000 USBD_AUDIO_Init
     /tmp/ccwEZmEF.s:1260   .text.USBD_AUDIO_Sync:00000000 $t
     /tmp/ccwEZmEF.s:1266   .text.USBD_AUDIO_Sync:00000000 USBD_AUDIO_Sync
     /tmp/ccwEZmEF.s:1411   .text.USBD_AUDIO_RegisterInterface:00000000 $t
     /tmp/ccwEZmEF.s:1417   .text.USBD_AUDIO_RegisterInterface:00000000 USBD_AUDIO_RegisterInterface
     /tmp/ccwEZmEF.s:1452   .data.USBD_AUDIO_DeviceQualifierDesc:00000000 $d
     /tmp/ccwEZmEF.s:1458   .data.USBD_AUDIO_CfgDesc:00000000 $d
     /tmp/ccwEZmEF.s:1475   .data.USBD_AUDIO:00000000 USBD_AUDIO
     /tmp/ccwEZmEF.s:1472   .data.USBD_AUDIO:00000000 $d

UNDEFINED SYMBOLS
USBD_LL_PrepareReceive
USBD_LL_GetRxDataSize
memset
USBD_CtlSendData
USBD_CtlPrepareRx
USBD_GetNextDesc
USBD_CtlError
USBD_LL_CloseEP
USBD_static_free
ARM GAS  /tmp/ccwEZmEF.s 			page 52


USBD_static_malloc
USBD_LL_OpenEP
