ARM GAS  /tmp/ccQZPXS1.s 			page 1


   1              		.cpu cortex-m3
   2              		.arch armv7-m
   3              		.fpu softvfp
   4              		.eabi_attribute 20, 1
   5              		.eabi_attribute 21, 1
   6              		.eabi_attribute 23, 3
   7              		.eabi_attribute 24, 1
   8              		.eabi_attribute 25, 1
   9              		.eabi_attribute 26, 1
  10              		.eabi_attribute 30, 1
  11              		.eabi_attribute 34, 1
  12              		.eabi_attribute 18, 4
  13              		.file	"usbd_ctlreq.c"
  14              		.text
  15              	.Ltext0:
  16              		.cfi_sections	.debug_frame
  17              		.file 1 "Middlewares/ST/STM32_USB_Device_Library/Core/Src/usbd_ctlreq.c"
  18              		.section	.text.USBD_GetLen,"ax",%progbits
  19              		.align	1
  20              		.syntax unified
  21              		.thumb
  22              		.thumb_func
  24              	USBD_GetLen:
  25              	.LVL0:
  26              	.LFB79:
   1:Middlewares/ST/STM32_USB_Device_Library/Core/Src/usbd_ctlreq.c **** /**
   2:Middlewares/ST/STM32_USB_Device_Library/Core/Src/usbd_ctlreq.c ****   ******************************************************************************
   3:Middlewares/ST/STM32_USB_Device_Library/Core/Src/usbd_ctlreq.c ****   * @file    usbd_req.c
   4:Middlewares/ST/STM32_USB_Device_Library/Core/Src/usbd_ctlreq.c ****   * @author  MCD Application Team
   5:Middlewares/ST/STM32_USB_Device_Library/Core/Src/usbd_ctlreq.c ****   * @brief   This file provides the standard USB requests following chapter 9.
   6:Middlewares/ST/STM32_USB_Device_Library/Core/Src/usbd_ctlreq.c ****   ******************************************************************************
   7:Middlewares/ST/STM32_USB_Device_Library/Core/Src/usbd_ctlreq.c ****   * @attention
   8:Middlewares/ST/STM32_USB_Device_Library/Core/Src/usbd_ctlreq.c ****   *
   9:Middlewares/ST/STM32_USB_Device_Library/Core/Src/usbd_ctlreq.c ****   * Copyright (c) 2015 STMicroelectronics.
  10:Middlewares/ST/STM32_USB_Device_Library/Core/Src/usbd_ctlreq.c ****   * All rights reserved.
  11:Middlewares/ST/STM32_USB_Device_Library/Core/Src/usbd_ctlreq.c ****   *
  12:Middlewares/ST/STM32_USB_Device_Library/Core/Src/usbd_ctlreq.c ****   * This software is licensed under terms that can be found in the LICENSE file
  13:Middlewares/ST/STM32_USB_Device_Library/Core/Src/usbd_ctlreq.c ****   * in the root directory of this software component.
  14:Middlewares/ST/STM32_USB_Device_Library/Core/Src/usbd_ctlreq.c ****   * If no LICENSE file comes with this software, it is provided AS-IS.
  15:Middlewares/ST/STM32_USB_Device_Library/Core/Src/usbd_ctlreq.c ****   *
  16:Middlewares/ST/STM32_USB_Device_Library/Core/Src/usbd_ctlreq.c ****   ******************************************************************************
  17:Middlewares/ST/STM32_USB_Device_Library/Core/Src/usbd_ctlreq.c ****   */
  18:Middlewares/ST/STM32_USB_Device_Library/Core/Src/usbd_ctlreq.c **** 
  19:Middlewares/ST/STM32_USB_Device_Library/Core/Src/usbd_ctlreq.c **** /* Includes ------------------------------------------------------------------*/
  20:Middlewares/ST/STM32_USB_Device_Library/Core/Src/usbd_ctlreq.c **** #include "usbd_ctlreq.h"
  21:Middlewares/ST/STM32_USB_Device_Library/Core/Src/usbd_ctlreq.c **** #include "usbd_ioreq.h"
  22:Middlewares/ST/STM32_USB_Device_Library/Core/Src/usbd_ctlreq.c **** 
  23:Middlewares/ST/STM32_USB_Device_Library/Core/Src/usbd_ctlreq.c **** #ifdef USE_USBD_COMPOSITE
  24:Middlewares/ST/STM32_USB_Device_Library/Core/Src/usbd_ctlreq.c **** #include "usbd_composite_builder.h"
  25:Middlewares/ST/STM32_USB_Device_Library/Core/Src/usbd_ctlreq.c **** #endif /* USE_USBD_COMPOSITE */
  26:Middlewares/ST/STM32_USB_Device_Library/Core/Src/usbd_ctlreq.c **** 
  27:Middlewares/ST/STM32_USB_Device_Library/Core/Src/usbd_ctlreq.c **** /** @addtogroup STM32_USBD_STATE_DEVICE_LIBRARY
  28:Middlewares/ST/STM32_USB_Device_Library/Core/Src/usbd_ctlreq.c ****   * @{
  29:Middlewares/ST/STM32_USB_Device_Library/Core/Src/usbd_ctlreq.c ****   */
  30:Middlewares/ST/STM32_USB_Device_Library/Core/Src/usbd_ctlreq.c **** 
  31:Middlewares/ST/STM32_USB_Device_Library/Core/Src/usbd_ctlreq.c **** 
  32:Middlewares/ST/STM32_USB_Device_Library/Core/Src/usbd_ctlreq.c **** /** @defgroup USBD_REQ
ARM GAS  /tmp/ccQZPXS1.s 			page 2


  33:Middlewares/ST/STM32_USB_Device_Library/Core/Src/usbd_ctlreq.c ****   * @brief USB standard requests module
  34:Middlewares/ST/STM32_USB_Device_Library/Core/Src/usbd_ctlreq.c ****   * @{
  35:Middlewares/ST/STM32_USB_Device_Library/Core/Src/usbd_ctlreq.c ****   */
  36:Middlewares/ST/STM32_USB_Device_Library/Core/Src/usbd_ctlreq.c **** 
  37:Middlewares/ST/STM32_USB_Device_Library/Core/Src/usbd_ctlreq.c **** /** @defgroup USBD_REQ_Private_TypesDefinitions
  38:Middlewares/ST/STM32_USB_Device_Library/Core/Src/usbd_ctlreq.c ****   * @{
  39:Middlewares/ST/STM32_USB_Device_Library/Core/Src/usbd_ctlreq.c ****   */
  40:Middlewares/ST/STM32_USB_Device_Library/Core/Src/usbd_ctlreq.c **** 
  41:Middlewares/ST/STM32_USB_Device_Library/Core/Src/usbd_ctlreq.c **** /**
  42:Middlewares/ST/STM32_USB_Device_Library/Core/Src/usbd_ctlreq.c ****   * @}
  43:Middlewares/ST/STM32_USB_Device_Library/Core/Src/usbd_ctlreq.c ****   */
  44:Middlewares/ST/STM32_USB_Device_Library/Core/Src/usbd_ctlreq.c **** 
  45:Middlewares/ST/STM32_USB_Device_Library/Core/Src/usbd_ctlreq.c **** 
  46:Middlewares/ST/STM32_USB_Device_Library/Core/Src/usbd_ctlreq.c **** /** @defgroup USBD_REQ_Private_Defines
  47:Middlewares/ST/STM32_USB_Device_Library/Core/Src/usbd_ctlreq.c ****   * @{
  48:Middlewares/ST/STM32_USB_Device_Library/Core/Src/usbd_ctlreq.c ****   */
  49:Middlewares/ST/STM32_USB_Device_Library/Core/Src/usbd_ctlreq.c **** #ifndef USBD_MAX_STR_DESC_SIZ
  50:Middlewares/ST/STM32_USB_Device_Library/Core/Src/usbd_ctlreq.c **** #define USBD_MAX_STR_DESC_SIZ                          64U
  51:Middlewares/ST/STM32_USB_Device_Library/Core/Src/usbd_ctlreq.c **** #endif /* USBD_MAX_STR_DESC_SIZ */
  52:Middlewares/ST/STM32_USB_Device_Library/Core/Src/usbd_ctlreq.c **** /**
  53:Middlewares/ST/STM32_USB_Device_Library/Core/Src/usbd_ctlreq.c ****   * @}
  54:Middlewares/ST/STM32_USB_Device_Library/Core/Src/usbd_ctlreq.c ****   */
  55:Middlewares/ST/STM32_USB_Device_Library/Core/Src/usbd_ctlreq.c **** 
  56:Middlewares/ST/STM32_USB_Device_Library/Core/Src/usbd_ctlreq.c **** 
  57:Middlewares/ST/STM32_USB_Device_Library/Core/Src/usbd_ctlreq.c **** /** @defgroup USBD_REQ_Private_Macros
  58:Middlewares/ST/STM32_USB_Device_Library/Core/Src/usbd_ctlreq.c ****   * @{
  59:Middlewares/ST/STM32_USB_Device_Library/Core/Src/usbd_ctlreq.c ****   */
  60:Middlewares/ST/STM32_USB_Device_Library/Core/Src/usbd_ctlreq.c **** 
  61:Middlewares/ST/STM32_USB_Device_Library/Core/Src/usbd_ctlreq.c **** /**
  62:Middlewares/ST/STM32_USB_Device_Library/Core/Src/usbd_ctlreq.c ****   * @}
  63:Middlewares/ST/STM32_USB_Device_Library/Core/Src/usbd_ctlreq.c ****   */
  64:Middlewares/ST/STM32_USB_Device_Library/Core/Src/usbd_ctlreq.c **** 
  65:Middlewares/ST/STM32_USB_Device_Library/Core/Src/usbd_ctlreq.c **** 
  66:Middlewares/ST/STM32_USB_Device_Library/Core/Src/usbd_ctlreq.c **** /** @defgroup USBD_REQ_Private_Variables
  67:Middlewares/ST/STM32_USB_Device_Library/Core/Src/usbd_ctlreq.c ****   * @{
  68:Middlewares/ST/STM32_USB_Device_Library/Core/Src/usbd_ctlreq.c ****   */
  69:Middlewares/ST/STM32_USB_Device_Library/Core/Src/usbd_ctlreq.c **** 
  70:Middlewares/ST/STM32_USB_Device_Library/Core/Src/usbd_ctlreq.c **** /**
  71:Middlewares/ST/STM32_USB_Device_Library/Core/Src/usbd_ctlreq.c ****   * @}
  72:Middlewares/ST/STM32_USB_Device_Library/Core/Src/usbd_ctlreq.c ****   */
  73:Middlewares/ST/STM32_USB_Device_Library/Core/Src/usbd_ctlreq.c **** 
  74:Middlewares/ST/STM32_USB_Device_Library/Core/Src/usbd_ctlreq.c **** 
  75:Middlewares/ST/STM32_USB_Device_Library/Core/Src/usbd_ctlreq.c **** /** @defgroup USBD_REQ_Private_FunctionPrototypes
  76:Middlewares/ST/STM32_USB_Device_Library/Core/Src/usbd_ctlreq.c ****   * @{
  77:Middlewares/ST/STM32_USB_Device_Library/Core/Src/usbd_ctlreq.c ****   */
  78:Middlewares/ST/STM32_USB_Device_Library/Core/Src/usbd_ctlreq.c **** static void USBD_GetDescriptor(USBD_HandleTypeDef *pdev, USBD_SetupReqTypedef *req);
  79:Middlewares/ST/STM32_USB_Device_Library/Core/Src/usbd_ctlreq.c **** static void USBD_SetAddress(USBD_HandleTypeDef *pdev, USBD_SetupReqTypedef *req);
  80:Middlewares/ST/STM32_USB_Device_Library/Core/Src/usbd_ctlreq.c **** static USBD_StatusTypeDef USBD_SetConfig(USBD_HandleTypeDef *pdev, USBD_SetupReqTypedef *req);
  81:Middlewares/ST/STM32_USB_Device_Library/Core/Src/usbd_ctlreq.c **** static void USBD_GetConfig(USBD_HandleTypeDef *pdev, USBD_SetupReqTypedef *req);
  82:Middlewares/ST/STM32_USB_Device_Library/Core/Src/usbd_ctlreq.c **** static void USBD_GetStatus(USBD_HandleTypeDef *pdev, USBD_SetupReqTypedef *req);
  83:Middlewares/ST/STM32_USB_Device_Library/Core/Src/usbd_ctlreq.c **** static void USBD_SetFeature(USBD_HandleTypeDef *pdev, USBD_SetupReqTypedef *req);
  84:Middlewares/ST/STM32_USB_Device_Library/Core/Src/usbd_ctlreq.c **** static void USBD_ClrFeature(USBD_HandleTypeDef *pdev, USBD_SetupReqTypedef *req);
  85:Middlewares/ST/STM32_USB_Device_Library/Core/Src/usbd_ctlreq.c **** static uint8_t USBD_GetLen(uint8_t *buf);
  86:Middlewares/ST/STM32_USB_Device_Library/Core/Src/usbd_ctlreq.c **** 
  87:Middlewares/ST/STM32_USB_Device_Library/Core/Src/usbd_ctlreq.c **** /**
  88:Middlewares/ST/STM32_USB_Device_Library/Core/Src/usbd_ctlreq.c ****   * @}
  89:Middlewares/ST/STM32_USB_Device_Library/Core/Src/usbd_ctlreq.c ****   */
ARM GAS  /tmp/ccQZPXS1.s 			page 3


  90:Middlewares/ST/STM32_USB_Device_Library/Core/Src/usbd_ctlreq.c **** 
  91:Middlewares/ST/STM32_USB_Device_Library/Core/Src/usbd_ctlreq.c **** 
  92:Middlewares/ST/STM32_USB_Device_Library/Core/Src/usbd_ctlreq.c **** /** @defgroup USBD_REQ_Private_Functions
  93:Middlewares/ST/STM32_USB_Device_Library/Core/Src/usbd_ctlreq.c ****   * @{
  94:Middlewares/ST/STM32_USB_Device_Library/Core/Src/usbd_ctlreq.c ****   */
  95:Middlewares/ST/STM32_USB_Device_Library/Core/Src/usbd_ctlreq.c **** 
  96:Middlewares/ST/STM32_USB_Device_Library/Core/Src/usbd_ctlreq.c **** 
  97:Middlewares/ST/STM32_USB_Device_Library/Core/Src/usbd_ctlreq.c **** /**
  98:Middlewares/ST/STM32_USB_Device_Library/Core/Src/usbd_ctlreq.c ****   * @brief  USBD_StdDevReq
  99:Middlewares/ST/STM32_USB_Device_Library/Core/Src/usbd_ctlreq.c ****   *         Handle standard usb device requests
 100:Middlewares/ST/STM32_USB_Device_Library/Core/Src/usbd_ctlreq.c ****   * @param  pdev: device instance
 101:Middlewares/ST/STM32_USB_Device_Library/Core/Src/usbd_ctlreq.c ****   * @param  req: usb request
 102:Middlewares/ST/STM32_USB_Device_Library/Core/Src/usbd_ctlreq.c ****   * @retval status
 103:Middlewares/ST/STM32_USB_Device_Library/Core/Src/usbd_ctlreq.c ****   */
 104:Middlewares/ST/STM32_USB_Device_Library/Core/Src/usbd_ctlreq.c **** USBD_StatusTypeDef USBD_StdDevReq(USBD_HandleTypeDef *pdev, USBD_SetupReqTypedef *req)
 105:Middlewares/ST/STM32_USB_Device_Library/Core/Src/usbd_ctlreq.c **** {
 106:Middlewares/ST/STM32_USB_Device_Library/Core/Src/usbd_ctlreq.c ****   USBD_StatusTypeDef ret = USBD_OK;
 107:Middlewares/ST/STM32_USB_Device_Library/Core/Src/usbd_ctlreq.c **** 
 108:Middlewares/ST/STM32_USB_Device_Library/Core/Src/usbd_ctlreq.c ****   switch (req->bmRequest & USB_REQ_TYPE_MASK)
 109:Middlewares/ST/STM32_USB_Device_Library/Core/Src/usbd_ctlreq.c ****   {
 110:Middlewares/ST/STM32_USB_Device_Library/Core/Src/usbd_ctlreq.c ****     case USB_REQ_TYPE_CLASS:
 111:Middlewares/ST/STM32_USB_Device_Library/Core/Src/usbd_ctlreq.c ****     case USB_REQ_TYPE_VENDOR:
 112:Middlewares/ST/STM32_USB_Device_Library/Core/Src/usbd_ctlreq.c ****       ret = (USBD_StatusTypeDef)pdev->pClass[pdev->classId]->Setup(pdev, req);
 113:Middlewares/ST/STM32_USB_Device_Library/Core/Src/usbd_ctlreq.c ****       break;
 114:Middlewares/ST/STM32_USB_Device_Library/Core/Src/usbd_ctlreq.c **** 
 115:Middlewares/ST/STM32_USB_Device_Library/Core/Src/usbd_ctlreq.c ****     case USB_REQ_TYPE_STANDARD:
 116:Middlewares/ST/STM32_USB_Device_Library/Core/Src/usbd_ctlreq.c ****       switch (req->bRequest)
 117:Middlewares/ST/STM32_USB_Device_Library/Core/Src/usbd_ctlreq.c ****       {
 118:Middlewares/ST/STM32_USB_Device_Library/Core/Src/usbd_ctlreq.c ****         case USB_REQ_GET_DESCRIPTOR:
 119:Middlewares/ST/STM32_USB_Device_Library/Core/Src/usbd_ctlreq.c ****           USBD_GetDescriptor(pdev, req);
 120:Middlewares/ST/STM32_USB_Device_Library/Core/Src/usbd_ctlreq.c ****           break;
 121:Middlewares/ST/STM32_USB_Device_Library/Core/Src/usbd_ctlreq.c **** 
 122:Middlewares/ST/STM32_USB_Device_Library/Core/Src/usbd_ctlreq.c ****         case USB_REQ_SET_ADDRESS:
 123:Middlewares/ST/STM32_USB_Device_Library/Core/Src/usbd_ctlreq.c ****           USBD_SetAddress(pdev, req);
 124:Middlewares/ST/STM32_USB_Device_Library/Core/Src/usbd_ctlreq.c ****           break;
 125:Middlewares/ST/STM32_USB_Device_Library/Core/Src/usbd_ctlreq.c **** 
 126:Middlewares/ST/STM32_USB_Device_Library/Core/Src/usbd_ctlreq.c ****         case USB_REQ_SET_CONFIGURATION:
 127:Middlewares/ST/STM32_USB_Device_Library/Core/Src/usbd_ctlreq.c ****           ret = USBD_SetConfig(pdev, req);
 128:Middlewares/ST/STM32_USB_Device_Library/Core/Src/usbd_ctlreq.c ****           break;
 129:Middlewares/ST/STM32_USB_Device_Library/Core/Src/usbd_ctlreq.c **** 
 130:Middlewares/ST/STM32_USB_Device_Library/Core/Src/usbd_ctlreq.c ****         case USB_REQ_GET_CONFIGURATION:
 131:Middlewares/ST/STM32_USB_Device_Library/Core/Src/usbd_ctlreq.c ****           USBD_GetConfig(pdev, req);
 132:Middlewares/ST/STM32_USB_Device_Library/Core/Src/usbd_ctlreq.c ****           break;
 133:Middlewares/ST/STM32_USB_Device_Library/Core/Src/usbd_ctlreq.c **** 
 134:Middlewares/ST/STM32_USB_Device_Library/Core/Src/usbd_ctlreq.c ****         case USB_REQ_GET_STATUS:
 135:Middlewares/ST/STM32_USB_Device_Library/Core/Src/usbd_ctlreq.c ****           USBD_GetStatus(pdev, req);
 136:Middlewares/ST/STM32_USB_Device_Library/Core/Src/usbd_ctlreq.c ****           break;
 137:Middlewares/ST/STM32_USB_Device_Library/Core/Src/usbd_ctlreq.c **** 
 138:Middlewares/ST/STM32_USB_Device_Library/Core/Src/usbd_ctlreq.c ****         case USB_REQ_SET_FEATURE:
 139:Middlewares/ST/STM32_USB_Device_Library/Core/Src/usbd_ctlreq.c ****           USBD_SetFeature(pdev, req);
 140:Middlewares/ST/STM32_USB_Device_Library/Core/Src/usbd_ctlreq.c ****           break;
 141:Middlewares/ST/STM32_USB_Device_Library/Core/Src/usbd_ctlreq.c **** 
 142:Middlewares/ST/STM32_USB_Device_Library/Core/Src/usbd_ctlreq.c ****         case USB_REQ_CLEAR_FEATURE:
 143:Middlewares/ST/STM32_USB_Device_Library/Core/Src/usbd_ctlreq.c ****           USBD_ClrFeature(pdev, req);
 144:Middlewares/ST/STM32_USB_Device_Library/Core/Src/usbd_ctlreq.c ****           break;
 145:Middlewares/ST/STM32_USB_Device_Library/Core/Src/usbd_ctlreq.c **** 
 146:Middlewares/ST/STM32_USB_Device_Library/Core/Src/usbd_ctlreq.c ****         default:
ARM GAS  /tmp/ccQZPXS1.s 			page 4


 147:Middlewares/ST/STM32_USB_Device_Library/Core/Src/usbd_ctlreq.c ****           USBD_CtlError(pdev, req);
 148:Middlewares/ST/STM32_USB_Device_Library/Core/Src/usbd_ctlreq.c ****           break;
 149:Middlewares/ST/STM32_USB_Device_Library/Core/Src/usbd_ctlreq.c ****       }
 150:Middlewares/ST/STM32_USB_Device_Library/Core/Src/usbd_ctlreq.c ****       break;
 151:Middlewares/ST/STM32_USB_Device_Library/Core/Src/usbd_ctlreq.c **** 
 152:Middlewares/ST/STM32_USB_Device_Library/Core/Src/usbd_ctlreq.c ****     default:
 153:Middlewares/ST/STM32_USB_Device_Library/Core/Src/usbd_ctlreq.c ****       USBD_CtlError(pdev, req);
 154:Middlewares/ST/STM32_USB_Device_Library/Core/Src/usbd_ctlreq.c ****       break;
 155:Middlewares/ST/STM32_USB_Device_Library/Core/Src/usbd_ctlreq.c ****   }
 156:Middlewares/ST/STM32_USB_Device_Library/Core/Src/usbd_ctlreq.c **** 
 157:Middlewares/ST/STM32_USB_Device_Library/Core/Src/usbd_ctlreq.c ****   return ret;
 158:Middlewares/ST/STM32_USB_Device_Library/Core/Src/usbd_ctlreq.c **** }
 159:Middlewares/ST/STM32_USB_Device_Library/Core/Src/usbd_ctlreq.c **** 
 160:Middlewares/ST/STM32_USB_Device_Library/Core/Src/usbd_ctlreq.c **** /**
 161:Middlewares/ST/STM32_USB_Device_Library/Core/Src/usbd_ctlreq.c ****   * @brief  USBD_StdItfReq
 162:Middlewares/ST/STM32_USB_Device_Library/Core/Src/usbd_ctlreq.c ****   *         Handle standard usb interface requests
 163:Middlewares/ST/STM32_USB_Device_Library/Core/Src/usbd_ctlreq.c ****   * @param  pdev: device instance
 164:Middlewares/ST/STM32_USB_Device_Library/Core/Src/usbd_ctlreq.c ****   * @param  req: usb request
 165:Middlewares/ST/STM32_USB_Device_Library/Core/Src/usbd_ctlreq.c ****   * @retval status
 166:Middlewares/ST/STM32_USB_Device_Library/Core/Src/usbd_ctlreq.c ****   */
 167:Middlewares/ST/STM32_USB_Device_Library/Core/Src/usbd_ctlreq.c **** USBD_StatusTypeDef USBD_StdItfReq(USBD_HandleTypeDef *pdev, USBD_SetupReqTypedef *req)
 168:Middlewares/ST/STM32_USB_Device_Library/Core/Src/usbd_ctlreq.c **** {
 169:Middlewares/ST/STM32_USB_Device_Library/Core/Src/usbd_ctlreq.c ****   USBD_StatusTypeDef ret = USBD_OK;
 170:Middlewares/ST/STM32_USB_Device_Library/Core/Src/usbd_ctlreq.c ****   uint8_t idx;
 171:Middlewares/ST/STM32_USB_Device_Library/Core/Src/usbd_ctlreq.c **** 
 172:Middlewares/ST/STM32_USB_Device_Library/Core/Src/usbd_ctlreq.c ****   switch (req->bmRequest & USB_REQ_TYPE_MASK)
 173:Middlewares/ST/STM32_USB_Device_Library/Core/Src/usbd_ctlreq.c ****   {
 174:Middlewares/ST/STM32_USB_Device_Library/Core/Src/usbd_ctlreq.c ****     case USB_REQ_TYPE_CLASS:
 175:Middlewares/ST/STM32_USB_Device_Library/Core/Src/usbd_ctlreq.c ****     case USB_REQ_TYPE_VENDOR:
 176:Middlewares/ST/STM32_USB_Device_Library/Core/Src/usbd_ctlreq.c ****     case USB_REQ_TYPE_STANDARD:
 177:Middlewares/ST/STM32_USB_Device_Library/Core/Src/usbd_ctlreq.c ****       switch (pdev->dev_state)
 178:Middlewares/ST/STM32_USB_Device_Library/Core/Src/usbd_ctlreq.c ****       {
 179:Middlewares/ST/STM32_USB_Device_Library/Core/Src/usbd_ctlreq.c ****         case USBD_STATE_DEFAULT:
 180:Middlewares/ST/STM32_USB_Device_Library/Core/Src/usbd_ctlreq.c ****         case USBD_STATE_ADDRESSED:
 181:Middlewares/ST/STM32_USB_Device_Library/Core/Src/usbd_ctlreq.c ****         case USBD_STATE_CONFIGURED:
 182:Middlewares/ST/STM32_USB_Device_Library/Core/Src/usbd_ctlreq.c **** 
 183:Middlewares/ST/STM32_USB_Device_Library/Core/Src/usbd_ctlreq.c ****           if (LOBYTE(req->wIndex) <= USBD_MAX_NUM_INTERFACES)
 184:Middlewares/ST/STM32_USB_Device_Library/Core/Src/usbd_ctlreq.c ****           {
 185:Middlewares/ST/STM32_USB_Device_Library/Core/Src/usbd_ctlreq.c ****             /* Get the class index relative to this interface */
 186:Middlewares/ST/STM32_USB_Device_Library/Core/Src/usbd_ctlreq.c ****             idx = USBD_CoreFindIF(pdev, LOBYTE(req->wIndex));
 187:Middlewares/ST/STM32_USB_Device_Library/Core/Src/usbd_ctlreq.c ****             if (((uint8_t)idx != 0xFFU) && (idx < USBD_MAX_SUPPORTED_CLASS))
 188:Middlewares/ST/STM32_USB_Device_Library/Core/Src/usbd_ctlreq.c ****             {
 189:Middlewares/ST/STM32_USB_Device_Library/Core/Src/usbd_ctlreq.c ****               /* Call the class data out function to manage the request */
 190:Middlewares/ST/STM32_USB_Device_Library/Core/Src/usbd_ctlreq.c ****               if (pdev->pClass[idx]->Setup != NULL)
 191:Middlewares/ST/STM32_USB_Device_Library/Core/Src/usbd_ctlreq.c ****               {
 192:Middlewares/ST/STM32_USB_Device_Library/Core/Src/usbd_ctlreq.c ****                 pdev->classId = idx;
 193:Middlewares/ST/STM32_USB_Device_Library/Core/Src/usbd_ctlreq.c ****                 ret = (USBD_StatusTypeDef)(pdev->pClass[idx]->Setup(pdev, req));
 194:Middlewares/ST/STM32_USB_Device_Library/Core/Src/usbd_ctlreq.c ****               }
 195:Middlewares/ST/STM32_USB_Device_Library/Core/Src/usbd_ctlreq.c ****               else
 196:Middlewares/ST/STM32_USB_Device_Library/Core/Src/usbd_ctlreq.c ****               {
 197:Middlewares/ST/STM32_USB_Device_Library/Core/Src/usbd_ctlreq.c ****                 /* should never reach this condition */
 198:Middlewares/ST/STM32_USB_Device_Library/Core/Src/usbd_ctlreq.c ****                 ret = USBD_FAIL;
 199:Middlewares/ST/STM32_USB_Device_Library/Core/Src/usbd_ctlreq.c ****               }
 200:Middlewares/ST/STM32_USB_Device_Library/Core/Src/usbd_ctlreq.c ****             }
 201:Middlewares/ST/STM32_USB_Device_Library/Core/Src/usbd_ctlreq.c ****             else
 202:Middlewares/ST/STM32_USB_Device_Library/Core/Src/usbd_ctlreq.c ****             {
 203:Middlewares/ST/STM32_USB_Device_Library/Core/Src/usbd_ctlreq.c ****               /* No relative interface found */
ARM GAS  /tmp/ccQZPXS1.s 			page 5


 204:Middlewares/ST/STM32_USB_Device_Library/Core/Src/usbd_ctlreq.c ****               ret = USBD_FAIL;
 205:Middlewares/ST/STM32_USB_Device_Library/Core/Src/usbd_ctlreq.c ****             }
 206:Middlewares/ST/STM32_USB_Device_Library/Core/Src/usbd_ctlreq.c **** 
 207:Middlewares/ST/STM32_USB_Device_Library/Core/Src/usbd_ctlreq.c ****             if ((req->wLength == 0U) && (ret == USBD_OK))
 208:Middlewares/ST/STM32_USB_Device_Library/Core/Src/usbd_ctlreq.c ****             {
 209:Middlewares/ST/STM32_USB_Device_Library/Core/Src/usbd_ctlreq.c ****               (void)USBD_CtlSendStatus(pdev);
 210:Middlewares/ST/STM32_USB_Device_Library/Core/Src/usbd_ctlreq.c ****             }
 211:Middlewares/ST/STM32_USB_Device_Library/Core/Src/usbd_ctlreq.c ****           }
 212:Middlewares/ST/STM32_USB_Device_Library/Core/Src/usbd_ctlreq.c ****           else
 213:Middlewares/ST/STM32_USB_Device_Library/Core/Src/usbd_ctlreq.c ****           {
 214:Middlewares/ST/STM32_USB_Device_Library/Core/Src/usbd_ctlreq.c ****             USBD_CtlError(pdev, req);
 215:Middlewares/ST/STM32_USB_Device_Library/Core/Src/usbd_ctlreq.c ****           }
 216:Middlewares/ST/STM32_USB_Device_Library/Core/Src/usbd_ctlreq.c ****           break;
 217:Middlewares/ST/STM32_USB_Device_Library/Core/Src/usbd_ctlreq.c **** 
 218:Middlewares/ST/STM32_USB_Device_Library/Core/Src/usbd_ctlreq.c ****         default:
 219:Middlewares/ST/STM32_USB_Device_Library/Core/Src/usbd_ctlreq.c ****           USBD_CtlError(pdev, req);
 220:Middlewares/ST/STM32_USB_Device_Library/Core/Src/usbd_ctlreq.c ****           break;
 221:Middlewares/ST/STM32_USB_Device_Library/Core/Src/usbd_ctlreq.c ****       }
 222:Middlewares/ST/STM32_USB_Device_Library/Core/Src/usbd_ctlreq.c ****       break;
 223:Middlewares/ST/STM32_USB_Device_Library/Core/Src/usbd_ctlreq.c **** 
 224:Middlewares/ST/STM32_USB_Device_Library/Core/Src/usbd_ctlreq.c ****     default:
 225:Middlewares/ST/STM32_USB_Device_Library/Core/Src/usbd_ctlreq.c ****       USBD_CtlError(pdev, req);
 226:Middlewares/ST/STM32_USB_Device_Library/Core/Src/usbd_ctlreq.c ****       break;
 227:Middlewares/ST/STM32_USB_Device_Library/Core/Src/usbd_ctlreq.c ****   }
 228:Middlewares/ST/STM32_USB_Device_Library/Core/Src/usbd_ctlreq.c **** 
 229:Middlewares/ST/STM32_USB_Device_Library/Core/Src/usbd_ctlreq.c ****   return ret;
 230:Middlewares/ST/STM32_USB_Device_Library/Core/Src/usbd_ctlreq.c **** }
 231:Middlewares/ST/STM32_USB_Device_Library/Core/Src/usbd_ctlreq.c **** 
 232:Middlewares/ST/STM32_USB_Device_Library/Core/Src/usbd_ctlreq.c **** /**
 233:Middlewares/ST/STM32_USB_Device_Library/Core/Src/usbd_ctlreq.c ****   * @brief  USBD_StdEPReq
 234:Middlewares/ST/STM32_USB_Device_Library/Core/Src/usbd_ctlreq.c ****   *         Handle standard usb endpoint requests
 235:Middlewares/ST/STM32_USB_Device_Library/Core/Src/usbd_ctlreq.c ****   * @param  pdev: device instance
 236:Middlewares/ST/STM32_USB_Device_Library/Core/Src/usbd_ctlreq.c ****   * @param  req: usb request
 237:Middlewares/ST/STM32_USB_Device_Library/Core/Src/usbd_ctlreq.c ****   * @retval status
 238:Middlewares/ST/STM32_USB_Device_Library/Core/Src/usbd_ctlreq.c ****   */
 239:Middlewares/ST/STM32_USB_Device_Library/Core/Src/usbd_ctlreq.c **** USBD_StatusTypeDef USBD_StdEPReq(USBD_HandleTypeDef *pdev, USBD_SetupReqTypedef *req)
 240:Middlewares/ST/STM32_USB_Device_Library/Core/Src/usbd_ctlreq.c **** {
 241:Middlewares/ST/STM32_USB_Device_Library/Core/Src/usbd_ctlreq.c ****   USBD_EndpointTypeDef *pep;
 242:Middlewares/ST/STM32_USB_Device_Library/Core/Src/usbd_ctlreq.c ****   uint8_t ep_addr;
 243:Middlewares/ST/STM32_USB_Device_Library/Core/Src/usbd_ctlreq.c ****   uint8_t idx;
 244:Middlewares/ST/STM32_USB_Device_Library/Core/Src/usbd_ctlreq.c ****   USBD_StatusTypeDef ret = USBD_OK;
 245:Middlewares/ST/STM32_USB_Device_Library/Core/Src/usbd_ctlreq.c **** 
 246:Middlewares/ST/STM32_USB_Device_Library/Core/Src/usbd_ctlreq.c ****   ep_addr = LOBYTE(req->wIndex);
 247:Middlewares/ST/STM32_USB_Device_Library/Core/Src/usbd_ctlreq.c **** 
 248:Middlewares/ST/STM32_USB_Device_Library/Core/Src/usbd_ctlreq.c ****   switch (req->bmRequest & USB_REQ_TYPE_MASK)
 249:Middlewares/ST/STM32_USB_Device_Library/Core/Src/usbd_ctlreq.c ****   {
 250:Middlewares/ST/STM32_USB_Device_Library/Core/Src/usbd_ctlreq.c ****     case USB_REQ_TYPE_CLASS:
 251:Middlewares/ST/STM32_USB_Device_Library/Core/Src/usbd_ctlreq.c ****     case USB_REQ_TYPE_VENDOR:
 252:Middlewares/ST/STM32_USB_Device_Library/Core/Src/usbd_ctlreq.c ****       /* Get the class index relative to this endpoint */
 253:Middlewares/ST/STM32_USB_Device_Library/Core/Src/usbd_ctlreq.c ****       idx = USBD_CoreFindEP(pdev, ep_addr);
 254:Middlewares/ST/STM32_USB_Device_Library/Core/Src/usbd_ctlreq.c ****       if (((uint8_t)idx != 0xFFU) && (idx < USBD_MAX_SUPPORTED_CLASS))
 255:Middlewares/ST/STM32_USB_Device_Library/Core/Src/usbd_ctlreq.c ****       {
 256:Middlewares/ST/STM32_USB_Device_Library/Core/Src/usbd_ctlreq.c ****         pdev->classId = idx;
 257:Middlewares/ST/STM32_USB_Device_Library/Core/Src/usbd_ctlreq.c ****         /* Call the class data out function to manage the request */
 258:Middlewares/ST/STM32_USB_Device_Library/Core/Src/usbd_ctlreq.c ****         if (pdev->pClass[idx]->Setup != NULL)
 259:Middlewares/ST/STM32_USB_Device_Library/Core/Src/usbd_ctlreq.c ****         {
 260:Middlewares/ST/STM32_USB_Device_Library/Core/Src/usbd_ctlreq.c ****           ret = (USBD_StatusTypeDef)pdev->pClass[idx]->Setup(pdev, req);
ARM GAS  /tmp/ccQZPXS1.s 			page 6


 261:Middlewares/ST/STM32_USB_Device_Library/Core/Src/usbd_ctlreq.c ****         }
 262:Middlewares/ST/STM32_USB_Device_Library/Core/Src/usbd_ctlreq.c ****       }
 263:Middlewares/ST/STM32_USB_Device_Library/Core/Src/usbd_ctlreq.c ****       break;
 264:Middlewares/ST/STM32_USB_Device_Library/Core/Src/usbd_ctlreq.c **** 
 265:Middlewares/ST/STM32_USB_Device_Library/Core/Src/usbd_ctlreq.c ****     case USB_REQ_TYPE_STANDARD:
 266:Middlewares/ST/STM32_USB_Device_Library/Core/Src/usbd_ctlreq.c ****       switch (req->bRequest)
 267:Middlewares/ST/STM32_USB_Device_Library/Core/Src/usbd_ctlreq.c ****       {
 268:Middlewares/ST/STM32_USB_Device_Library/Core/Src/usbd_ctlreq.c ****         case USB_REQ_SET_FEATURE:
 269:Middlewares/ST/STM32_USB_Device_Library/Core/Src/usbd_ctlreq.c ****           switch (pdev->dev_state)
 270:Middlewares/ST/STM32_USB_Device_Library/Core/Src/usbd_ctlreq.c ****           {
 271:Middlewares/ST/STM32_USB_Device_Library/Core/Src/usbd_ctlreq.c ****             case USBD_STATE_ADDRESSED:
 272:Middlewares/ST/STM32_USB_Device_Library/Core/Src/usbd_ctlreq.c ****               if ((ep_addr != 0x00U) && (ep_addr != 0x80U))
 273:Middlewares/ST/STM32_USB_Device_Library/Core/Src/usbd_ctlreq.c ****               {
 274:Middlewares/ST/STM32_USB_Device_Library/Core/Src/usbd_ctlreq.c ****                 (void)USBD_LL_StallEP(pdev, ep_addr);
 275:Middlewares/ST/STM32_USB_Device_Library/Core/Src/usbd_ctlreq.c ****                 (void)USBD_LL_StallEP(pdev, 0x80U);
 276:Middlewares/ST/STM32_USB_Device_Library/Core/Src/usbd_ctlreq.c ****               }
 277:Middlewares/ST/STM32_USB_Device_Library/Core/Src/usbd_ctlreq.c ****               else
 278:Middlewares/ST/STM32_USB_Device_Library/Core/Src/usbd_ctlreq.c ****               {
 279:Middlewares/ST/STM32_USB_Device_Library/Core/Src/usbd_ctlreq.c ****                 USBD_CtlError(pdev, req);
 280:Middlewares/ST/STM32_USB_Device_Library/Core/Src/usbd_ctlreq.c ****               }
 281:Middlewares/ST/STM32_USB_Device_Library/Core/Src/usbd_ctlreq.c ****               break;
 282:Middlewares/ST/STM32_USB_Device_Library/Core/Src/usbd_ctlreq.c **** 
 283:Middlewares/ST/STM32_USB_Device_Library/Core/Src/usbd_ctlreq.c ****             case USBD_STATE_CONFIGURED:
 284:Middlewares/ST/STM32_USB_Device_Library/Core/Src/usbd_ctlreq.c ****               if (req->wValue == USB_FEATURE_EP_HALT)
 285:Middlewares/ST/STM32_USB_Device_Library/Core/Src/usbd_ctlreq.c ****               {
 286:Middlewares/ST/STM32_USB_Device_Library/Core/Src/usbd_ctlreq.c ****                 if ((ep_addr != 0x00U) && (ep_addr != 0x80U) && (req->wLength == 0x00U))
 287:Middlewares/ST/STM32_USB_Device_Library/Core/Src/usbd_ctlreq.c ****                 {
 288:Middlewares/ST/STM32_USB_Device_Library/Core/Src/usbd_ctlreq.c ****                   (void)USBD_LL_StallEP(pdev, ep_addr);
 289:Middlewares/ST/STM32_USB_Device_Library/Core/Src/usbd_ctlreq.c ****                 }
 290:Middlewares/ST/STM32_USB_Device_Library/Core/Src/usbd_ctlreq.c ****               }
 291:Middlewares/ST/STM32_USB_Device_Library/Core/Src/usbd_ctlreq.c ****               (void)USBD_CtlSendStatus(pdev);
 292:Middlewares/ST/STM32_USB_Device_Library/Core/Src/usbd_ctlreq.c **** 
 293:Middlewares/ST/STM32_USB_Device_Library/Core/Src/usbd_ctlreq.c ****               break;
 294:Middlewares/ST/STM32_USB_Device_Library/Core/Src/usbd_ctlreq.c **** 
 295:Middlewares/ST/STM32_USB_Device_Library/Core/Src/usbd_ctlreq.c ****             default:
 296:Middlewares/ST/STM32_USB_Device_Library/Core/Src/usbd_ctlreq.c ****               USBD_CtlError(pdev, req);
 297:Middlewares/ST/STM32_USB_Device_Library/Core/Src/usbd_ctlreq.c ****               break;
 298:Middlewares/ST/STM32_USB_Device_Library/Core/Src/usbd_ctlreq.c ****           }
 299:Middlewares/ST/STM32_USB_Device_Library/Core/Src/usbd_ctlreq.c ****           break;
 300:Middlewares/ST/STM32_USB_Device_Library/Core/Src/usbd_ctlreq.c **** 
 301:Middlewares/ST/STM32_USB_Device_Library/Core/Src/usbd_ctlreq.c ****         case USB_REQ_CLEAR_FEATURE:
 302:Middlewares/ST/STM32_USB_Device_Library/Core/Src/usbd_ctlreq.c **** 
 303:Middlewares/ST/STM32_USB_Device_Library/Core/Src/usbd_ctlreq.c ****           switch (pdev->dev_state)
 304:Middlewares/ST/STM32_USB_Device_Library/Core/Src/usbd_ctlreq.c ****           {
 305:Middlewares/ST/STM32_USB_Device_Library/Core/Src/usbd_ctlreq.c ****             case USBD_STATE_ADDRESSED:
 306:Middlewares/ST/STM32_USB_Device_Library/Core/Src/usbd_ctlreq.c ****               if ((ep_addr != 0x00U) && (ep_addr != 0x80U))
 307:Middlewares/ST/STM32_USB_Device_Library/Core/Src/usbd_ctlreq.c ****               {
 308:Middlewares/ST/STM32_USB_Device_Library/Core/Src/usbd_ctlreq.c ****                 (void)USBD_LL_StallEP(pdev, ep_addr);
 309:Middlewares/ST/STM32_USB_Device_Library/Core/Src/usbd_ctlreq.c ****                 (void)USBD_LL_StallEP(pdev, 0x80U);
 310:Middlewares/ST/STM32_USB_Device_Library/Core/Src/usbd_ctlreq.c ****               }
 311:Middlewares/ST/STM32_USB_Device_Library/Core/Src/usbd_ctlreq.c ****               else
 312:Middlewares/ST/STM32_USB_Device_Library/Core/Src/usbd_ctlreq.c ****               {
 313:Middlewares/ST/STM32_USB_Device_Library/Core/Src/usbd_ctlreq.c ****                 USBD_CtlError(pdev, req);
 314:Middlewares/ST/STM32_USB_Device_Library/Core/Src/usbd_ctlreq.c ****               }
 315:Middlewares/ST/STM32_USB_Device_Library/Core/Src/usbd_ctlreq.c ****               break;
 316:Middlewares/ST/STM32_USB_Device_Library/Core/Src/usbd_ctlreq.c **** 
 317:Middlewares/ST/STM32_USB_Device_Library/Core/Src/usbd_ctlreq.c ****             case USBD_STATE_CONFIGURED:
ARM GAS  /tmp/ccQZPXS1.s 			page 7


 318:Middlewares/ST/STM32_USB_Device_Library/Core/Src/usbd_ctlreq.c ****               if (req->wValue == USB_FEATURE_EP_HALT)
 319:Middlewares/ST/STM32_USB_Device_Library/Core/Src/usbd_ctlreq.c ****               {
 320:Middlewares/ST/STM32_USB_Device_Library/Core/Src/usbd_ctlreq.c ****                 if ((ep_addr & 0x7FU) != 0x00U)
 321:Middlewares/ST/STM32_USB_Device_Library/Core/Src/usbd_ctlreq.c ****                 {
 322:Middlewares/ST/STM32_USB_Device_Library/Core/Src/usbd_ctlreq.c ****                   (void)USBD_LL_ClearStallEP(pdev, ep_addr);
 323:Middlewares/ST/STM32_USB_Device_Library/Core/Src/usbd_ctlreq.c ****                 }
 324:Middlewares/ST/STM32_USB_Device_Library/Core/Src/usbd_ctlreq.c ****                 (void)USBD_CtlSendStatus(pdev);
 325:Middlewares/ST/STM32_USB_Device_Library/Core/Src/usbd_ctlreq.c **** 
 326:Middlewares/ST/STM32_USB_Device_Library/Core/Src/usbd_ctlreq.c ****                 /* Get the class index relative to this interface */
 327:Middlewares/ST/STM32_USB_Device_Library/Core/Src/usbd_ctlreq.c ****                 idx = USBD_CoreFindEP(pdev, ep_addr);
 328:Middlewares/ST/STM32_USB_Device_Library/Core/Src/usbd_ctlreq.c ****                 if (((uint8_t)idx != 0xFFU) && (idx < USBD_MAX_SUPPORTED_CLASS))
 329:Middlewares/ST/STM32_USB_Device_Library/Core/Src/usbd_ctlreq.c ****                 {
 330:Middlewares/ST/STM32_USB_Device_Library/Core/Src/usbd_ctlreq.c ****                   pdev->classId = idx;
 331:Middlewares/ST/STM32_USB_Device_Library/Core/Src/usbd_ctlreq.c ****                   /* Call the class data out function to manage the request */
 332:Middlewares/ST/STM32_USB_Device_Library/Core/Src/usbd_ctlreq.c ****                   if (pdev->pClass[idx]->Setup != NULL)
 333:Middlewares/ST/STM32_USB_Device_Library/Core/Src/usbd_ctlreq.c ****                   {
 334:Middlewares/ST/STM32_USB_Device_Library/Core/Src/usbd_ctlreq.c ****                     ret = (USBD_StatusTypeDef)(pdev->pClass[idx]->Setup(pdev, req));
 335:Middlewares/ST/STM32_USB_Device_Library/Core/Src/usbd_ctlreq.c ****                   }
 336:Middlewares/ST/STM32_USB_Device_Library/Core/Src/usbd_ctlreq.c ****                 }
 337:Middlewares/ST/STM32_USB_Device_Library/Core/Src/usbd_ctlreq.c ****               }
 338:Middlewares/ST/STM32_USB_Device_Library/Core/Src/usbd_ctlreq.c ****               break;
 339:Middlewares/ST/STM32_USB_Device_Library/Core/Src/usbd_ctlreq.c **** 
 340:Middlewares/ST/STM32_USB_Device_Library/Core/Src/usbd_ctlreq.c ****             default:
 341:Middlewares/ST/STM32_USB_Device_Library/Core/Src/usbd_ctlreq.c ****               USBD_CtlError(pdev, req);
 342:Middlewares/ST/STM32_USB_Device_Library/Core/Src/usbd_ctlreq.c ****               break;
 343:Middlewares/ST/STM32_USB_Device_Library/Core/Src/usbd_ctlreq.c ****           }
 344:Middlewares/ST/STM32_USB_Device_Library/Core/Src/usbd_ctlreq.c ****           break;
 345:Middlewares/ST/STM32_USB_Device_Library/Core/Src/usbd_ctlreq.c **** 
 346:Middlewares/ST/STM32_USB_Device_Library/Core/Src/usbd_ctlreq.c ****         case USB_REQ_GET_STATUS:
 347:Middlewares/ST/STM32_USB_Device_Library/Core/Src/usbd_ctlreq.c ****           switch (pdev->dev_state)
 348:Middlewares/ST/STM32_USB_Device_Library/Core/Src/usbd_ctlreq.c ****           {
 349:Middlewares/ST/STM32_USB_Device_Library/Core/Src/usbd_ctlreq.c ****             case USBD_STATE_ADDRESSED:
 350:Middlewares/ST/STM32_USB_Device_Library/Core/Src/usbd_ctlreq.c ****               if ((ep_addr != 0x00U) && (ep_addr != 0x80U))
 351:Middlewares/ST/STM32_USB_Device_Library/Core/Src/usbd_ctlreq.c ****               {
 352:Middlewares/ST/STM32_USB_Device_Library/Core/Src/usbd_ctlreq.c ****                 USBD_CtlError(pdev, req);
 353:Middlewares/ST/STM32_USB_Device_Library/Core/Src/usbd_ctlreq.c ****                 break;
 354:Middlewares/ST/STM32_USB_Device_Library/Core/Src/usbd_ctlreq.c ****               }
 355:Middlewares/ST/STM32_USB_Device_Library/Core/Src/usbd_ctlreq.c ****               pep = ((ep_addr & 0x80U) == 0x80U) ? &pdev->ep_in[ep_addr & 0x7FU] : \
 356:Middlewares/ST/STM32_USB_Device_Library/Core/Src/usbd_ctlreq.c ****                     &pdev->ep_out[ep_addr & 0x7FU];
 357:Middlewares/ST/STM32_USB_Device_Library/Core/Src/usbd_ctlreq.c **** 
 358:Middlewares/ST/STM32_USB_Device_Library/Core/Src/usbd_ctlreq.c ****               pep->status = 0x0000U;
 359:Middlewares/ST/STM32_USB_Device_Library/Core/Src/usbd_ctlreq.c **** 
 360:Middlewares/ST/STM32_USB_Device_Library/Core/Src/usbd_ctlreq.c ****               (void)USBD_CtlSendData(pdev, (uint8_t *)&pep->status, 2U);
 361:Middlewares/ST/STM32_USB_Device_Library/Core/Src/usbd_ctlreq.c ****               break;
 362:Middlewares/ST/STM32_USB_Device_Library/Core/Src/usbd_ctlreq.c **** 
 363:Middlewares/ST/STM32_USB_Device_Library/Core/Src/usbd_ctlreq.c ****             case USBD_STATE_CONFIGURED:
 364:Middlewares/ST/STM32_USB_Device_Library/Core/Src/usbd_ctlreq.c ****               if ((ep_addr & 0x7FU) > 0x0FU)
 365:Middlewares/ST/STM32_USB_Device_Library/Core/Src/usbd_ctlreq.c ****               {
 366:Middlewares/ST/STM32_USB_Device_Library/Core/Src/usbd_ctlreq.c ****                 USBD_CtlError(pdev, req);
 367:Middlewares/ST/STM32_USB_Device_Library/Core/Src/usbd_ctlreq.c ****                 break;
 368:Middlewares/ST/STM32_USB_Device_Library/Core/Src/usbd_ctlreq.c ****               }
 369:Middlewares/ST/STM32_USB_Device_Library/Core/Src/usbd_ctlreq.c **** 
 370:Middlewares/ST/STM32_USB_Device_Library/Core/Src/usbd_ctlreq.c ****               if ((ep_addr & 0x80U) == 0x80U)
 371:Middlewares/ST/STM32_USB_Device_Library/Core/Src/usbd_ctlreq.c ****               {
 372:Middlewares/ST/STM32_USB_Device_Library/Core/Src/usbd_ctlreq.c ****                 if (pdev->ep_in[ep_addr & 0xFU].is_used == 0U)
 373:Middlewares/ST/STM32_USB_Device_Library/Core/Src/usbd_ctlreq.c ****                 {
 374:Middlewares/ST/STM32_USB_Device_Library/Core/Src/usbd_ctlreq.c ****                   USBD_CtlError(pdev, req);
ARM GAS  /tmp/ccQZPXS1.s 			page 8


 375:Middlewares/ST/STM32_USB_Device_Library/Core/Src/usbd_ctlreq.c ****                   break;
 376:Middlewares/ST/STM32_USB_Device_Library/Core/Src/usbd_ctlreq.c ****                 }
 377:Middlewares/ST/STM32_USB_Device_Library/Core/Src/usbd_ctlreq.c ****               }
 378:Middlewares/ST/STM32_USB_Device_Library/Core/Src/usbd_ctlreq.c ****               else
 379:Middlewares/ST/STM32_USB_Device_Library/Core/Src/usbd_ctlreq.c ****               {
 380:Middlewares/ST/STM32_USB_Device_Library/Core/Src/usbd_ctlreq.c ****                 if (pdev->ep_out[ep_addr & 0xFU].is_used == 0U)
 381:Middlewares/ST/STM32_USB_Device_Library/Core/Src/usbd_ctlreq.c ****                 {
 382:Middlewares/ST/STM32_USB_Device_Library/Core/Src/usbd_ctlreq.c ****                   USBD_CtlError(pdev, req);
 383:Middlewares/ST/STM32_USB_Device_Library/Core/Src/usbd_ctlreq.c ****                   break;
 384:Middlewares/ST/STM32_USB_Device_Library/Core/Src/usbd_ctlreq.c ****                 }
 385:Middlewares/ST/STM32_USB_Device_Library/Core/Src/usbd_ctlreq.c ****               }
 386:Middlewares/ST/STM32_USB_Device_Library/Core/Src/usbd_ctlreq.c **** 
 387:Middlewares/ST/STM32_USB_Device_Library/Core/Src/usbd_ctlreq.c ****               pep = ((ep_addr & 0x80U) == 0x80U) ? &pdev->ep_in[ep_addr & 0xFU] : \
 388:Middlewares/ST/STM32_USB_Device_Library/Core/Src/usbd_ctlreq.c ****                     &pdev->ep_out[ep_addr & 0xFU];
 389:Middlewares/ST/STM32_USB_Device_Library/Core/Src/usbd_ctlreq.c **** 
 390:Middlewares/ST/STM32_USB_Device_Library/Core/Src/usbd_ctlreq.c ****               if ((ep_addr == 0x00U) || (ep_addr == 0x80U))
 391:Middlewares/ST/STM32_USB_Device_Library/Core/Src/usbd_ctlreq.c ****               {
 392:Middlewares/ST/STM32_USB_Device_Library/Core/Src/usbd_ctlreq.c ****                 pep->status = 0x0000U;
 393:Middlewares/ST/STM32_USB_Device_Library/Core/Src/usbd_ctlreq.c ****               }
 394:Middlewares/ST/STM32_USB_Device_Library/Core/Src/usbd_ctlreq.c ****               else if (USBD_LL_IsStallEP(pdev, ep_addr) != 0U)
 395:Middlewares/ST/STM32_USB_Device_Library/Core/Src/usbd_ctlreq.c ****               {
 396:Middlewares/ST/STM32_USB_Device_Library/Core/Src/usbd_ctlreq.c ****                 pep->status = 0x0001U;
 397:Middlewares/ST/STM32_USB_Device_Library/Core/Src/usbd_ctlreq.c ****               }
 398:Middlewares/ST/STM32_USB_Device_Library/Core/Src/usbd_ctlreq.c ****               else
 399:Middlewares/ST/STM32_USB_Device_Library/Core/Src/usbd_ctlreq.c ****               {
 400:Middlewares/ST/STM32_USB_Device_Library/Core/Src/usbd_ctlreq.c ****                 pep->status = 0x0000U;
 401:Middlewares/ST/STM32_USB_Device_Library/Core/Src/usbd_ctlreq.c ****               }
 402:Middlewares/ST/STM32_USB_Device_Library/Core/Src/usbd_ctlreq.c **** 
 403:Middlewares/ST/STM32_USB_Device_Library/Core/Src/usbd_ctlreq.c ****               (void)USBD_CtlSendData(pdev, (uint8_t *)&pep->status, 2U);
 404:Middlewares/ST/STM32_USB_Device_Library/Core/Src/usbd_ctlreq.c ****               break;
 405:Middlewares/ST/STM32_USB_Device_Library/Core/Src/usbd_ctlreq.c **** 
 406:Middlewares/ST/STM32_USB_Device_Library/Core/Src/usbd_ctlreq.c ****             default:
 407:Middlewares/ST/STM32_USB_Device_Library/Core/Src/usbd_ctlreq.c ****               USBD_CtlError(pdev, req);
 408:Middlewares/ST/STM32_USB_Device_Library/Core/Src/usbd_ctlreq.c ****               break;
 409:Middlewares/ST/STM32_USB_Device_Library/Core/Src/usbd_ctlreq.c ****           }
 410:Middlewares/ST/STM32_USB_Device_Library/Core/Src/usbd_ctlreq.c ****           break;
 411:Middlewares/ST/STM32_USB_Device_Library/Core/Src/usbd_ctlreq.c **** 
 412:Middlewares/ST/STM32_USB_Device_Library/Core/Src/usbd_ctlreq.c ****         default:
 413:Middlewares/ST/STM32_USB_Device_Library/Core/Src/usbd_ctlreq.c ****           USBD_CtlError(pdev, req);
 414:Middlewares/ST/STM32_USB_Device_Library/Core/Src/usbd_ctlreq.c ****           break;
 415:Middlewares/ST/STM32_USB_Device_Library/Core/Src/usbd_ctlreq.c ****       }
 416:Middlewares/ST/STM32_USB_Device_Library/Core/Src/usbd_ctlreq.c ****       break;
 417:Middlewares/ST/STM32_USB_Device_Library/Core/Src/usbd_ctlreq.c **** 
 418:Middlewares/ST/STM32_USB_Device_Library/Core/Src/usbd_ctlreq.c ****     default:
 419:Middlewares/ST/STM32_USB_Device_Library/Core/Src/usbd_ctlreq.c ****       USBD_CtlError(pdev, req);
 420:Middlewares/ST/STM32_USB_Device_Library/Core/Src/usbd_ctlreq.c ****       break;
 421:Middlewares/ST/STM32_USB_Device_Library/Core/Src/usbd_ctlreq.c ****   }
 422:Middlewares/ST/STM32_USB_Device_Library/Core/Src/usbd_ctlreq.c **** 
 423:Middlewares/ST/STM32_USB_Device_Library/Core/Src/usbd_ctlreq.c ****   return ret;
 424:Middlewares/ST/STM32_USB_Device_Library/Core/Src/usbd_ctlreq.c **** }
 425:Middlewares/ST/STM32_USB_Device_Library/Core/Src/usbd_ctlreq.c **** 
 426:Middlewares/ST/STM32_USB_Device_Library/Core/Src/usbd_ctlreq.c **** 
 427:Middlewares/ST/STM32_USB_Device_Library/Core/Src/usbd_ctlreq.c **** /**
 428:Middlewares/ST/STM32_USB_Device_Library/Core/Src/usbd_ctlreq.c ****   * @brief  USBD_GetDescriptor
 429:Middlewares/ST/STM32_USB_Device_Library/Core/Src/usbd_ctlreq.c ****   *         Handle Get Descriptor requests
 430:Middlewares/ST/STM32_USB_Device_Library/Core/Src/usbd_ctlreq.c ****   * @param  pdev: device instance
 431:Middlewares/ST/STM32_USB_Device_Library/Core/Src/usbd_ctlreq.c ****   * @param  req: usb request
ARM GAS  /tmp/ccQZPXS1.s 			page 9


 432:Middlewares/ST/STM32_USB_Device_Library/Core/Src/usbd_ctlreq.c ****   * @retval None
 433:Middlewares/ST/STM32_USB_Device_Library/Core/Src/usbd_ctlreq.c ****   */
 434:Middlewares/ST/STM32_USB_Device_Library/Core/Src/usbd_ctlreq.c **** static void USBD_GetDescriptor(USBD_HandleTypeDef *pdev, USBD_SetupReqTypedef *req)
 435:Middlewares/ST/STM32_USB_Device_Library/Core/Src/usbd_ctlreq.c **** {
 436:Middlewares/ST/STM32_USB_Device_Library/Core/Src/usbd_ctlreq.c ****   uint16_t len = 0U;
 437:Middlewares/ST/STM32_USB_Device_Library/Core/Src/usbd_ctlreq.c ****   uint8_t *pbuf = NULL;
 438:Middlewares/ST/STM32_USB_Device_Library/Core/Src/usbd_ctlreq.c ****   uint8_t err = 0U;
 439:Middlewares/ST/STM32_USB_Device_Library/Core/Src/usbd_ctlreq.c **** 
 440:Middlewares/ST/STM32_USB_Device_Library/Core/Src/usbd_ctlreq.c ****   switch (req->wValue >> 8)
 441:Middlewares/ST/STM32_USB_Device_Library/Core/Src/usbd_ctlreq.c ****   {
 442:Middlewares/ST/STM32_USB_Device_Library/Core/Src/usbd_ctlreq.c **** #if ((USBD_LPM_ENABLED == 1U) || (USBD_CLASS_BOS_ENABLED == 1U))
 443:Middlewares/ST/STM32_USB_Device_Library/Core/Src/usbd_ctlreq.c ****     case USB_DESC_TYPE_BOS:
 444:Middlewares/ST/STM32_USB_Device_Library/Core/Src/usbd_ctlreq.c ****       if (pdev->pDesc->GetBOSDescriptor != NULL)
 445:Middlewares/ST/STM32_USB_Device_Library/Core/Src/usbd_ctlreq.c ****       {
 446:Middlewares/ST/STM32_USB_Device_Library/Core/Src/usbd_ctlreq.c ****         pbuf = pdev->pDesc->GetBOSDescriptor(pdev->dev_speed, &len);
 447:Middlewares/ST/STM32_USB_Device_Library/Core/Src/usbd_ctlreq.c ****       }
 448:Middlewares/ST/STM32_USB_Device_Library/Core/Src/usbd_ctlreq.c ****       else
 449:Middlewares/ST/STM32_USB_Device_Library/Core/Src/usbd_ctlreq.c ****       {
 450:Middlewares/ST/STM32_USB_Device_Library/Core/Src/usbd_ctlreq.c ****         USBD_CtlError(pdev, req);
 451:Middlewares/ST/STM32_USB_Device_Library/Core/Src/usbd_ctlreq.c ****         err++;
 452:Middlewares/ST/STM32_USB_Device_Library/Core/Src/usbd_ctlreq.c ****       }
 453:Middlewares/ST/STM32_USB_Device_Library/Core/Src/usbd_ctlreq.c ****       break;
 454:Middlewares/ST/STM32_USB_Device_Library/Core/Src/usbd_ctlreq.c **** #endif /* (USBD_LPM_ENABLED == 1U) || (USBD_CLASS_BOS_ENABLED == 1U) */
 455:Middlewares/ST/STM32_USB_Device_Library/Core/Src/usbd_ctlreq.c ****     case USB_DESC_TYPE_DEVICE:
 456:Middlewares/ST/STM32_USB_Device_Library/Core/Src/usbd_ctlreq.c ****       pbuf = pdev->pDesc->GetDeviceDescriptor(pdev->dev_speed, &len);
 457:Middlewares/ST/STM32_USB_Device_Library/Core/Src/usbd_ctlreq.c ****       break;
 458:Middlewares/ST/STM32_USB_Device_Library/Core/Src/usbd_ctlreq.c **** 
 459:Middlewares/ST/STM32_USB_Device_Library/Core/Src/usbd_ctlreq.c ****     case USB_DESC_TYPE_CONFIGURATION:
 460:Middlewares/ST/STM32_USB_Device_Library/Core/Src/usbd_ctlreq.c ****       if (pdev->dev_speed == USBD_SPEED_HIGH)
 461:Middlewares/ST/STM32_USB_Device_Library/Core/Src/usbd_ctlreq.c ****       {
 462:Middlewares/ST/STM32_USB_Device_Library/Core/Src/usbd_ctlreq.c **** #ifdef USE_USBD_COMPOSITE
 463:Middlewares/ST/STM32_USB_Device_Library/Core/Src/usbd_ctlreq.c ****         if ((uint8_t)(pdev->NumClasses) > 0U)
 464:Middlewares/ST/STM32_USB_Device_Library/Core/Src/usbd_ctlreq.c ****         {
 465:Middlewares/ST/STM32_USB_Device_Library/Core/Src/usbd_ctlreq.c ****           pbuf = (uint8_t *)USBD_CMPSIT.GetHSConfigDescriptor(&len);
 466:Middlewares/ST/STM32_USB_Device_Library/Core/Src/usbd_ctlreq.c ****         }
 467:Middlewares/ST/STM32_USB_Device_Library/Core/Src/usbd_ctlreq.c ****         else
 468:Middlewares/ST/STM32_USB_Device_Library/Core/Src/usbd_ctlreq.c **** #endif /* USE_USBD_COMPOSITE */
 469:Middlewares/ST/STM32_USB_Device_Library/Core/Src/usbd_ctlreq.c ****         {
 470:Middlewares/ST/STM32_USB_Device_Library/Core/Src/usbd_ctlreq.c ****           pbuf = (uint8_t *)pdev->pClass[0]->GetHSConfigDescriptor(&len);
 471:Middlewares/ST/STM32_USB_Device_Library/Core/Src/usbd_ctlreq.c ****         }
 472:Middlewares/ST/STM32_USB_Device_Library/Core/Src/usbd_ctlreq.c ****         pbuf[1] = USB_DESC_TYPE_CONFIGURATION;
 473:Middlewares/ST/STM32_USB_Device_Library/Core/Src/usbd_ctlreq.c ****       }
 474:Middlewares/ST/STM32_USB_Device_Library/Core/Src/usbd_ctlreq.c ****       else
 475:Middlewares/ST/STM32_USB_Device_Library/Core/Src/usbd_ctlreq.c ****       {
 476:Middlewares/ST/STM32_USB_Device_Library/Core/Src/usbd_ctlreq.c **** #ifdef USE_USBD_COMPOSITE
 477:Middlewares/ST/STM32_USB_Device_Library/Core/Src/usbd_ctlreq.c ****         if ((uint8_t)(pdev->NumClasses) > 0U)
 478:Middlewares/ST/STM32_USB_Device_Library/Core/Src/usbd_ctlreq.c ****         {
 479:Middlewares/ST/STM32_USB_Device_Library/Core/Src/usbd_ctlreq.c ****           pbuf = (uint8_t *)USBD_CMPSIT.GetFSConfigDescriptor(&len);
 480:Middlewares/ST/STM32_USB_Device_Library/Core/Src/usbd_ctlreq.c ****         }
 481:Middlewares/ST/STM32_USB_Device_Library/Core/Src/usbd_ctlreq.c ****         else
 482:Middlewares/ST/STM32_USB_Device_Library/Core/Src/usbd_ctlreq.c **** #endif /* USE_USBD_COMPOSITE */
 483:Middlewares/ST/STM32_USB_Device_Library/Core/Src/usbd_ctlreq.c ****         {
 484:Middlewares/ST/STM32_USB_Device_Library/Core/Src/usbd_ctlreq.c ****           pbuf = (uint8_t *)pdev->pClass[0]->GetFSConfigDescriptor(&len);
 485:Middlewares/ST/STM32_USB_Device_Library/Core/Src/usbd_ctlreq.c ****         }
 486:Middlewares/ST/STM32_USB_Device_Library/Core/Src/usbd_ctlreq.c ****         pbuf[1] = USB_DESC_TYPE_CONFIGURATION;
 487:Middlewares/ST/STM32_USB_Device_Library/Core/Src/usbd_ctlreq.c ****       }
 488:Middlewares/ST/STM32_USB_Device_Library/Core/Src/usbd_ctlreq.c ****       break;
ARM GAS  /tmp/ccQZPXS1.s 			page 10


 489:Middlewares/ST/STM32_USB_Device_Library/Core/Src/usbd_ctlreq.c **** 
 490:Middlewares/ST/STM32_USB_Device_Library/Core/Src/usbd_ctlreq.c ****     case USB_DESC_TYPE_STRING:
 491:Middlewares/ST/STM32_USB_Device_Library/Core/Src/usbd_ctlreq.c ****       switch ((uint8_t)(req->wValue))
 492:Middlewares/ST/STM32_USB_Device_Library/Core/Src/usbd_ctlreq.c ****       {
 493:Middlewares/ST/STM32_USB_Device_Library/Core/Src/usbd_ctlreq.c ****         case USBD_IDX_LANGID_STR:
 494:Middlewares/ST/STM32_USB_Device_Library/Core/Src/usbd_ctlreq.c ****           if (pdev->pDesc->GetLangIDStrDescriptor != NULL)
 495:Middlewares/ST/STM32_USB_Device_Library/Core/Src/usbd_ctlreq.c ****           {
 496:Middlewares/ST/STM32_USB_Device_Library/Core/Src/usbd_ctlreq.c ****             pbuf = pdev->pDesc->GetLangIDStrDescriptor(pdev->dev_speed, &len);
 497:Middlewares/ST/STM32_USB_Device_Library/Core/Src/usbd_ctlreq.c ****           }
 498:Middlewares/ST/STM32_USB_Device_Library/Core/Src/usbd_ctlreq.c ****           else
 499:Middlewares/ST/STM32_USB_Device_Library/Core/Src/usbd_ctlreq.c ****           {
 500:Middlewares/ST/STM32_USB_Device_Library/Core/Src/usbd_ctlreq.c ****             USBD_CtlError(pdev, req);
 501:Middlewares/ST/STM32_USB_Device_Library/Core/Src/usbd_ctlreq.c ****             err++;
 502:Middlewares/ST/STM32_USB_Device_Library/Core/Src/usbd_ctlreq.c ****           }
 503:Middlewares/ST/STM32_USB_Device_Library/Core/Src/usbd_ctlreq.c ****           break;
 504:Middlewares/ST/STM32_USB_Device_Library/Core/Src/usbd_ctlreq.c **** 
 505:Middlewares/ST/STM32_USB_Device_Library/Core/Src/usbd_ctlreq.c ****         case USBD_IDX_MFC_STR:
 506:Middlewares/ST/STM32_USB_Device_Library/Core/Src/usbd_ctlreq.c ****           if (pdev->pDesc->GetManufacturerStrDescriptor != NULL)
 507:Middlewares/ST/STM32_USB_Device_Library/Core/Src/usbd_ctlreq.c ****           {
 508:Middlewares/ST/STM32_USB_Device_Library/Core/Src/usbd_ctlreq.c ****             pbuf = pdev->pDesc->GetManufacturerStrDescriptor(pdev->dev_speed, &len);
 509:Middlewares/ST/STM32_USB_Device_Library/Core/Src/usbd_ctlreq.c ****           }
 510:Middlewares/ST/STM32_USB_Device_Library/Core/Src/usbd_ctlreq.c ****           else
 511:Middlewares/ST/STM32_USB_Device_Library/Core/Src/usbd_ctlreq.c ****           {
 512:Middlewares/ST/STM32_USB_Device_Library/Core/Src/usbd_ctlreq.c ****             USBD_CtlError(pdev, req);
 513:Middlewares/ST/STM32_USB_Device_Library/Core/Src/usbd_ctlreq.c ****             err++;
 514:Middlewares/ST/STM32_USB_Device_Library/Core/Src/usbd_ctlreq.c ****           }
 515:Middlewares/ST/STM32_USB_Device_Library/Core/Src/usbd_ctlreq.c ****           break;
 516:Middlewares/ST/STM32_USB_Device_Library/Core/Src/usbd_ctlreq.c **** 
 517:Middlewares/ST/STM32_USB_Device_Library/Core/Src/usbd_ctlreq.c ****         case USBD_IDX_PRODUCT_STR:
 518:Middlewares/ST/STM32_USB_Device_Library/Core/Src/usbd_ctlreq.c ****           if (pdev->pDesc->GetProductStrDescriptor != NULL)
 519:Middlewares/ST/STM32_USB_Device_Library/Core/Src/usbd_ctlreq.c ****           {
 520:Middlewares/ST/STM32_USB_Device_Library/Core/Src/usbd_ctlreq.c ****             pbuf = pdev->pDesc->GetProductStrDescriptor(pdev->dev_speed, &len);
 521:Middlewares/ST/STM32_USB_Device_Library/Core/Src/usbd_ctlreq.c ****           }
 522:Middlewares/ST/STM32_USB_Device_Library/Core/Src/usbd_ctlreq.c ****           else
 523:Middlewares/ST/STM32_USB_Device_Library/Core/Src/usbd_ctlreq.c ****           {
 524:Middlewares/ST/STM32_USB_Device_Library/Core/Src/usbd_ctlreq.c ****             USBD_CtlError(pdev, req);
 525:Middlewares/ST/STM32_USB_Device_Library/Core/Src/usbd_ctlreq.c ****             err++;
 526:Middlewares/ST/STM32_USB_Device_Library/Core/Src/usbd_ctlreq.c ****           }
 527:Middlewares/ST/STM32_USB_Device_Library/Core/Src/usbd_ctlreq.c ****           break;
 528:Middlewares/ST/STM32_USB_Device_Library/Core/Src/usbd_ctlreq.c **** 
 529:Middlewares/ST/STM32_USB_Device_Library/Core/Src/usbd_ctlreq.c ****         case USBD_IDX_SERIAL_STR:
 530:Middlewares/ST/STM32_USB_Device_Library/Core/Src/usbd_ctlreq.c ****           if (pdev->pDesc->GetSerialStrDescriptor != NULL)
 531:Middlewares/ST/STM32_USB_Device_Library/Core/Src/usbd_ctlreq.c ****           {
 532:Middlewares/ST/STM32_USB_Device_Library/Core/Src/usbd_ctlreq.c ****             pbuf = pdev->pDesc->GetSerialStrDescriptor(pdev->dev_speed, &len);
 533:Middlewares/ST/STM32_USB_Device_Library/Core/Src/usbd_ctlreq.c ****           }
 534:Middlewares/ST/STM32_USB_Device_Library/Core/Src/usbd_ctlreq.c ****           else
 535:Middlewares/ST/STM32_USB_Device_Library/Core/Src/usbd_ctlreq.c ****           {
 536:Middlewares/ST/STM32_USB_Device_Library/Core/Src/usbd_ctlreq.c ****             USBD_CtlError(pdev, req);
 537:Middlewares/ST/STM32_USB_Device_Library/Core/Src/usbd_ctlreq.c ****             err++;
 538:Middlewares/ST/STM32_USB_Device_Library/Core/Src/usbd_ctlreq.c ****           }
 539:Middlewares/ST/STM32_USB_Device_Library/Core/Src/usbd_ctlreq.c ****           break;
 540:Middlewares/ST/STM32_USB_Device_Library/Core/Src/usbd_ctlreq.c **** 
 541:Middlewares/ST/STM32_USB_Device_Library/Core/Src/usbd_ctlreq.c ****         case USBD_IDX_CONFIG_STR:
 542:Middlewares/ST/STM32_USB_Device_Library/Core/Src/usbd_ctlreq.c ****           if (pdev->pDesc->GetConfigurationStrDescriptor != NULL)
 543:Middlewares/ST/STM32_USB_Device_Library/Core/Src/usbd_ctlreq.c ****           {
 544:Middlewares/ST/STM32_USB_Device_Library/Core/Src/usbd_ctlreq.c ****             pbuf = pdev->pDesc->GetConfigurationStrDescriptor(pdev->dev_speed, &len);
 545:Middlewares/ST/STM32_USB_Device_Library/Core/Src/usbd_ctlreq.c ****           }
ARM GAS  /tmp/ccQZPXS1.s 			page 11


 546:Middlewares/ST/STM32_USB_Device_Library/Core/Src/usbd_ctlreq.c ****           else
 547:Middlewares/ST/STM32_USB_Device_Library/Core/Src/usbd_ctlreq.c ****           {
 548:Middlewares/ST/STM32_USB_Device_Library/Core/Src/usbd_ctlreq.c ****             USBD_CtlError(pdev, req);
 549:Middlewares/ST/STM32_USB_Device_Library/Core/Src/usbd_ctlreq.c ****             err++;
 550:Middlewares/ST/STM32_USB_Device_Library/Core/Src/usbd_ctlreq.c ****           }
 551:Middlewares/ST/STM32_USB_Device_Library/Core/Src/usbd_ctlreq.c ****           break;
 552:Middlewares/ST/STM32_USB_Device_Library/Core/Src/usbd_ctlreq.c **** 
 553:Middlewares/ST/STM32_USB_Device_Library/Core/Src/usbd_ctlreq.c ****         case USBD_IDX_INTERFACE_STR:
 554:Middlewares/ST/STM32_USB_Device_Library/Core/Src/usbd_ctlreq.c ****           if (pdev->pDesc->GetInterfaceStrDescriptor != NULL)
 555:Middlewares/ST/STM32_USB_Device_Library/Core/Src/usbd_ctlreq.c ****           {
 556:Middlewares/ST/STM32_USB_Device_Library/Core/Src/usbd_ctlreq.c ****             pbuf = pdev->pDesc->GetInterfaceStrDescriptor(pdev->dev_speed, &len);
 557:Middlewares/ST/STM32_USB_Device_Library/Core/Src/usbd_ctlreq.c ****           }
 558:Middlewares/ST/STM32_USB_Device_Library/Core/Src/usbd_ctlreq.c ****           else
 559:Middlewares/ST/STM32_USB_Device_Library/Core/Src/usbd_ctlreq.c ****           {
 560:Middlewares/ST/STM32_USB_Device_Library/Core/Src/usbd_ctlreq.c ****             USBD_CtlError(pdev, req);
 561:Middlewares/ST/STM32_USB_Device_Library/Core/Src/usbd_ctlreq.c ****             err++;
 562:Middlewares/ST/STM32_USB_Device_Library/Core/Src/usbd_ctlreq.c ****           }
 563:Middlewares/ST/STM32_USB_Device_Library/Core/Src/usbd_ctlreq.c ****           break;
 564:Middlewares/ST/STM32_USB_Device_Library/Core/Src/usbd_ctlreq.c **** 
 565:Middlewares/ST/STM32_USB_Device_Library/Core/Src/usbd_ctlreq.c ****         default:
 566:Middlewares/ST/STM32_USB_Device_Library/Core/Src/usbd_ctlreq.c **** #if (USBD_SUPPORT_USER_STRING_DESC == 1U)
 567:Middlewares/ST/STM32_USB_Device_Library/Core/Src/usbd_ctlreq.c ****           pbuf = NULL;
 568:Middlewares/ST/STM32_USB_Device_Library/Core/Src/usbd_ctlreq.c **** 
 569:Middlewares/ST/STM32_USB_Device_Library/Core/Src/usbd_ctlreq.c ****           for (uint32_t idx = 0U; (idx < pdev->NumClasses); idx++)
 570:Middlewares/ST/STM32_USB_Device_Library/Core/Src/usbd_ctlreq.c ****           {
 571:Middlewares/ST/STM32_USB_Device_Library/Core/Src/usbd_ctlreq.c ****             if (pdev->pClass[idx]->GetUsrStrDescriptor != NULL)
 572:Middlewares/ST/STM32_USB_Device_Library/Core/Src/usbd_ctlreq.c ****             {
 573:Middlewares/ST/STM32_USB_Device_Library/Core/Src/usbd_ctlreq.c ****               pdev->classId = idx;
 574:Middlewares/ST/STM32_USB_Device_Library/Core/Src/usbd_ctlreq.c ****               pbuf = pdev->pClass[idx]->GetUsrStrDescriptor(pdev, LOBYTE(req->wValue), &len);
 575:Middlewares/ST/STM32_USB_Device_Library/Core/Src/usbd_ctlreq.c **** 
 576:Middlewares/ST/STM32_USB_Device_Library/Core/Src/usbd_ctlreq.c ****               if (pbuf == NULL) /* This means that no class recognized the string index */
 577:Middlewares/ST/STM32_USB_Device_Library/Core/Src/usbd_ctlreq.c ****               {
 578:Middlewares/ST/STM32_USB_Device_Library/Core/Src/usbd_ctlreq.c ****                 continue;
 579:Middlewares/ST/STM32_USB_Device_Library/Core/Src/usbd_ctlreq.c ****               }
 580:Middlewares/ST/STM32_USB_Device_Library/Core/Src/usbd_ctlreq.c ****               else
 581:Middlewares/ST/STM32_USB_Device_Library/Core/Src/usbd_ctlreq.c ****               {
 582:Middlewares/ST/STM32_USB_Device_Library/Core/Src/usbd_ctlreq.c ****                 break;
 583:Middlewares/ST/STM32_USB_Device_Library/Core/Src/usbd_ctlreq.c ****               }
 584:Middlewares/ST/STM32_USB_Device_Library/Core/Src/usbd_ctlreq.c ****             }
 585:Middlewares/ST/STM32_USB_Device_Library/Core/Src/usbd_ctlreq.c ****           }
 586:Middlewares/ST/STM32_USB_Device_Library/Core/Src/usbd_ctlreq.c **** #endif /* USBD_SUPPORT_USER_STRING_DESC  */
 587:Middlewares/ST/STM32_USB_Device_Library/Core/Src/usbd_ctlreq.c **** 
 588:Middlewares/ST/STM32_USB_Device_Library/Core/Src/usbd_ctlreq.c **** #if (USBD_CLASS_USER_STRING_DESC == 1U)
 589:Middlewares/ST/STM32_USB_Device_Library/Core/Src/usbd_ctlreq.c ****           if (pdev->pDesc->GetUserStrDescriptor != NULL)
 590:Middlewares/ST/STM32_USB_Device_Library/Core/Src/usbd_ctlreq.c ****           {
 591:Middlewares/ST/STM32_USB_Device_Library/Core/Src/usbd_ctlreq.c ****             pbuf = pdev->pDesc->GetUserStrDescriptor(pdev->dev_speed, LOBYTE(req->wValue), &len);
 592:Middlewares/ST/STM32_USB_Device_Library/Core/Src/usbd_ctlreq.c ****           }
 593:Middlewares/ST/STM32_USB_Device_Library/Core/Src/usbd_ctlreq.c ****           else
 594:Middlewares/ST/STM32_USB_Device_Library/Core/Src/usbd_ctlreq.c ****           {
 595:Middlewares/ST/STM32_USB_Device_Library/Core/Src/usbd_ctlreq.c ****             USBD_CtlError(pdev, req);
 596:Middlewares/ST/STM32_USB_Device_Library/Core/Src/usbd_ctlreq.c ****             err++;
 597:Middlewares/ST/STM32_USB_Device_Library/Core/Src/usbd_ctlreq.c ****           }
 598:Middlewares/ST/STM32_USB_Device_Library/Core/Src/usbd_ctlreq.c **** #endif /* USBD_SUPPORT_USER_STRING_DESC  */
 599:Middlewares/ST/STM32_USB_Device_Library/Core/Src/usbd_ctlreq.c **** 
 600:Middlewares/ST/STM32_USB_Device_Library/Core/Src/usbd_ctlreq.c **** #if ((USBD_CLASS_USER_STRING_DESC == 0U) && (USBD_SUPPORT_USER_STRING_DESC == 0U))
 601:Middlewares/ST/STM32_USB_Device_Library/Core/Src/usbd_ctlreq.c ****           USBD_CtlError(pdev, req);
 602:Middlewares/ST/STM32_USB_Device_Library/Core/Src/usbd_ctlreq.c ****           err++;
ARM GAS  /tmp/ccQZPXS1.s 			page 12


 603:Middlewares/ST/STM32_USB_Device_Library/Core/Src/usbd_ctlreq.c **** #endif /* (USBD_CLASS_USER_STRING_DESC == 0U) && (USBD_SUPPORT_USER_STRING_DESC == 0U) */
 604:Middlewares/ST/STM32_USB_Device_Library/Core/Src/usbd_ctlreq.c ****           break;
 605:Middlewares/ST/STM32_USB_Device_Library/Core/Src/usbd_ctlreq.c ****       }
 606:Middlewares/ST/STM32_USB_Device_Library/Core/Src/usbd_ctlreq.c ****       break;
 607:Middlewares/ST/STM32_USB_Device_Library/Core/Src/usbd_ctlreq.c **** 
 608:Middlewares/ST/STM32_USB_Device_Library/Core/Src/usbd_ctlreq.c ****     case USB_DESC_TYPE_DEVICE_QUALIFIER:
 609:Middlewares/ST/STM32_USB_Device_Library/Core/Src/usbd_ctlreq.c ****       if (pdev->dev_speed == USBD_SPEED_HIGH)
 610:Middlewares/ST/STM32_USB_Device_Library/Core/Src/usbd_ctlreq.c ****       {
 611:Middlewares/ST/STM32_USB_Device_Library/Core/Src/usbd_ctlreq.c **** #ifdef USE_USBD_COMPOSITE
 612:Middlewares/ST/STM32_USB_Device_Library/Core/Src/usbd_ctlreq.c ****         if ((uint8_t)(pdev->NumClasses) > 0U)
 613:Middlewares/ST/STM32_USB_Device_Library/Core/Src/usbd_ctlreq.c ****         {
 614:Middlewares/ST/STM32_USB_Device_Library/Core/Src/usbd_ctlreq.c ****           pbuf = (uint8_t *)USBD_CMPSIT.GetDeviceQualifierDescriptor(&len);
 615:Middlewares/ST/STM32_USB_Device_Library/Core/Src/usbd_ctlreq.c ****         }
 616:Middlewares/ST/STM32_USB_Device_Library/Core/Src/usbd_ctlreq.c ****         else
 617:Middlewares/ST/STM32_USB_Device_Library/Core/Src/usbd_ctlreq.c **** #endif /* USE_USBD_COMPOSITE */
 618:Middlewares/ST/STM32_USB_Device_Library/Core/Src/usbd_ctlreq.c ****         {
 619:Middlewares/ST/STM32_USB_Device_Library/Core/Src/usbd_ctlreq.c ****           pbuf = (uint8_t *)pdev->pClass[0]->GetDeviceQualifierDescriptor(&len);
 620:Middlewares/ST/STM32_USB_Device_Library/Core/Src/usbd_ctlreq.c ****         }
 621:Middlewares/ST/STM32_USB_Device_Library/Core/Src/usbd_ctlreq.c ****       }
 622:Middlewares/ST/STM32_USB_Device_Library/Core/Src/usbd_ctlreq.c ****       else
 623:Middlewares/ST/STM32_USB_Device_Library/Core/Src/usbd_ctlreq.c ****       {
 624:Middlewares/ST/STM32_USB_Device_Library/Core/Src/usbd_ctlreq.c ****         USBD_CtlError(pdev, req);
 625:Middlewares/ST/STM32_USB_Device_Library/Core/Src/usbd_ctlreq.c ****         err++;
 626:Middlewares/ST/STM32_USB_Device_Library/Core/Src/usbd_ctlreq.c ****       }
 627:Middlewares/ST/STM32_USB_Device_Library/Core/Src/usbd_ctlreq.c ****       break;
 628:Middlewares/ST/STM32_USB_Device_Library/Core/Src/usbd_ctlreq.c **** 
 629:Middlewares/ST/STM32_USB_Device_Library/Core/Src/usbd_ctlreq.c ****     case USB_DESC_TYPE_OTHER_SPEED_CONFIGURATION:
 630:Middlewares/ST/STM32_USB_Device_Library/Core/Src/usbd_ctlreq.c ****       if (pdev->dev_speed == USBD_SPEED_HIGH)
 631:Middlewares/ST/STM32_USB_Device_Library/Core/Src/usbd_ctlreq.c ****       {
 632:Middlewares/ST/STM32_USB_Device_Library/Core/Src/usbd_ctlreq.c **** #ifdef USE_USBD_COMPOSITE
 633:Middlewares/ST/STM32_USB_Device_Library/Core/Src/usbd_ctlreq.c ****         if ((uint8_t)(pdev->NumClasses) > 0U)
 634:Middlewares/ST/STM32_USB_Device_Library/Core/Src/usbd_ctlreq.c ****         {
 635:Middlewares/ST/STM32_USB_Device_Library/Core/Src/usbd_ctlreq.c ****           pbuf = (uint8_t *)USBD_CMPSIT.GetOtherSpeedConfigDescriptor(&len);
 636:Middlewares/ST/STM32_USB_Device_Library/Core/Src/usbd_ctlreq.c ****         }
 637:Middlewares/ST/STM32_USB_Device_Library/Core/Src/usbd_ctlreq.c ****         else
 638:Middlewares/ST/STM32_USB_Device_Library/Core/Src/usbd_ctlreq.c **** #endif /* USE_USBD_COMPOSITE */
 639:Middlewares/ST/STM32_USB_Device_Library/Core/Src/usbd_ctlreq.c ****         {
 640:Middlewares/ST/STM32_USB_Device_Library/Core/Src/usbd_ctlreq.c ****           pbuf = (uint8_t *)pdev->pClass[0]->GetOtherSpeedConfigDescriptor(&len);
 641:Middlewares/ST/STM32_USB_Device_Library/Core/Src/usbd_ctlreq.c ****         }
 642:Middlewares/ST/STM32_USB_Device_Library/Core/Src/usbd_ctlreq.c ****         pbuf[1] = USB_DESC_TYPE_OTHER_SPEED_CONFIGURATION;
 643:Middlewares/ST/STM32_USB_Device_Library/Core/Src/usbd_ctlreq.c ****       }
 644:Middlewares/ST/STM32_USB_Device_Library/Core/Src/usbd_ctlreq.c ****       else
 645:Middlewares/ST/STM32_USB_Device_Library/Core/Src/usbd_ctlreq.c ****       {
 646:Middlewares/ST/STM32_USB_Device_Library/Core/Src/usbd_ctlreq.c ****         USBD_CtlError(pdev, req);
 647:Middlewares/ST/STM32_USB_Device_Library/Core/Src/usbd_ctlreq.c ****         err++;
 648:Middlewares/ST/STM32_USB_Device_Library/Core/Src/usbd_ctlreq.c ****       }
 649:Middlewares/ST/STM32_USB_Device_Library/Core/Src/usbd_ctlreq.c ****       break;
 650:Middlewares/ST/STM32_USB_Device_Library/Core/Src/usbd_ctlreq.c **** 
 651:Middlewares/ST/STM32_USB_Device_Library/Core/Src/usbd_ctlreq.c ****     default:
 652:Middlewares/ST/STM32_USB_Device_Library/Core/Src/usbd_ctlreq.c ****       USBD_CtlError(pdev, req);
 653:Middlewares/ST/STM32_USB_Device_Library/Core/Src/usbd_ctlreq.c ****       err++;
 654:Middlewares/ST/STM32_USB_Device_Library/Core/Src/usbd_ctlreq.c ****       break;
 655:Middlewares/ST/STM32_USB_Device_Library/Core/Src/usbd_ctlreq.c ****   }
 656:Middlewares/ST/STM32_USB_Device_Library/Core/Src/usbd_ctlreq.c **** 
 657:Middlewares/ST/STM32_USB_Device_Library/Core/Src/usbd_ctlreq.c ****   if (err != 0U)
 658:Middlewares/ST/STM32_USB_Device_Library/Core/Src/usbd_ctlreq.c ****   {
 659:Middlewares/ST/STM32_USB_Device_Library/Core/Src/usbd_ctlreq.c ****     return;
ARM GAS  /tmp/ccQZPXS1.s 			page 13


 660:Middlewares/ST/STM32_USB_Device_Library/Core/Src/usbd_ctlreq.c ****   }
 661:Middlewares/ST/STM32_USB_Device_Library/Core/Src/usbd_ctlreq.c **** 
 662:Middlewares/ST/STM32_USB_Device_Library/Core/Src/usbd_ctlreq.c ****   if (req->wLength != 0U)
 663:Middlewares/ST/STM32_USB_Device_Library/Core/Src/usbd_ctlreq.c ****   {
 664:Middlewares/ST/STM32_USB_Device_Library/Core/Src/usbd_ctlreq.c ****     if (len != 0U)
 665:Middlewares/ST/STM32_USB_Device_Library/Core/Src/usbd_ctlreq.c ****     {
 666:Middlewares/ST/STM32_USB_Device_Library/Core/Src/usbd_ctlreq.c ****       len = MIN(len, req->wLength);
 667:Middlewares/ST/STM32_USB_Device_Library/Core/Src/usbd_ctlreq.c ****       (void)USBD_CtlSendData(pdev, pbuf, len);
 668:Middlewares/ST/STM32_USB_Device_Library/Core/Src/usbd_ctlreq.c ****     }
 669:Middlewares/ST/STM32_USB_Device_Library/Core/Src/usbd_ctlreq.c ****     else
 670:Middlewares/ST/STM32_USB_Device_Library/Core/Src/usbd_ctlreq.c ****     {
 671:Middlewares/ST/STM32_USB_Device_Library/Core/Src/usbd_ctlreq.c ****       USBD_CtlError(pdev, req);
 672:Middlewares/ST/STM32_USB_Device_Library/Core/Src/usbd_ctlreq.c ****     }
 673:Middlewares/ST/STM32_USB_Device_Library/Core/Src/usbd_ctlreq.c ****   }
 674:Middlewares/ST/STM32_USB_Device_Library/Core/Src/usbd_ctlreq.c ****   else
 675:Middlewares/ST/STM32_USB_Device_Library/Core/Src/usbd_ctlreq.c ****   {
 676:Middlewares/ST/STM32_USB_Device_Library/Core/Src/usbd_ctlreq.c ****     (void)USBD_CtlSendStatus(pdev);
 677:Middlewares/ST/STM32_USB_Device_Library/Core/Src/usbd_ctlreq.c ****   }
 678:Middlewares/ST/STM32_USB_Device_Library/Core/Src/usbd_ctlreq.c **** }
 679:Middlewares/ST/STM32_USB_Device_Library/Core/Src/usbd_ctlreq.c **** 
 680:Middlewares/ST/STM32_USB_Device_Library/Core/Src/usbd_ctlreq.c **** 
 681:Middlewares/ST/STM32_USB_Device_Library/Core/Src/usbd_ctlreq.c **** /**
 682:Middlewares/ST/STM32_USB_Device_Library/Core/Src/usbd_ctlreq.c ****   * @brief  USBD_SetAddress
 683:Middlewares/ST/STM32_USB_Device_Library/Core/Src/usbd_ctlreq.c ****   *         Set device address
 684:Middlewares/ST/STM32_USB_Device_Library/Core/Src/usbd_ctlreq.c ****   * @param  pdev: device instance
 685:Middlewares/ST/STM32_USB_Device_Library/Core/Src/usbd_ctlreq.c ****   * @param  req: usb request
 686:Middlewares/ST/STM32_USB_Device_Library/Core/Src/usbd_ctlreq.c ****   * @retval None
 687:Middlewares/ST/STM32_USB_Device_Library/Core/Src/usbd_ctlreq.c ****   */
 688:Middlewares/ST/STM32_USB_Device_Library/Core/Src/usbd_ctlreq.c **** static void USBD_SetAddress(USBD_HandleTypeDef *pdev, USBD_SetupReqTypedef *req)
 689:Middlewares/ST/STM32_USB_Device_Library/Core/Src/usbd_ctlreq.c **** {
 690:Middlewares/ST/STM32_USB_Device_Library/Core/Src/usbd_ctlreq.c ****   uint8_t  dev_addr;
 691:Middlewares/ST/STM32_USB_Device_Library/Core/Src/usbd_ctlreq.c **** 
 692:Middlewares/ST/STM32_USB_Device_Library/Core/Src/usbd_ctlreq.c ****   if ((req->wIndex == 0U) && (req->wLength == 0U) && (req->wValue < 128U))
 693:Middlewares/ST/STM32_USB_Device_Library/Core/Src/usbd_ctlreq.c ****   {
 694:Middlewares/ST/STM32_USB_Device_Library/Core/Src/usbd_ctlreq.c ****     dev_addr = (uint8_t)(req->wValue) & 0x7FU;
 695:Middlewares/ST/STM32_USB_Device_Library/Core/Src/usbd_ctlreq.c **** 
 696:Middlewares/ST/STM32_USB_Device_Library/Core/Src/usbd_ctlreq.c ****     if (pdev->dev_state == USBD_STATE_CONFIGURED)
 697:Middlewares/ST/STM32_USB_Device_Library/Core/Src/usbd_ctlreq.c ****     {
 698:Middlewares/ST/STM32_USB_Device_Library/Core/Src/usbd_ctlreq.c ****       USBD_CtlError(pdev, req);
 699:Middlewares/ST/STM32_USB_Device_Library/Core/Src/usbd_ctlreq.c ****     }
 700:Middlewares/ST/STM32_USB_Device_Library/Core/Src/usbd_ctlreq.c ****     else
 701:Middlewares/ST/STM32_USB_Device_Library/Core/Src/usbd_ctlreq.c ****     {
 702:Middlewares/ST/STM32_USB_Device_Library/Core/Src/usbd_ctlreq.c ****       pdev->dev_address = dev_addr;
 703:Middlewares/ST/STM32_USB_Device_Library/Core/Src/usbd_ctlreq.c ****       (void)USBD_LL_SetUSBAddress(pdev, dev_addr);
 704:Middlewares/ST/STM32_USB_Device_Library/Core/Src/usbd_ctlreq.c ****       (void)USBD_CtlSendStatus(pdev);
 705:Middlewares/ST/STM32_USB_Device_Library/Core/Src/usbd_ctlreq.c **** 
 706:Middlewares/ST/STM32_USB_Device_Library/Core/Src/usbd_ctlreq.c ****       if (dev_addr != 0U)
 707:Middlewares/ST/STM32_USB_Device_Library/Core/Src/usbd_ctlreq.c ****       {
 708:Middlewares/ST/STM32_USB_Device_Library/Core/Src/usbd_ctlreq.c ****         pdev->dev_state = USBD_STATE_ADDRESSED;
 709:Middlewares/ST/STM32_USB_Device_Library/Core/Src/usbd_ctlreq.c ****       }
 710:Middlewares/ST/STM32_USB_Device_Library/Core/Src/usbd_ctlreq.c ****       else
 711:Middlewares/ST/STM32_USB_Device_Library/Core/Src/usbd_ctlreq.c ****       {
 712:Middlewares/ST/STM32_USB_Device_Library/Core/Src/usbd_ctlreq.c ****         pdev->dev_state = USBD_STATE_DEFAULT;
 713:Middlewares/ST/STM32_USB_Device_Library/Core/Src/usbd_ctlreq.c ****       }
 714:Middlewares/ST/STM32_USB_Device_Library/Core/Src/usbd_ctlreq.c ****     }
 715:Middlewares/ST/STM32_USB_Device_Library/Core/Src/usbd_ctlreq.c ****   }
 716:Middlewares/ST/STM32_USB_Device_Library/Core/Src/usbd_ctlreq.c ****   else
ARM GAS  /tmp/ccQZPXS1.s 			page 14


 717:Middlewares/ST/STM32_USB_Device_Library/Core/Src/usbd_ctlreq.c ****   {
 718:Middlewares/ST/STM32_USB_Device_Library/Core/Src/usbd_ctlreq.c ****     USBD_CtlError(pdev, req);
 719:Middlewares/ST/STM32_USB_Device_Library/Core/Src/usbd_ctlreq.c ****   }
 720:Middlewares/ST/STM32_USB_Device_Library/Core/Src/usbd_ctlreq.c **** }
 721:Middlewares/ST/STM32_USB_Device_Library/Core/Src/usbd_ctlreq.c **** 
 722:Middlewares/ST/STM32_USB_Device_Library/Core/Src/usbd_ctlreq.c **** /**
 723:Middlewares/ST/STM32_USB_Device_Library/Core/Src/usbd_ctlreq.c ****   * @brief  USBD_SetConfig
 724:Middlewares/ST/STM32_USB_Device_Library/Core/Src/usbd_ctlreq.c ****   *         Handle Set device configuration request
 725:Middlewares/ST/STM32_USB_Device_Library/Core/Src/usbd_ctlreq.c ****   * @param  pdev: device instance
 726:Middlewares/ST/STM32_USB_Device_Library/Core/Src/usbd_ctlreq.c ****   * @param  req: usb request
 727:Middlewares/ST/STM32_USB_Device_Library/Core/Src/usbd_ctlreq.c ****   * @retval status
 728:Middlewares/ST/STM32_USB_Device_Library/Core/Src/usbd_ctlreq.c ****   */
 729:Middlewares/ST/STM32_USB_Device_Library/Core/Src/usbd_ctlreq.c **** static USBD_StatusTypeDef USBD_SetConfig(USBD_HandleTypeDef *pdev, USBD_SetupReqTypedef *req)
 730:Middlewares/ST/STM32_USB_Device_Library/Core/Src/usbd_ctlreq.c **** {
 731:Middlewares/ST/STM32_USB_Device_Library/Core/Src/usbd_ctlreq.c ****   USBD_StatusTypeDef ret = USBD_OK;
 732:Middlewares/ST/STM32_USB_Device_Library/Core/Src/usbd_ctlreq.c ****   static uint8_t cfgidx;
 733:Middlewares/ST/STM32_USB_Device_Library/Core/Src/usbd_ctlreq.c **** 
 734:Middlewares/ST/STM32_USB_Device_Library/Core/Src/usbd_ctlreq.c ****   cfgidx = (uint8_t)(req->wValue);
 735:Middlewares/ST/STM32_USB_Device_Library/Core/Src/usbd_ctlreq.c **** 
 736:Middlewares/ST/STM32_USB_Device_Library/Core/Src/usbd_ctlreq.c ****   if (cfgidx > USBD_MAX_NUM_CONFIGURATION)
 737:Middlewares/ST/STM32_USB_Device_Library/Core/Src/usbd_ctlreq.c ****   {
 738:Middlewares/ST/STM32_USB_Device_Library/Core/Src/usbd_ctlreq.c ****     USBD_CtlError(pdev, req);
 739:Middlewares/ST/STM32_USB_Device_Library/Core/Src/usbd_ctlreq.c ****     return USBD_FAIL;
 740:Middlewares/ST/STM32_USB_Device_Library/Core/Src/usbd_ctlreq.c ****   }
 741:Middlewares/ST/STM32_USB_Device_Library/Core/Src/usbd_ctlreq.c **** 
 742:Middlewares/ST/STM32_USB_Device_Library/Core/Src/usbd_ctlreq.c ****   switch (pdev->dev_state)
 743:Middlewares/ST/STM32_USB_Device_Library/Core/Src/usbd_ctlreq.c ****   {
 744:Middlewares/ST/STM32_USB_Device_Library/Core/Src/usbd_ctlreq.c ****     case USBD_STATE_ADDRESSED:
 745:Middlewares/ST/STM32_USB_Device_Library/Core/Src/usbd_ctlreq.c ****       if (cfgidx != 0U)
 746:Middlewares/ST/STM32_USB_Device_Library/Core/Src/usbd_ctlreq.c ****       {
 747:Middlewares/ST/STM32_USB_Device_Library/Core/Src/usbd_ctlreq.c ****         pdev->dev_config = cfgidx;
 748:Middlewares/ST/STM32_USB_Device_Library/Core/Src/usbd_ctlreq.c **** 
 749:Middlewares/ST/STM32_USB_Device_Library/Core/Src/usbd_ctlreq.c ****         ret = USBD_SetClassConfig(pdev, cfgidx);
 750:Middlewares/ST/STM32_USB_Device_Library/Core/Src/usbd_ctlreq.c **** 
 751:Middlewares/ST/STM32_USB_Device_Library/Core/Src/usbd_ctlreq.c ****         if (ret != USBD_OK)
 752:Middlewares/ST/STM32_USB_Device_Library/Core/Src/usbd_ctlreq.c ****         {
 753:Middlewares/ST/STM32_USB_Device_Library/Core/Src/usbd_ctlreq.c ****           USBD_CtlError(pdev, req);
 754:Middlewares/ST/STM32_USB_Device_Library/Core/Src/usbd_ctlreq.c ****           pdev->dev_state = USBD_STATE_ADDRESSED;
 755:Middlewares/ST/STM32_USB_Device_Library/Core/Src/usbd_ctlreq.c ****         }
 756:Middlewares/ST/STM32_USB_Device_Library/Core/Src/usbd_ctlreq.c ****         else
 757:Middlewares/ST/STM32_USB_Device_Library/Core/Src/usbd_ctlreq.c ****         {
 758:Middlewares/ST/STM32_USB_Device_Library/Core/Src/usbd_ctlreq.c ****           (void)USBD_CtlSendStatus(pdev);
 759:Middlewares/ST/STM32_USB_Device_Library/Core/Src/usbd_ctlreq.c ****           pdev->dev_state = USBD_STATE_CONFIGURED;
 760:Middlewares/ST/STM32_USB_Device_Library/Core/Src/usbd_ctlreq.c **** 
 761:Middlewares/ST/STM32_USB_Device_Library/Core/Src/usbd_ctlreq.c **** #if (USBD_USER_REGISTER_CALLBACK == 1U)
 762:Middlewares/ST/STM32_USB_Device_Library/Core/Src/usbd_ctlreq.c ****           if (pdev->DevStateCallback != NULL)
 763:Middlewares/ST/STM32_USB_Device_Library/Core/Src/usbd_ctlreq.c ****           {
 764:Middlewares/ST/STM32_USB_Device_Library/Core/Src/usbd_ctlreq.c ****             pdev->DevStateCallback(USBD_STATE_CONFIGURED, cfgidx);
 765:Middlewares/ST/STM32_USB_Device_Library/Core/Src/usbd_ctlreq.c ****           }
 766:Middlewares/ST/STM32_USB_Device_Library/Core/Src/usbd_ctlreq.c **** #endif /* USBD_USER_REGISTER_CALLBACK */
 767:Middlewares/ST/STM32_USB_Device_Library/Core/Src/usbd_ctlreq.c ****         }
 768:Middlewares/ST/STM32_USB_Device_Library/Core/Src/usbd_ctlreq.c ****       }
 769:Middlewares/ST/STM32_USB_Device_Library/Core/Src/usbd_ctlreq.c ****       else
 770:Middlewares/ST/STM32_USB_Device_Library/Core/Src/usbd_ctlreq.c ****       {
 771:Middlewares/ST/STM32_USB_Device_Library/Core/Src/usbd_ctlreq.c ****         (void)USBD_CtlSendStatus(pdev);
 772:Middlewares/ST/STM32_USB_Device_Library/Core/Src/usbd_ctlreq.c ****       }
 773:Middlewares/ST/STM32_USB_Device_Library/Core/Src/usbd_ctlreq.c ****       break;
ARM GAS  /tmp/ccQZPXS1.s 			page 15


 774:Middlewares/ST/STM32_USB_Device_Library/Core/Src/usbd_ctlreq.c **** 
 775:Middlewares/ST/STM32_USB_Device_Library/Core/Src/usbd_ctlreq.c ****     case USBD_STATE_CONFIGURED:
 776:Middlewares/ST/STM32_USB_Device_Library/Core/Src/usbd_ctlreq.c ****       if (cfgidx == 0U)
 777:Middlewares/ST/STM32_USB_Device_Library/Core/Src/usbd_ctlreq.c ****       {
 778:Middlewares/ST/STM32_USB_Device_Library/Core/Src/usbd_ctlreq.c ****         pdev->dev_state = USBD_STATE_ADDRESSED;
 779:Middlewares/ST/STM32_USB_Device_Library/Core/Src/usbd_ctlreq.c ****         pdev->dev_config = cfgidx;
 780:Middlewares/ST/STM32_USB_Device_Library/Core/Src/usbd_ctlreq.c ****         (void)USBD_ClrClassConfig(pdev, cfgidx);
 781:Middlewares/ST/STM32_USB_Device_Library/Core/Src/usbd_ctlreq.c ****         (void)USBD_CtlSendStatus(pdev);
 782:Middlewares/ST/STM32_USB_Device_Library/Core/Src/usbd_ctlreq.c ****       }
 783:Middlewares/ST/STM32_USB_Device_Library/Core/Src/usbd_ctlreq.c ****       else if (cfgidx != pdev->dev_config)
 784:Middlewares/ST/STM32_USB_Device_Library/Core/Src/usbd_ctlreq.c ****       {
 785:Middlewares/ST/STM32_USB_Device_Library/Core/Src/usbd_ctlreq.c ****         /* Clear old configuration */
 786:Middlewares/ST/STM32_USB_Device_Library/Core/Src/usbd_ctlreq.c ****         (void)USBD_ClrClassConfig(pdev, (uint8_t)pdev->dev_config);
 787:Middlewares/ST/STM32_USB_Device_Library/Core/Src/usbd_ctlreq.c **** 
 788:Middlewares/ST/STM32_USB_Device_Library/Core/Src/usbd_ctlreq.c ****         /* set new configuration */
 789:Middlewares/ST/STM32_USB_Device_Library/Core/Src/usbd_ctlreq.c ****         pdev->dev_config = cfgidx;
 790:Middlewares/ST/STM32_USB_Device_Library/Core/Src/usbd_ctlreq.c **** 
 791:Middlewares/ST/STM32_USB_Device_Library/Core/Src/usbd_ctlreq.c ****         ret = USBD_SetClassConfig(pdev, cfgidx);
 792:Middlewares/ST/STM32_USB_Device_Library/Core/Src/usbd_ctlreq.c **** 
 793:Middlewares/ST/STM32_USB_Device_Library/Core/Src/usbd_ctlreq.c ****         if (ret != USBD_OK)
 794:Middlewares/ST/STM32_USB_Device_Library/Core/Src/usbd_ctlreq.c ****         {
 795:Middlewares/ST/STM32_USB_Device_Library/Core/Src/usbd_ctlreq.c ****           USBD_CtlError(pdev, req);
 796:Middlewares/ST/STM32_USB_Device_Library/Core/Src/usbd_ctlreq.c ****           (void)USBD_ClrClassConfig(pdev, (uint8_t)pdev->dev_config);
 797:Middlewares/ST/STM32_USB_Device_Library/Core/Src/usbd_ctlreq.c ****           pdev->dev_state = USBD_STATE_ADDRESSED;
 798:Middlewares/ST/STM32_USB_Device_Library/Core/Src/usbd_ctlreq.c ****         }
 799:Middlewares/ST/STM32_USB_Device_Library/Core/Src/usbd_ctlreq.c ****         else
 800:Middlewares/ST/STM32_USB_Device_Library/Core/Src/usbd_ctlreq.c ****         {
 801:Middlewares/ST/STM32_USB_Device_Library/Core/Src/usbd_ctlreq.c ****           (void)USBD_CtlSendStatus(pdev);
 802:Middlewares/ST/STM32_USB_Device_Library/Core/Src/usbd_ctlreq.c ****         }
 803:Middlewares/ST/STM32_USB_Device_Library/Core/Src/usbd_ctlreq.c ****       }
 804:Middlewares/ST/STM32_USB_Device_Library/Core/Src/usbd_ctlreq.c ****       else
 805:Middlewares/ST/STM32_USB_Device_Library/Core/Src/usbd_ctlreq.c ****       {
 806:Middlewares/ST/STM32_USB_Device_Library/Core/Src/usbd_ctlreq.c ****         (void)USBD_CtlSendStatus(pdev);
 807:Middlewares/ST/STM32_USB_Device_Library/Core/Src/usbd_ctlreq.c ****       }
 808:Middlewares/ST/STM32_USB_Device_Library/Core/Src/usbd_ctlreq.c ****       break;
 809:Middlewares/ST/STM32_USB_Device_Library/Core/Src/usbd_ctlreq.c **** 
 810:Middlewares/ST/STM32_USB_Device_Library/Core/Src/usbd_ctlreq.c ****     default:
 811:Middlewares/ST/STM32_USB_Device_Library/Core/Src/usbd_ctlreq.c ****       USBD_CtlError(pdev, req);
 812:Middlewares/ST/STM32_USB_Device_Library/Core/Src/usbd_ctlreq.c ****       (void)USBD_ClrClassConfig(pdev, cfgidx);
 813:Middlewares/ST/STM32_USB_Device_Library/Core/Src/usbd_ctlreq.c ****       ret = USBD_FAIL;
 814:Middlewares/ST/STM32_USB_Device_Library/Core/Src/usbd_ctlreq.c ****       break;
 815:Middlewares/ST/STM32_USB_Device_Library/Core/Src/usbd_ctlreq.c ****   }
 816:Middlewares/ST/STM32_USB_Device_Library/Core/Src/usbd_ctlreq.c **** 
 817:Middlewares/ST/STM32_USB_Device_Library/Core/Src/usbd_ctlreq.c ****   return ret;
 818:Middlewares/ST/STM32_USB_Device_Library/Core/Src/usbd_ctlreq.c **** }
 819:Middlewares/ST/STM32_USB_Device_Library/Core/Src/usbd_ctlreq.c **** 
 820:Middlewares/ST/STM32_USB_Device_Library/Core/Src/usbd_ctlreq.c **** /**
 821:Middlewares/ST/STM32_USB_Device_Library/Core/Src/usbd_ctlreq.c ****   * @brief  USBD_GetConfig
 822:Middlewares/ST/STM32_USB_Device_Library/Core/Src/usbd_ctlreq.c ****   *         Handle Get device configuration request
 823:Middlewares/ST/STM32_USB_Device_Library/Core/Src/usbd_ctlreq.c ****   * @param  pdev: device instance
 824:Middlewares/ST/STM32_USB_Device_Library/Core/Src/usbd_ctlreq.c ****   * @param  req: usb request
 825:Middlewares/ST/STM32_USB_Device_Library/Core/Src/usbd_ctlreq.c ****   * @retval None
 826:Middlewares/ST/STM32_USB_Device_Library/Core/Src/usbd_ctlreq.c ****   */
 827:Middlewares/ST/STM32_USB_Device_Library/Core/Src/usbd_ctlreq.c **** static void USBD_GetConfig(USBD_HandleTypeDef *pdev, USBD_SetupReqTypedef *req)
 828:Middlewares/ST/STM32_USB_Device_Library/Core/Src/usbd_ctlreq.c **** {
 829:Middlewares/ST/STM32_USB_Device_Library/Core/Src/usbd_ctlreq.c ****   if (req->wLength != 1U)
 830:Middlewares/ST/STM32_USB_Device_Library/Core/Src/usbd_ctlreq.c ****   {
ARM GAS  /tmp/ccQZPXS1.s 			page 16


 831:Middlewares/ST/STM32_USB_Device_Library/Core/Src/usbd_ctlreq.c ****     USBD_CtlError(pdev, req);
 832:Middlewares/ST/STM32_USB_Device_Library/Core/Src/usbd_ctlreq.c ****   }
 833:Middlewares/ST/STM32_USB_Device_Library/Core/Src/usbd_ctlreq.c ****   else
 834:Middlewares/ST/STM32_USB_Device_Library/Core/Src/usbd_ctlreq.c ****   {
 835:Middlewares/ST/STM32_USB_Device_Library/Core/Src/usbd_ctlreq.c ****     switch (pdev->dev_state)
 836:Middlewares/ST/STM32_USB_Device_Library/Core/Src/usbd_ctlreq.c ****     {
 837:Middlewares/ST/STM32_USB_Device_Library/Core/Src/usbd_ctlreq.c ****       case USBD_STATE_DEFAULT:
 838:Middlewares/ST/STM32_USB_Device_Library/Core/Src/usbd_ctlreq.c ****       case USBD_STATE_ADDRESSED:
 839:Middlewares/ST/STM32_USB_Device_Library/Core/Src/usbd_ctlreq.c ****         pdev->dev_default_config = 0U;
 840:Middlewares/ST/STM32_USB_Device_Library/Core/Src/usbd_ctlreq.c ****         (void)USBD_CtlSendData(pdev, (uint8_t *)&pdev->dev_default_config, 1U);
 841:Middlewares/ST/STM32_USB_Device_Library/Core/Src/usbd_ctlreq.c ****         break;
 842:Middlewares/ST/STM32_USB_Device_Library/Core/Src/usbd_ctlreq.c **** 
 843:Middlewares/ST/STM32_USB_Device_Library/Core/Src/usbd_ctlreq.c ****       case USBD_STATE_CONFIGURED:
 844:Middlewares/ST/STM32_USB_Device_Library/Core/Src/usbd_ctlreq.c ****         (void)USBD_CtlSendData(pdev, (uint8_t *)&pdev->dev_config, 1U);
 845:Middlewares/ST/STM32_USB_Device_Library/Core/Src/usbd_ctlreq.c ****         break;
 846:Middlewares/ST/STM32_USB_Device_Library/Core/Src/usbd_ctlreq.c **** 
 847:Middlewares/ST/STM32_USB_Device_Library/Core/Src/usbd_ctlreq.c ****       default:
 848:Middlewares/ST/STM32_USB_Device_Library/Core/Src/usbd_ctlreq.c ****         USBD_CtlError(pdev, req);
 849:Middlewares/ST/STM32_USB_Device_Library/Core/Src/usbd_ctlreq.c ****         break;
 850:Middlewares/ST/STM32_USB_Device_Library/Core/Src/usbd_ctlreq.c ****     }
 851:Middlewares/ST/STM32_USB_Device_Library/Core/Src/usbd_ctlreq.c ****   }
 852:Middlewares/ST/STM32_USB_Device_Library/Core/Src/usbd_ctlreq.c **** }
 853:Middlewares/ST/STM32_USB_Device_Library/Core/Src/usbd_ctlreq.c **** 
 854:Middlewares/ST/STM32_USB_Device_Library/Core/Src/usbd_ctlreq.c **** /**
 855:Middlewares/ST/STM32_USB_Device_Library/Core/Src/usbd_ctlreq.c ****   * @brief  USBD_GetStatus
 856:Middlewares/ST/STM32_USB_Device_Library/Core/Src/usbd_ctlreq.c ****   *         Handle Get Status request
 857:Middlewares/ST/STM32_USB_Device_Library/Core/Src/usbd_ctlreq.c ****   * @param  pdev: device instance
 858:Middlewares/ST/STM32_USB_Device_Library/Core/Src/usbd_ctlreq.c ****   * @param  req: usb request
 859:Middlewares/ST/STM32_USB_Device_Library/Core/Src/usbd_ctlreq.c ****   * @retval None
 860:Middlewares/ST/STM32_USB_Device_Library/Core/Src/usbd_ctlreq.c ****   */
 861:Middlewares/ST/STM32_USB_Device_Library/Core/Src/usbd_ctlreq.c **** static void USBD_GetStatus(USBD_HandleTypeDef *pdev, USBD_SetupReqTypedef *req)
 862:Middlewares/ST/STM32_USB_Device_Library/Core/Src/usbd_ctlreq.c **** {
 863:Middlewares/ST/STM32_USB_Device_Library/Core/Src/usbd_ctlreq.c ****   switch (pdev->dev_state)
 864:Middlewares/ST/STM32_USB_Device_Library/Core/Src/usbd_ctlreq.c ****   {
 865:Middlewares/ST/STM32_USB_Device_Library/Core/Src/usbd_ctlreq.c ****     case USBD_STATE_DEFAULT:
 866:Middlewares/ST/STM32_USB_Device_Library/Core/Src/usbd_ctlreq.c ****     case USBD_STATE_ADDRESSED:
 867:Middlewares/ST/STM32_USB_Device_Library/Core/Src/usbd_ctlreq.c ****     case USBD_STATE_CONFIGURED:
 868:Middlewares/ST/STM32_USB_Device_Library/Core/Src/usbd_ctlreq.c ****       if (req->wLength != 0x2U)
 869:Middlewares/ST/STM32_USB_Device_Library/Core/Src/usbd_ctlreq.c ****       {
 870:Middlewares/ST/STM32_USB_Device_Library/Core/Src/usbd_ctlreq.c ****         USBD_CtlError(pdev, req);
 871:Middlewares/ST/STM32_USB_Device_Library/Core/Src/usbd_ctlreq.c ****         break;
 872:Middlewares/ST/STM32_USB_Device_Library/Core/Src/usbd_ctlreq.c ****       }
 873:Middlewares/ST/STM32_USB_Device_Library/Core/Src/usbd_ctlreq.c **** 
 874:Middlewares/ST/STM32_USB_Device_Library/Core/Src/usbd_ctlreq.c **** #if (USBD_SELF_POWERED == 1U)
 875:Middlewares/ST/STM32_USB_Device_Library/Core/Src/usbd_ctlreq.c ****       pdev->dev_config_status = USB_CONFIG_SELF_POWERED;
 876:Middlewares/ST/STM32_USB_Device_Library/Core/Src/usbd_ctlreq.c **** #else
 877:Middlewares/ST/STM32_USB_Device_Library/Core/Src/usbd_ctlreq.c ****       pdev->dev_config_status = 0U;
 878:Middlewares/ST/STM32_USB_Device_Library/Core/Src/usbd_ctlreq.c **** #endif /* USBD_SELF_POWERED */
 879:Middlewares/ST/STM32_USB_Device_Library/Core/Src/usbd_ctlreq.c **** 
 880:Middlewares/ST/STM32_USB_Device_Library/Core/Src/usbd_ctlreq.c ****       if (pdev->dev_remote_wakeup != 0U)
 881:Middlewares/ST/STM32_USB_Device_Library/Core/Src/usbd_ctlreq.c ****       {
 882:Middlewares/ST/STM32_USB_Device_Library/Core/Src/usbd_ctlreq.c ****         pdev->dev_config_status |= USB_CONFIG_REMOTE_WAKEUP;
 883:Middlewares/ST/STM32_USB_Device_Library/Core/Src/usbd_ctlreq.c ****       }
 884:Middlewares/ST/STM32_USB_Device_Library/Core/Src/usbd_ctlreq.c **** 
 885:Middlewares/ST/STM32_USB_Device_Library/Core/Src/usbd_ctlreq.c ****       (void)USBD_CtlSendData(pdev, (uint8_t *)&pdev->dev_config_status, 2U);
 886:Middlewares/ST/STM32_USB_Device_Library/Core/Src/usbd_ctlreq.c ****       break;
 887:Middlewares/ST/STM32_USB_Device_Library/Core/Src/usbd_ctlreq.c **** 
ARM GAS  /tmp/ccQZPXS1.s 			page 17


 888:Middlewares/ST/STM32_USB_Device_Library/Core/Src/usbd_ctlreq.c ****     default:
 889:Middlewares/ST/STM32_USB_Device_Library/Core/Src/usbd_ctlreq.c ****       USBD_CtlError(pdev, req);
 890:Middlewares/ST/STM32_USB_Device_Library/Core/Src/usbd_ctlreq.c ****       break;
 891:Middlewares/ST/STM32_USB_Device_Library/Core/Src/usbd_ctlreq.c ****   }
 892:Middlewares/ST/STM32_USB_Device_Library/Core/Src/usbd_ctlreq.c **** }
 893:Middlewares/ST/STM32_USB_Device_Library/Core/Src/usbd_ctlreq.c **** 
 894:Middlewares/ST/STM32_USB_Device_Library/Core/Src/usbd_ctlreq.c **** 
 895:Middlewares/ST/STM32_USB_Device_Library/Core/Src/usbd_ctlreq.c **** /**
 896:Middlewares/ST/STM32_USB_Device_Library/Core/Src/usbd_ctlreq.c ****   * @brief  USBD_SetFeature
 897:Middlewares/ST/STM32_USB_Device_Library/Core/Src/usbd_ctlreq.c ****   *         Handle Set device feature request
 898:Middlewares/ST/STM32_USB_Device_Library/Core/Src/usbd_ctlreq.c ****   * @param  pdev: device instance
 899:Middlewares/ST/STM32_USB_Device_Library/Core/Src/usbd_ctlreq.c ****   * @param  req: usb request
 900:Middlewares/ST/STM32_USB_Device_Library/Core/Src/usbd_ctlreq.c ****   * @retval None
 901:Middlewares/ST/STM32_USB_Device_Library/Core/Src/usbd_ctlreq.c ****   */
 902:Middlewares/ST/STM32_USB_Device_Library/Core/Src/usbd_ctlreq.c **** static void USBD_SetFeature(USBD_HandleTypeDef *pdev, USBD_SetupReqTypedef *req)
 903:Middlewares/ST/STM32_USB_Device_Library/Core/Src/usbd_ctlreq.c **** {
 904:Middlewares/ST/STM32_USB_Device_Library/Core/Src/usbd_ctlreq.c ****   if (req->wValue == USB_FEATURE_REMOTE_WAKEUP)
 905:Middlewares/ST/STM32_USB_Device_Library/Core/Src/usbd_ctlreq.c ****   {
 906:Middlewares/ST/STM32_USB_Device_Library/Core/Src/usbd_ctlreq.c ****     pdev->dev_remote_wakeup = 1U;
 907:Middlewares/ST/STM32_USB_Device_Library/Core/Src/usbd_ctlreq.c ****     (void)USBD_CtlSendStatus(pdev);
 908:Middlewares/ST/STM32_USB_Device_Library/Core/Src/usbd_ctlreq.c ****   }
 909:Middlewares/ST/STM32_USB_Device_Library/Core/Src/usbd_ctlreq.c ****   else if (req->wValue == USB_FEATURE_TEST_MODE)
 910:Middlewares/ST/STM32_USB_Device_Library/Core/Src/usbd_ctlreq.c ****   {
 911:Middlewares/ST/STM32_USB_Device_Library/Core/Src/usbd_ctlreq.c ****     pdev->dev_test_mode = (uint8_t)(req->wIndex >> 8);
 912:Middlewares/ST/STM32_USB_Device_Library/Core/Src/usbd_ctlreq.c ****     (void)USBD_CtlSendStatus(pdev);
 913:Middlewares/ST/STM32_USB_Device_Library/Core/Src/usbd_ctlreq.c ****   }
 914:Middlewares/ST/STM32_USB_Device_Library/Core/Src/usbd_ctlreq.c ****   else
 915:Middlewares/ST/STM32_USB_Device_Library/Core/Src/usbd_ctlreq.c ****   {
 916:Middlewares/ST/STM32_USB_Device_Library/Core/Src/usbd_ctlreq.c ****     USBD_CtlError(pdev, req);
 917:Middlewares/ST/STM32_USB_Device_Library/Core/Src/usbd_ctlreq.c ****   }
 918:Middlewares/ST/STM32_USB_Device_Library/Core/Src/usbd_ctlreq.c **** }
 919:Middlewares/ST/STM32_USB_Device_Library/Core/Src/usbd_ctlreq.c **** 
 920:Middlewares/ST/STM32_USB_Device_Library/Core/Src/usbd_ctlreq.c **** 
 921:Middlewares/ST/STM32_USB_Device_Library/Core/Src/usbd_ctlreq.c **** /**
 922:Middlewares/ST/STM32_USB_Device_Library/Core/Src/usbd_ctlreq.c ****   * @brief  USBD_ClrFeature
 923:Middlewares/ST/STM32_USB_Device_Library/Core/Src/usbd_ctlreq.c ****   *         Handle clear device feature request
 924:Middlewares/ST/STM32_USB_Device_Library/Core/Src/usbd_ctlreq.c ****   * @param  pdev: device instance
 925:Middlewares/ST/STM32_USB_Device_Library/Core/Src/usbd_ctlreq.c ****   * @param  req: usb request
 926:Middlewares/ST/STM32_USB_Device_Library/Core/Src/usbd_ctlreq.c ****   * @retval None
 927:Middlewares/ST/STM32_USB_Device_Library/Core/Src/usbd_ctlreq.c ****   */
 928:Middlewares/ST/STM32_USB_Device_Library/Core/Src/usbd_ctlreq.c **** static void USBD_ClrFeature(USBD_HandleTypeDef *pdev, USBD_SetupReqTypedef *req)
 929:Middlewares/ST/STM32_USB_Device_Library/Core/Src/usbd_ctlreq.c **** {
 930:Middlewares/ST/STM32_USB_Device_Library/Core/Src/usbd_ctlreq.c ****   switch (pdev->dev_state)
 931:Middlewares/ST/STM32_USB_Device_Library/Core/Src/usbd_ctlreq.c ****   {
 932:Middlewares/ST/STM32_USB_Device_Library/Core/Src/usbd_ctlreq.c ****     case USBD_STATE_DEFAULT:
 933:Middlewares/ST/STM32_USB_Device_Library/Core/Src/usbd_ctlreq.c ****     case USBD_STATE_ADDRESSED:
 934:Middlewares/ST/STM32_USB_Device_Library/Core/Src/usbd_ctlreq.c ****     case USBD_STATE_CONFIGURED:
 935:Middlewares/ST/STM32_USB_Device_Library/Core/Src/usbd_ctlreq.c ****       if (req->wValue == USB_FEATURE_REMOTE_WAKEUP)
 936:Middlewares/ST/STM32_USB_Device_Library/Core/Src/usbd_ctlreq.c ****       {
 937:Middlewares/ST/STM32_USB_Device_Library/Core/Src/usbd_ctlreq.c ****         pdev->dev_remote_wakeup = 0U;
 938:Middlewares/ST/STM32_USB_Device_Library/Core/Src/usbd_ctlreq.c ****         (void)USBD_CtlSendStatus(pdev);
 939:Middlewares/ST/STM32_USB_Device_Library/Core/Src/usbd_ctlreq.c ****       }
 940:Middlewares/ST/STM32_USB_Device_Library/Core/Src/usbd_ctlreq.c ****       break;
 941:Middlewares/ST/STM32_USB_Device_Library/Core/Src/usbd_ctlreq.c **** 
 942:Middlewares/ST/STM32_USB_Device_Library/Core/Src/usbd_ctlreq.c ****     default:
 943:Middlewares/ST/STM32_USB_Device_Library/Core/Src/usbd_ctlreq.c ****       USBD_CtlError(pdev, req);
 944:Middlewares/ST/STM32_USB_Device_Library/Core/Src/usbd_ctlreq.c ****       break;
ARM GAS  /tmp/ccQZPXS1.s 			page 18


 945:Middlewares/ST/STM32_USB_Device_Library/Core/Src/usbd_ctlreq.c ****   }
 946:Middlewares/ST/STM32_USB_Device_Library/Core/Src/usbd_ctlreq.c **** }
 947:Middlewares/ST/STM32_USB_Device_Library/Core/Src/usbd_ctlreq.c **** 
 948:Middlewares/ST/STM32_USB_Device_Library/Core/Src/usbd_ctlreq.c **** 
 949:Middlewares/ST/STM32_USB_Device_Library/Core/Src/usbd_ctlreq.c **** /**
 950:Middlewares/ST/STM32_USB_Device_Library/Core/Src/usbd_ctlreq.c ****   * @brief  USBD_ParseSetupRequest
 951:Middlewares/ST/STM32_USB_Device_Library/Core/Src/usbd_ctlreq.c ****   *         Copy buffer into setup structure
 952:Middlewares/ST/STM32_USB_Device_Library/Core/Src/usbd_ctlreq.c ****   * @param  req: usb request
 953:Middlewares/ST/STM32_USB_Device_Library/Core/Src/usbd_ctlreq.c ****   * @param  pdata: setup data pointer
 954:Middlewares/ST/STM32_USB_Device_Library/Core/Src/usbd_ctlreq.c ****   * @retval None
 955:Middlewares/ST/STM32_USB_Device_Library/Core/Src/usbd_ctlreq.c ****   */
 956:Middlewares/ST/STM32_USB_Device_Library/Core/Src/usbd_ctlreq.c **** void USBD_ParseSetupRequest(USBD_SetupReqTypedef *req, uint8_t *pdata)
 957:Middlewares/ST/STM32_USB_Device_Library/Core/Src/usbd_ctlreq.c **** {
 958:Middlewares/ST/STM32_USB_Device_Library/Core/Src/usbd_ctlreq.c ****   uint8_t *pbuff = pdata;
 959:Middlewares/ST/STM32_USB_Device_Library/Core/Src/usbd_ctlreq.c **** 
 960:Middlewares/ST/STM32_USB_Device_Library/Core/Src/usbd_ctlreq.c ****   req->bmRequest = *(uint8_t *)(pbuff);
 961:Middlewares/ST/STM32_USB_Device_Library/Core/Src/usbd_ctlreq.c **** 
 962:Middlewares/ST/STM32_USB_Device_Library/Core/Src/usbd_ctlreq.c ****   pbuff++;
 963:Middlewares/ST/STM32_USB_Device_Library/Core/Src/usbd_ctlreq.c ****   req->bRequest = *(uint8_t *)(pbuff);
 964:Middlewares/ST/STM32_USB_Device_Library/Core/Src/usbd_ctlreq.c **** 
 965:Middlewares/ST/STM32_USB_Device_Library/Core/Src/usbd_ctlreq.c ****   pbuff++;
 966:Middlewares/ST/STM32_USB_Device_Library/Core/Src/usbd_ctlreq.c ****   req->wValue = SWAPBYTE(pbuff);
 967:Middlewares/ST/STM32_USB_Device_Library/Core/Src/usbd_ctlreq.c **** 
 968:Middlewares/ST/STM32_USB_Device_Library/Core/Src/usbd_ctlreq.c ****   pbuff++;
 969:Middlewares/ST/STM32_USB_Device_Library/Core/Src/usbd_ctlreq.c ****   pbuff++;
 970:Middlewares/ST/STM32_USB_Device_Library/Core/Src/usbd_ctlreq.c ****   req->wIndex = SWAPBYTE(pbuff);
 971:Middlewares/ST/STM32_USB_Device_Library/Core/Src/usbd_ctlreq.c **** 
 972:Middlewares/ST/STM32_USB_Device_Library/Core/Src/usbd_ctlreq.c ****   pbuff++;
 973:Middlewares/ST/STM32_USB_Device_Library/Core/Src/usbd_ctlreq.c ****   pbuff++;
 974:Middlewares/ST/STM32_USB_Device_Library/Core/Src/usbd_ctlreq.c ****   req->wLength = SWAPBYTE(pbuff);
 975:Middlewares/ST/STM32_USB_Device_Library/Core/Src/usbd_ctlreq.c **** }
 976:Middlewares/ST/STM32_USB_Device_Library/Core/Src/usbd_ctlreq.c **** 
 977:Middlewares/ST/STM32_USB_Device_Library/Core/Src/usbd_ctlreq.c **** 
 978:Middlewares/ST/STM32_USB_Device_Library/Core/Src/usbd_ctlreq.c **** /**
 979:Middlewares/ST/STM32_USB_Device_Library/Core/Src/usbd_ctlreq.c ****   * @brief  USBD_CtlError
 980:Middlewares/ST/STM32_USB_Device_Library/Core/Src/usbd_ctlreq.c ****   *         Handle USB low level Error
 981:Middlewares/ST/STM32_USB_Device_Library/Core/Src/usbd_ctlreq.c ****   * @param  pdev: device instance
 982:Middlewares/ST/STM32_USB_Device_Library/Core/Src/usbd_ctlreq.c ****   * @param  req: usb request
 983:Middlewares/ST/STM32_USB_Device_Library/Core/Src/usbd_ctlreq.c ****   * @retval None
 984:Middlewares/ST/STM32_USB_Device_Library/Core/Src/usbd_ctlreq.c ****   */
 985:Middlewares/ST/STM32_USB_Device_Library/Core/Src/usbd_ctlreq.c **** void USBD_CtlError(USBD_HandleTypeDef *pdev, USBD_SetupReqTypedef *req)
 986:Middlewares/ST/STM32_USB_Device_Library/Core/Src/usbd_ctlreq.c **** {
 987:Middlewares/ST/STM32_USB_Device_Library/Core/Src/usbd_ctlreq.c ****   UNUSED(req);
 988:Middlewares/ST/STM32_USB_Device_Library/Core/Src/usbd_ctlreq.c **** 
 989:Middlewares/ST/STM32_USB_Device_Library/Core/Src/usbd_ctlreq.c ****   (void)USBD_LL_StallEP(pdev, 0x80U);
 990:Middlewares/ST/STM32_USB_Device_Library/Core/Src/usbd_ctlreq.c ****   (void)USBD_LL_StallEP(pdev, 0U);
 991:Middlewares/ST/STM32_USB_Device_Library/Core/Src/usbd_ctlreq.c **** }
 992:Middlewares/ST/STM32_USB_Device_Library/Core/Src/usbd_ctlreq.c **** 
 993:Middlewares/ST/STM32_USB_Device_Library/Core/Src/usbd_ctlreq.c **** 
 994:Middlewares/ST/STM32_USB_Device_Library/Core/Src/usbd_ctlreq.c **** /**
 995:Middlewares/ST/STM32_USB_Device_Library/Core/Src/usbd_ctlreq.c ****   * @brief  USBD_GetString
 996:Middlewares/ST/STM32_USB_Device_Library/Core/Src/usbd_ctlreq.c ****   *         Convert Ascii string into unicode one
 997:Middlewares/ST/STM32_USB_Device_Library/Core/Src/usbd_ctlreq.c ****   * @param  desc : descriptor buffer
 998:Middlewares/ST/STM32_USB_Device_Library/Core/Src/usbd_ctlreq.c ****   * @param  unicode : Formatted string buffer (unicode)
 999:Middlewares/ST/STM32_USB_Device_Library/Core/Src/usbd_ctlreq.c ****   * @param  len : descriptor length
1000:Middlewares/ST/STM32_USB_Device_Library/Core/Src/usbd_ctlreq.c ****   * @retval None
1001:Middlewares/ST/STM32_USB_Device_Library/Core/Src/usbd_ctlreq.c ****   */
ARM GAS  /tmp/ccQZPXS1.s 			page 19


1002:Middlewares/ST/STM32_USB_Device_Library/Core/Src/usbd_ctlreq.c **** void USBD_GetString(uint8_t *desc, uint8_t *unicode, uint16_t *len)
1003:Middlewares/ST/STM32_USB_Device_Library/Core/Src/usbd_ctlreq.c **** {
1004:Middlewares/ST/STM32_USB_Device_Library/Core/Src/usbd_ctlreq.c ****   uint8_t idx = 0U;
1005:Middlewares/ST/STM32_USB_Device_Library/Core/Src/usbd_ctlreq.c ****   uint8_t *pdesc;
1006:Middlewares/ST/STM32_USB_Device_Library/Core/Src/usbd_ctlreq.c **** 
1007:Middlewares/ST/STM32_USB_Device_Library/Core/Src/usbd_ctlreq.c ****   if (desc == NULL)
1008:Middlewares/ST/STM32_USB_Device_Library/Core/Src/usbd_ctlreq.c ****   {
1009:Middlewares/ST/STM32_USB_Device_Library/Core/Src/usbd_ctlreq.c ****     return;
1010:Middlewares/ST/STM32_USB_Device_Library/Core/Src/usbd_ctlreq.c ****   }
1011:Middlewares/ST/STM32_USB_Device_Library/Core/Src/usbd_ctlreq.c **** 
1012:Middlewares/ST/STM32_USB_Device_Library/Core/Src/usbd_ctlreq.c ****   pdesc = desc;
1013:Middlewares/ST/STM32_USB_Device_Library/Core/Src/usbd_ctlreq.c ****   *len = MIN(USBD_MAX_STR_DESC_SIZ, ((uint16_t)USBD_GetLen(pdesc) * 2U) + 2U);
1014:Middlewares/ST/STM32_USB_Device_Library/Core/Src/usbd_ctlreq.c **** 
1015:Middlewares/ST/STM32_USB_Device_Library/Core/Src/usbd_ctlreq.c ****   unicode[idx] = *(uint8_t *)len;
1016:Middlewares/ST/STM32_USB_Device_Library/Core/Src/usbd_ctlreq.c ****   idx++;
1017:Middlewares/ST/STM32_USB_Device_Library/Core/Src/usbd_ctlreq.c ****   unicode[idx] = USB_DESC_TYPE_STRING;
1018:Middlewares/ST/STM32_USB_Device_Library/Core/Src/usbd_ctlreq.c ****   idx++;
1019:Middlewares/ST/STM32_USB_Device_Library/Core/Src/usbd_ctlreq.c **** 
1020:Middlewares/ST/STM32_USB_Device_Library/Core/Src/usbd_ctlreq.c ****   while ((*pdesc != (uint8_t)'\0') && (idx < *len))
1021:Middlewares/ST/STM32_USB_Device_Library/Core/Src/usbd_ctlreq.c ****   {
1022:Middlewares/ST/STM32_USB_Device_Library/Core/Src/usbd_ctlreq.c ****     unicode[idx] = *pdesc;
1023:Middlewares/ST/STM32_USB_Device_Library/Core/Src/usbd_ctlreq.c ****     pdesc++;
1024:Middlewares/ST/STM32_USB_Device_Library/Core/Src/usbd_ctlreq.c ****     idx++;
1025:Middlewares/ST/STM32_USB_Device_Library/Core/Src/usbd_ctlreq.c **** 
1026:Middlewares/ST/STM32_USB_Device_Library/Core/Src/usbd_ctlreq.c ****     unicode[idx] = 0U;
1027:Middlewares/ST/STM32_USB_Device_Library/Core/Src/usbd_ctlreq.c ****     idx++;
1028:Middlewares/ST/STM32_USB_Device_Library/Core/Src/usbd_ctlreq.c ****   }
1029:Middlewares/ST/STM32_USB_Device_Library/Core/Src/usbd_ctlreq.c **** }
1030:Middlewares/ST/STM32_USB_Device_Library/Core/Src/usbd_ctlreq.c **** 
1031:Middlewares/ST/STM32_USB_Device_Library/Core/Src/usbd_ctlreq.c **** 
1032:Middlewares/ST/STM32_USB_Device_Library/Core/Src/usbd_ctlreq.c **** /**
1033:Middlewares/ST/STM32_USB_Device_Library/Core/Src/usbd_ctlreq.c ****   * @brief  USBD_GetLen
1034:Middlewares/ST/STM32_USB_Device_Library/Core/Src/usbd_ctlreq.c ****   *         return the string length
1035:Middlewares/ST/STM32_USB_Device_Library/Core/Src/usbd_ctlreq.c ****    * @param  buf : pointer to the ascii string buffer
1036:Middlewares/ST/STM32_USB_Device_Library/Core/Src/usbd_ctlreq.c ****   * @retval string length
1037:Middlewares/ST/STM32_USB_Device_Library/Core/Src/usbd_ctlreq.c ****   */
1038:Middlewares/ST/STM32_USB_Device_Library/Core/Src/usbd_ctlreq.c **** static uint8_t USBD_GetLen(uint8_t *buf)
1039:Middlewares/ST/STM32_USB_Device_Library/Core/Src/usbd_ctlreq.c **** {
  27              		.loc 1 1039 1 view -0
  28              		.cfi_startproc
  29              		@ args = 0, pretend = 0, frame = 0
  30              		@ frame_needed = 0, uses_anonymous_args = 0
  31              		@ link register save eliminated.
  32              		.loc 1 1039 1 is_stmt 0 view .LVU1
  33 0000 0346     		mov	r3, r0
1040:Middlewares/ST/STM32_USB_Device_Library/Core/Src/usbd_ctlreq.c ****   uint8_t  len = 0U;
  34              		.loc 1 1040 3 is_stmt 1 view .LVU2
  35              	.LVL1:
1041:Middlewares/ST/STM32_USB_Device_Library/Core/Src/usbd_ctlreq.c ****   uint8_t *pbuff = buf;
  36              		.loc 1 1041 3 view .LVU3
1042:Middlewares/ST/STM32_USB_Device_Library/Core/Src/usbd_ctlreq.c **** 
1043:Middlewares/ST/STM32_USB_Device_Library/Core/Src/usbd_ctlreq.c ****   while (*pbuff != (uint8_t)'\0')
  37              		.loc 1 1043 3 view .LVU4
1040:Middlewares/ST/STM32_USB_Device_Library/Core/Src/usbd_ctlreq.c ****   uint8_t *pbuff = buf;
  38              		.loc 1 1040 12 is_stmt 0 view .LVU5
  39 0002 0020     		movs	r0, #0
  40              	.LVL2:
ARM GAS  /tmp/ccQZPXS1.s 			page 20


  41              		.loc 1 1043 9 view .LVU6
  42 0004 02E0     		b	.L2
  43              	.LVL3:
  44              	.L3:
1044:Middlewares/ST/STM32_USB_Device_Library/Core/Src/usbd_ctlreq.c ****   {
1045:Middlewares/ST/STM32_USB_Device_Library/Core/Src/usbd_ctlreq.c ****     len++;
  45              		.loc 1 1045 5 is_stmt 1 view .LVU7
  46              		.loc 1 1045 8 is_stmt 0 view .LVU8
  47 0006 0130     		adds	r0, r0, #1
  48              	.LVL4:
  49              		.loc 1 1045 8 view .LVU9
  50 0008 C0B2     		uxtb	r0, r0
  51              	.LVL5:
1046:Middlewares/ST/STM32_USB_Device_Library/Core/Src/usbd_ctlreq.c ****     pbuff++;
  52              		.loc 1 1046 5 is_stmt 1 view .LVU10
  53              		.loc 1 1046 10 is_stmt 0 view .LVU11
  54 000a 0133     		adds	r3, r3, #1
  55              	.LVL6:
  56              	.L2:
1043:Middlewares/ST/STM32_USB_Device_Library/Core/Src/usbd_ctlreq.c ****   {
  57              		.loc 1 1043 17 is_stmt 1 view .LVU12
1043:Middlewares/ST/STM32_USB_Device_Library/Core/Src/usbd_ctlreq.c ****   {
  58              		.loc 1 1043 10 is_stmt 0 view .LVU13
  59 000c 1A78     		ldrb	r2, [r3]	@ zero_extendqisi2
1043:Middlewares/ST/STM32_USB_Device_Library/Core/Src/usbd_ctlreq.c ****   {
  60              		.loc 1 1043 17 view .LVU14
  61 000e 002A     		cmp	r2, #0
  62 0010 F9D1     		bne	.L3
1047:Middlewares/ST/STM32_USB_Device_Library/Core/Src/usbd_ctlreq.c ****   }
1048:Middlewares/ST/STM32_USB_Device_Library/Core/Src/usbd_ctlreq.c **** 
1049:Middlewares/ST/STM32_USB_Device_Library/Core/Src/usbd_ctlreq.c ****   return len;
  63              		.loc 1 1049 3 is_stmt 1 view .LVU15
1050:Middlewares/ST/STM32_USB_Device_Library/Core/Src/usbd_ctlreq.c **** }
  64              		.loc 1 1050 1 is_stmt 0 view .LVU16
  65 0012 7047     		bx	lr
  66              		.cfi_endproc
  67              	.LFE79:
  69              		.section	.text.USBD_ParseSetupRequest,"ax",%progbits
  70              		.align	1
  71              		.global	USBD_ParseSetupRequest
  72              		.syntax unified
  73              		.thumb
  74              		.thumb_func
  76              	USBD_ParseSetupRequest:
  77              	.LVL7:
  78              	.LFB76:
 957:Middlewares/ST/STM32_USB_Device_Library/Core/Src/usbd_ctlreq.c ****   uint8_t *pbuff = pdata;
  79              		.loc 1 957 1 is_stmt 1 view -0
  80              		.cfi_startproc
  81              		@ args = 0, pretend = 0, frame = 0
  82              		@ frame_needed = 0, uses_anonymous_args = 0
  83              		@ link register save eliminated.
 958:Middlewares/ST/STM32_USB_Device_Library/Core/Src/usbd_ctlreq.c **** 
  84              		.loc 1 958 3 view .LVU18
 960:Middlewares/ST/STM32_USB_Device_Library/Core/Src/usbd_ctlreq.c **** 
  85              		.loc 1 960 3 view .LVU19
 960:Middlewares/ST/STM32_USB_Device_Library/Core/Src/usbd_ctlreq.c **** 
ARM GAS  /tmp/ccQZPXS1.s 			page 21


  86              		.loc 1 960 20 is_stmt 0 view .LVU20
  87 0000 0B78     		ldrb	r3, [r1]	@ zero_extendqisi2
 960:Middlewares/ST/STM32_USB_Device_Library/Core/Src/usbd_ctlreq.c **** 
  88              		.loc 1 960 18 view .LVU21
  89 0002 0370     		strb	r3, [r0]
 962:Middlewares/ST/STM32_USB_Device_Library/Core/Src/usbd_ctlreq.c ****   req->bRequest = *(uint8_t *)(pbuff);
  90              		.loc 1 962 3 is_stmt 1 view .LVU22
  91              	.LVL8:
 963:Middlewares/ST/STM32_USB_Device_Library/Core/Src/usbd_ctlreq.c **** 
  92              		.loc 1 963 3 view .LVU23
 963:Middlewares/ST/STM32_USB_Device_Library/Core/Src/usbd_ctlreq.c **** 
  93              		.loc 1 963 19 is_stmt 0 view .LVU24
  94 0004 4B78     		ldrb	r3, [r1, #1]	@ zero_extendqisi2
 963:Middlewares/ST/STM32_USB_Device_Library/Core/Src/usbd_ctlreq.c **** 
  95              		.loc 1 963 17 view .LVU25
  96 0006 4370     		strb	r3, [r0, #1]
 965:Middlewares/ST/STM32_USB_Device_Library/Core/Src/usbd_ctlreq.c ****   req->wValue = SWAPBYTE(pbuff);
  97              		.loc 1 965 3 is_stmt 1 view .LVU26
  98              	.LVL9:
 966:Middlewares/ST/STM32_USB_Device_Library/Core/Src/usbd_ctlreq.c **** 
  99              		.loc 1 966 3 view .LVU27
 100              	.LBB8:
 101              	.LBI8:
 102              		.file 2 "Middlewares/ST/STM32_USB_Device_Library/Core/Inc/usbd_def.h"
   1:Middlewares/ST/STM32_USB_Device_Library/Core/Inc/usbd_def.h **** /**
   2:Middlewares/ST/STM32_USB_Device_Library/Core/Inc/usbd_def.h ****   ******************************************************************************
   3:Middlewares/ST/STM32_USB_Device_Library/Core/Inc/usbd_def.h ****   * @file    usbd_def.h
   4:Middlewares/ST/STM32_USB_Device_Library/Core/Inc/usbd_def.h ****   * @author  MCD Application Team
   5:Middlewares/ST/STM32_USB_Device_Library/Core/Inc/usbd_def.h ****   * @brief   General defines for the usb device library
   6:Middlewares/ST/STM32_USB_Device_Library/Core/Inc/usbd_def.h ****   ******************************************************************************
   7:Middlewares/ST/STM32_USB_Device_Library/Core/Inc/usbd_def.h ****   * @attention
   8:Middlewares/ST/STM32_USB_Device_Library/Core/Inc/usbd_def.h ****   *
   9:Middlewares/ST/STM32_USB_Device_Library/Core/Inc/usbd_def.h ****   * Copyright (c) 2015 STMicroelectronics.
  10:Middlewares/ST/STM32_USB_Device_Library/Core/Inc/usbd_def.h ****   * All rights reserved.
  11:Middlewares/ST/STM32_USB_Device_Library/Core/Inc/usbd_def.h ****   *
  12:Middlewares/ST/STM32_USB_Device_Library/Core/Inc/usbd_def.h ****   * This software is licensed under terms that can be found in the LICENSE file
  13:Middlewares/ST/STM32_USB_Device_Library/Core/Inc/usbd_def.h ****   * in the root directory of this software component.
  14:Middlewares/ST/STM32_USB_Device_Library/Core/Inc/usbd_def.h ****   * If no LICENSE file comes with this software, it is provided AS-IS.
  15:Middlewares/ST/STM32_USB_Device_Library/Core/Inc/usbd_def.h ****   *
  16:Middlewares/ST/STM32_USB_Device_Library/Core/Inc/usbd_def.h ****   ******************************************************************************
  17:Middlewares/ST/STM32_USB_Device_Library/Core/Inc/usbd_def.h ****   */
  18:Middlewares/ST/STM32_USB_Device_Library/Core/Inc/usbd_def.h **** 
  19:Middlewares/ST/STM32_USB_Device_Library/Core/Inc/usbd_def.h **** /* Define to prevent recursive inclusion -------------------------------------*/
  20:Middlewares/ST/STM32_USB_Device_Library/Core/Inc/usbd_def.h **** #ifndef __USBD_DEF_H
  21:Middlewares/ST/STM32_USB_Device_Library/Core/Inc/usbd_def.h **** #define __USBD_DEF_H
  22:Middlewares/ST/STM32_USB_Device_Library/Core/Inc/usbd_def.h **** 
  23:Middlewares/ST/STM32_USB_Device_Library/Core/Inc/usbd_def.h **** #ifdef __cplusplus
  24:Middlewares/ST/STM32_USB_Device_Library/Core/Inc/usbd_def.h **** extern "C" {
  25:Middlewares/ST/STM32_USB_Device_Library/Core/Inc/usbd_def.h **** #endif
  26:Middlewares/ST/STM32_USB_Device_Library/Core/Inc/usbd_def.h **** 
  27:Middlewares/ST/STM32_USB_Device_Library/Core/Inc/usbd_def.h **** /* Includes ------------------------------------------------------------------*/
  28:Middlewares/ST/STM32_USB_Device_Library/Core/Inc/usbd_def.h **** #include "usbd_conf.h"
  29:Middlewares/ST/STM32_USB_Device_Library/Core/Inc/usbd_def.h **** 
  30:Middlewares/ST/STM32_USB_Device_Library/Core/Inc/usbd_def.h **** /** @addtogroup STM32_USBD_DEVICE_LIBRARY
  31:Middlewares/ST/STM32_USB_Device_Library/Core/Inc/usbd_def.h ****   * @{
  32:Middlewares/ST/STM32_USB_Device_Library/Core/Inc/usbd_def.h ****   */
  33:Middlewares/ST/STM32_USB_Device_Library/Core/Inc/usbd_def.h **** 
ARM GAS  /tmp/ccQZPXS1.s 			page 22


  34:Middlewares/ST/STM32_USB_Device_Library/Core/Inc/usbd_def.h **** /** @defgroup USB_DEF
  35:Middlewares/ST/STM32_USB_Device_Library/Core/Inc/usbd_def.h ****   * @brief general defines for the usb device library file
  36:Middlewares/ST/STM32_USB_Device_Library/Core/Inc/usbd_def.h ****   * @{
  37:Middlewares/ST/STM32_USB_Device_Library/Core/Inc/usbd_def.h ****   */
  38:Middlewares/ST/STM32_USB_Device_Library/Core/Inc/usbd_def.h **** 
  39:Middlewares/ST/STM32_USB_Device_Library/Core/Inc/usbd_def.h **** /** @defgroup USB_DEF_Exported_Defines
  40:Middlewares/ST/STM32_USB_Device_Library/Core/Inc/usbd_def.h ****   * @{
  41:Middlewares/ST/STM32_USB_Device_Library/Core/Inc/usbd_def.h ****   */
  42:Middlewares/ST/STM32_USB_Device_Library/Core/Inc/usbd_def.h **** 
  43:Middlewares/ST/STM32_USB_Device_Library/Core/Inc/usbd_def.h **** #ifndef NULL
  44:Middlewares/ST/STM32_USB_Device_Library/Core/Inc/usbd_def.h **** #define NULL                                            0U
  45:Middlewares/ST/STM32_USB_Device_Library/Core/Inc/usbd_def.h **** #endif /* NULL */
  46:Middlewares/ST/STM32_USB_Device_Library/Core/Inc/usbd_def.h **** 
  47:Middlewares/ST/STM32_USB_Device_Library/Core/Inc/usbd_def.h **** #ifndef USBD_MAX_NUM_INTERFACES
  48:Middlewares/ST/STM32_USB_Device_Library/Core/Inc/usbd_def.h **** #define USBD_MAX_NUM_INTERFACES                         1U
  49:Middlewares/ST/STM32_USB_Device_Library/Core/Inc/usbd_def.h **** #endif /* USBD_MAX_NUM_CONFIGURATION */
  50:Middlewares/ST/STM32_USB_Device_Library/Core/Inc/usbd_def.h **** 
  51:Middlewares/ST/STM32_USB_Device_Library/Core/Inc/usbd_def.h **** #ifndef USBD_MAX_NUM_CONFIGURATION
  52:Middlewares/ST/STM32_USB_Device_Library/Core/Inc/usbd_def.h **** #define USBD_MAX_NUM_CONFIGURATION                      1U
  53:Middlewares/ST/STM32_USB_Device_Library/Core/Inc/usbd_def.h **** #endif /* USBD_MAX_NUM_CONFIGURATION */
  54:Middlewares/ST/STM32_USB_Device_Library/Core/Inc/usbd_def.h **** 
  55:Middlewares/ST/STM32_USB_Device_Library/Core/Inc/usbd_def.h **** #ifdef USE_USBD_COMPOSITE
  56:Middlewares/ST/STM32_USB_Device_Library/Core/Inc/usbd_def.h **** #ifndef USBD_MAX_SUPPORTED_CLASS
  57:Middlewares/ST/STM32_USB_Device_Library/Core/Inc/usbd_def.h **** #define USBD_MAX_SUPPORTED_CLASS                       4U
  58:Middlewares/ST/STM32_USB_Device_Library/Core/Inc/usbd_def.h **** #endif /* USBD_MAX_SUPPORTED_CLASS */
  59:Middlewares/ST/STM32_USB_Device_Library/Core/Inc/usbd_def.h **** #else
  60:Middlewares/ST/STM32_USB_Device_Library/Core/Inc/usbd_def.h **** #ifndef USBD_MAX_SUPPORTED_CLASS
  61:Middlewares/ST/STM32_USB_Device_Library/Core/Inc/usbd_def.h **** #define USBD_MAX_SUPPORTED_CLASS                       1U
  62:Middlewares/ST/STM32_USB_Device_Library/Core/Inc/usbd_def.h **** #endif /* USBD_MAX_SUPPORTED_CLASS */
  63:Middlewares/ST/STM32_USB_Device_Library/Core/Inc/usbd_def.h **** #endif /* USE_USBD_COMPOSITE */
  64:Middlewares/ST/STM32_USB_Device_Library/Core/Inc/usbd_def.h **** 
  65:Middlewares/ST/STM32_USB_Device_Library/Core/Inc/usbd_def.h **** #ifndef USBD_MAX_CLASS_ENDPOINTS
  66:Middlewares/ST/STM32_USB_Device_Library/Core/Inc/usbd_def.h **** #define USBD_MAX_CLASS_ENDPOINTS                       5U
  67:Middlewares/ST/STM32_USB_Device_Library/Core/Inc/usbd_def.h **** #endif /* USBD_MAX_CLASS_ENDPOINTS */
  68:Middlewares/ST/STM32_USB_Device_Library/Core/Inc/usbd_def.h **** 
  69:Middlewares/ST/STM32_USB_Device_Library/Core/Inc/usbd_def.h **** #ifndef USBD_MAX_CLASS_INTERFACES
  70:Middlewares/ST/STM32_USB_Device_Library/Core/Inc/usbd_def.h **** #define USBD_MAX_CLASS_INTERFACES                      5U
  71:Middlewares/ST/STM32_USB_Device_Library/Core/Inc/usbd_def.h **** #endif /* USBD_MAX_CLASS_INTERFACES */
  72:Middlewares/ST/STM32_USB_Device_Library/Core/Inc/usbd_def.h **** 
  73:Middlewares/ST/STM32_USB_Device_Library/Core/Inc/usbd_def.h **** #ifndef USBD_LPM_ENABLED
  74:Middlewares/ST/STM32_USB_Device_Library/Core/Inc/usbd_def.h **** #define USBD_LPM_ENABLED                                0U
  75:Middlewares/ST/STM32_USB_Device_Library/Core/Inc/usbd_def.h **** #endif /* USBD_LPM_ENABLED */
  76:Middlewares/ST/STM32_USB_Device_Library/Core/Inc/usbd_def.h **** 
  77:Middlewares/ST/STM32_USB_Device_Library/Core/Inc/usbd_def.h **** #ifndef USBD_SELF_POWERED
  78:Middlewares/ST/STM32_USB_Device_Library/Core/Inc/usbd_def.h **** #define USBD_SELF_POWERED                               1U
  79:Middlewares/ST/STM32_USB_Device_Library/Core/Inc/usbd_def.h **** #endif /*USBD_SELF_POWERED */
  80:Middlewares/ST/STM32_USB_Device_Library/Core/Inc/usbd_def.h **** 
  81:Middlewares/ST/STM32_USB_Device_Library/Core/Inc/usbd_def.h **** #ifndef USBD_MAX_POWER
  82:Middlewares/ST/STM32_USB_Device_Library/Core/Inc/usbd_def.h **** #define USBD_MAX_POWER                                  0x32U /* 100 mA */
  83:Middlewares/ST/STM32_USB_Device_Library/Core/Inc/usbd_def.h **** #endif /* USBD_MAX_POWER */
  84:Middlewares/ST/STM32_USB_Device_Library/Core/Inc/usbd_def.h **** 
  85:Middlewares/ST/STM32_USB_Device_Library/Core/Inc/usbd_def.h **** #ifndef USBD_SUPPORT_USER_STRING_DESC
  86:Middlewares/ST/STM32_USB_Device_Library/Core/Inc/usbd_def.h **** #define USBD_SUPPORT_USER_STRING_DESC                   0U
  87:Middlewares/ST/STM32_USB_Device_Library/Core/Inc/usbd_def.h **** #endif /* USBD_SUPPORT_USER_STRING_DESC */
  88:Middlewares/ST/STM32_USB_Device_Library/Core/Inc/usbd_def.h **** 
  89:Middlewares/ST/STM32_USB_Device_Library/Core/Inc/usbd_def.h **** #ifndef USBD_CLASS_USER_STRING_DESC
  90:Middlewares/ST/STM32_USB_Device_Library/Core/Inc/usbd_def.h **** #define USBD_CLASS_USER_STRING_DESC                     0U
ARM GAS  /tmp/ccQZPXS1.s 			page 23


  91:Middlewares/ST/STM32_USB_Device_Library/Core/Inc/usbd_def.h **** #endif /* USBD_CLASS_USER_STRING_DESC */
  92:Middlewares/ST/STM32_USB_Device_Library/Core/Inc/usbd_def.h **** 
  93:Middlewares/ST/STM32_USB_Device_Library/Core/Inc/usbd_def.h **** #define  USB_LEN_DEV_QUALIFIER_DESC                     0x0AU
  94:Middlewares/ST/STM32_USB_Device_Library/Core/Inc/usbd_def.h **** #define  USB_LEN_DEV_DESC                               0x12U
  95:Middlewares/ST/STM32_USB_Device_Library/Core/Inc/usbd_def.h **** #define  USB_LEN_CFG_DESC                               0x09U
  96:Middlewares/ST/STM32_USB_Device_Library/Core/Inc/usbd_def.h **** #define  USB_LEN_IF_DESC                                0x09U
  97:Middlewares/ST/STM32_USB_Device_Library/Core/Inc/usbd_def.h **** #define  USB_LEN_EP_DESC                                0x07U
  98:Middlewares/ST/STM32_USB_Device_Library/Core/Inc/usbd_def.h **** #define  USB_LEN_OTG_DESC                               0x03U
  99:Middlewares/ST/STM32_USB_Device_Library/Core/Inc/usbd_def.h **** #define  USB_LEN_LANGID_STR_DESC                        0x04U
 100:Middlewares/ST/STM32_USB_Device_Library/Core/Inc/usbd_def.h **** #define  USB_LEN_OTHER_SPEED_DESC_SIZ                   0x09U
 101:Middlewares/ST/STM32_USB_Device_Library/Core/Inc/usbd_def.h **** 
 102:Middlewares/ST/STM32_USB_Device_Library/Core/Inc/usbd_def.h **** #define  USBD_IDX_LANGID_STR                            0x00U
 103:Middlewares/ST/STM32_USB_Device_Library/Core/Inc/usbd_def.h **** #define  USBD_IDX_MFC_STR                               0x01U
 104:Middlewares/ST/STM32_USB_Device_Library/Core/Inc/usbd_def.h **** #define  USBD_IDX_PRODUCT_STR                           0x02U
 105:Middlewares/ST/STM32_USB_Device_Library/Core/Inc/usbd_def.h **** #define  USBD_IDX_SERIAL_STR                            0x03U
 106:Middlewares/ST/STM32_USB_Device_Library/Core/Inc/usbd_def.h **** #define  USBD_IDX_CONFIG_STR                            0x04U
 107:Middlewares/ST/STM32_USB_Device_Library/Core/Inc/usbd_def.h **** #define  USBD_IDX_INTERFACE_STR                         0x05U
 108:Middlewares/ST/STM32_USB_Device_Library/Core/Inc/usbd_def.h **** 
 109:Middlewares/ST/STM32_USB_Device_Library/Core/Inc/usbd_def.h **** #define  USB_REQ_TYPE_STANDARD                          0x00U
 110:Middlewares/ST/STM32_USB_Device_Library/Core/Inc/usbd_def.h **** #define  USB_REQ_TYPE_CLASS                             0x20U
 111:Middlewares/ST/STM32_USB_Device_Library/Core/Inc/usbd_def.h **** #define  USB_REQ_TYPE_VENDOR                            0x40U
 112:Middlewares/ST/STM32_USB_Device_Library/Core/Inc/usbd_def.h **** #define  USB_REQ_TYPE_MASK                              0x60U
 113:Middlewares/ST/STM32_USB_Device_Library/Core/Inc/usbd_def.h **** 
 114:Middlewares/ST/STM32_USB_Device_Library/Core/Inc/usbd_def.h **** #define  USB_REQ_RECIPIENT_DEVICE                       0x00U
 115:Middlewares/ST/STM32_USB_Device_Library/Core/Inc/usbd_def.h **** #define  USB_REQ_RECIPIENT_INTERFACE                    0x01U
 116:Middlewares/ST/STM32_USB_Device_Library/Core/Inc/usbd_def.h **** #define  USB_REQ_RECIPIENT_ENDPOINT                     0x02U
 117:Middlewares/ST/STM32_USB_Device_Library/Core/Inc/usbd_def.h **** #define  USB_REQ_RECIPIENT_MASK                         0x03U
 118:Middlewares/ST/STM32_USB_Device_Library/Core/Inc/usbd_def.h **** 
 119:Middlewares/ST/STM32_USB_Device_Library/Core/Inc/usbd_def.h **** #define  USB_REQ_GET_STATUS                             0x00U
 120:Middlewares/ST/STM32_USB_Device_Library/Core/Inc/usbd_def.h **** #define  USB_REQ_CLEAR_FEATURE                          0x01U
 121:Middlewares/ST/STM32_USB_Device_Library/Core/Inc/usbd_def.h **** #define  USB_REQ_SET_FEATURE                            0x03U
 122:Middlewares/ST/STM32_USB_Device_Library/Core/Inc/usbd_def.h **** #define  USB_REQ_SET_ADDRESS                            0x05U
 123:Middlewares/ST/STM32_USB_Device_Library/Core/Inc/usbd_def.h **** #define  USB_REQ_GET_DESCRIPTOR                         0x06U
 124:Middlewares/ST/STM32_USB_Device_Library/Core/Inc/usbd_def.h **** #define  USB_REQ_SET_DESCRIPTOR                         0x07U
 125:Middlewares/ST/STM32_USB_Device_Library/Core/Inc/usbd_def.h **** #define  USB_REQ_GET_CONFIGURATION                      0x08U
 126:Middlewares/ST/STM32_USB_Device_Library/Core/Inc/usbd_def.h **** #define  USB_REQ_SET_CONFIGURATION                      0x09U
 127:Middlewares/ST/STM32_USB_Device_Library/Core/Inc/usbd_def.h **** #define  USB_REQ_GET_INTERFACE                          0x0AU
 128:Middlewares/ST/STM32_USB_Device_Library/Core/Inc/usbd_def.h **** #define  USB_REQ_SET_INTERFACE                          0x0BU
 129:Middlewares/ST/STM32_USB_Device_Library/Core/Inc/usbd_def.h **** #define  USB_REQ_SYNCH_FRAME                            0x0CU
 130:Middlewares/ST/STM32_USB_Device_Library/Core/Inc/usbd_def.h **** 
 131:Middlewares/ST/STM32_USB_Device_Library/Core/Inc/usbd_def.h **** #define  USB_DESC_TYPE_DEVICE                           0x01U
 132:Middlewares/ST/STM32_USB_Device_Library/Core/Inc/usbd_def.h **** #define  USB_DESC_TYPE_CONFIGURATION                    0x02U
 133:Middlewares/ST/STM32_USB_Device_Library/Core/Inc/usbd_def.h **** #define  USB_DESC_TYPE_STRING                           0x03U
 134:Middlewares/ST/STM32_USB_Device_Library/Core/Inc/usbd_def.h **** #define  USB_DESC_TYPE_INTERFACE                        0x04U
 135:Middlewares/ST/STM32_USB_Device_Library/Core/Inc/usbd_def.h **** #define  USB_DESC_TYPE_ENDPOINT                         0x05U
 136:Middlewares/ST/STM32_USB_Device_Library/Core/Inc/usbd_def.h **** #define  USB_DESC_TYPE_DEVICE_QUALIFIER                 0x06U
 137:Middlewares/ST/STM32_USB_Device_Library/Core/Inc/usbd_def.h **** #define  USB_DESC_TYPE_OTHER_SPEED_CONFIGURATION        0x07U
 138:Middlewares/ST/STM32_USB_Device_Library/Core/Inc/usbd_def.h **** #define  USB_DESC_TYPE_IAD                              0x0BU
 139:Middlewares/ST/STM32_USB_Device_Library/Core/Inc/usbd_def.h **** #define  USB_DESC_TYPE_BOS                              0x0FU
 140:Middlewares/ST/STM32_USB_Device_Library/Core/Inc/usbd_def.h **** 
 141:Middlewares/ST/STM32_USB_Device_Library/Core/Inc/usbd_def.h **** #define USB_CONFIG_REMOTE_WAKEUP                        0x02U
 142:Middlewares/ST/STM32_USB_Device_Library/Core/Inc/usbd_def.h **** #define USB_CONFIG_SELF_POWERED                         0x01U
 143:Middlewares/ST/STM32_USB_Device_Library/Core/Inc/usbd_def.h **** 
 144:Middlewares/ST/STM32_USB_Device_Library/Core/Inc/usbd_def.h **** #define USB_FEATURE_EP_HALT                             0x00U
 145:Middlewares/ST/STM32_USB_Device_Library/Core/Inc/usbd_def.h **** #define USB_FEATURE_REMOTE_WAKEUP                       0x01U
 146:Middlewares/ST/STM32_USB_Device_Library/Core/Inc/usbd_def.h **** #define USB_FEATURE_TEST_MODE                           0x02U
 147:Middlewares/ST/STM32_USB_Device_Library/Core/Inc/usbd_def.h **** 
ARM GAS  /tmp/ccQZPXS1.s 			page 24


 148:Middlewares/ST/STM32_USB_Device_Library/Core/Inc/usbd_def.h **** #define USB_DEVICE_CAPABITY_TYPE                        0x10U
 149:Middlewares/ST/STM32_USB_Device_Library/Core/Inc/usbd_def.h **** 
 150:Middlewares/ST/STM32_USB_Device_Library/Core/Inc/usbd_def.h **** #define USB_CONF_DESC_SIZE                              0x09U
 151:Middlewares/ST/STM32_USB_Device_Library/Core/Inc/usbd_def.h **** #define USB_IF_DESC_SIZE                                0x09U
 152:Middlewares/ST/STM32_USB_Device_Library/Core/Inc/usbd_def.h **** #define USB_EP_DESC_SIZE                                0x07U
 153:Middlewares/ST/STM32_USB_Device_Library/Core/Inc/usbd_def.h **** #define USB_IAD_DESC_SIZE                               0x08U
 154:Middlewares/ST/STM32_USB_Device_Library/Core/Inc/usbd_def.h **** 
 155:Middlewares/ST/STM32_USB_Device_Library/Core/Inc/usbd_def.h **** #define USB_HS_MAX_PACKET_SIZE                          512U
 156:Middlewares/ST/STM32_USB_Device_Library/Core/Inc/usbd_def.h **** #define USB_FS_MAX_PACKET_SIZE                          64U
 157:Middlewares/ST/STM32_USB_Device_Library/Core/Inc/usbd_def.h **** #define USB_MAX_EP0_SIZE                                64U
 158:Middlewares/ST/STM32_USB_Device_Library/Core/Inc/usbd_def.h **** 
 159:Middlewares/ST/STM32_USB_Device_Library/Core/Inc/usbd_def.h **** /*  Device Status */
 160:Middlewares/ST/STM32_USB_Device_Library/Core/Inc/usbd_def.h **** #define USBD_STATE_DEFAULT                              0x01U
 161:Middlewares/ST/STM32_USB_Device_Library/Core/Inc/usbd_def.h **** #define USBD_STATE_ADDRESSED                            0x02U
 162:Middlewares/ST/STM32_USB_Device_Library/Core/Inc/usbd_def.h **** #define USBD_STATE_CONFIGURED                           0x03U
 163:Middlewares/ST/STM32_USB_Device_Library/Core/Inc/usbd_def.h **** #define USBD_STATE_SUSPENDED                            0x04U
 164:Middlewares/ST/STM32_USB_Device_Library/Core/Inc/usbd_def.h **** 
 165:Middlewares/ST/STM32_USB_Device_Library/Core/Inc/usbd_def.h **** 
 166:Middlewares/ST/STM32_USB_Device_Library/Core/Inc/usbd_def.h **** /*  EP0 State */
 167:Middlewares/ST/STM32_USB_Device_Library/Core/Inc/usbd_def.h **** #define USBD_EP0_IDLE                                   0x00U
 168:Middlewares/ST/STM32_USB_Device_Library/Core/Inc/usbd_def.h **** #define USBD_EP0_SETUP                                  0x01U
 169:Middlewares/ST/STM32_USB_Device_Library/Core/Inc/usbd_def.h **** #define USBD_EP0_DATA_IN                                0x02U
 170:Middlewares/ST/STM32_USB_Device_Library/Core/Inc/usbd_def.h **** #define USBD_EP0_DATA_OUT                               0x03U
 171:Middlewares/ST/STM32_USB_Device_Library/Core/Inc/usbd_def.h **** #define USBD_EP0_STATUS_IN                              0x04U
 172:Middlewares/ST/STM32_USB_Device_Library/Core/Inc/usbd_def.h **** #define USBD_EP0_STATUS_OUT                             0x05U
 173:Middlewares/ST/STM32_USB_Device_Library/Core/Inc/usbd_def.h **** #define USBD_EP0_STALL                                  0x06U
 174:Middlewares/ST/STM32_USB_Device_Library/Core/Inc/usbd_def.h **** 
 175:Middlewares/ST/STM32_USB_Device_Library/Core/Inc/usbd_def.h **** #define USBD_EP_TYPE_CTRL                               0x00U
 176:Middlewares/ST/STM32_USB_Device_Library/Core/Inc/usbd_def.h **** #define USBD_EP_TYPE_ISOC                               0x01U
 177:Middlewares/ST/STM32_USB_Device_Library/Core/Inc/usbd_def.h **** #define USBD_EP_TYPE_BULK                               0x02U
 178:Middlewares/ST/STM32_USB_Device_Library/Core/Inc/usbd_def.h **** #define USBD_EP_TYPE_INTR                               0x03U
 179:Middlewares/ST/STM32_USB_Device_Library/Core/Inc/usbd_def.h **** 
 180:Middlewares/ST/STM32_USB_Device_Library/Core/Inc/usbd_def.h **** #ifdef USE_USBD_COMPOSITE
 181:Middlewares/ST/STM32_USB_Device_Library/Core/Inc/usbd_def.h **** #define USBD_EP_IN                                      0x80U
 182:Middlewares/ST/STM32_USB_Device_Library/Core/Inc/usbd_def.h **** #define USBD_EP_OUT                                     0x00U
 183:Middlewares/ST/STM32_USB_Device_Library/Core/Inc/usbd_def.h **** #define USBD_FUNC_DESCRIPTOR_TYPE                       0x24U
 184:Middlewares/ST/STM32_USB_Device_Library/Core/Inc/usbd_def.h **** #define USBD_DESC_SUBTYPE_ACM                           0x0FU
 185:Middlewares/ST/STM32_USB_Device_Library/Core/Inc/usbd_def.h **** #define USBD_DESC_ECM_BCD_LOW                           0x00U
 186:Middlewares/ST/STM32_USB_Device_Library/Core/Inc/usbd_def.h **** #define USBD_DESC_ECM_BCD_HIGH                          0x10U
 187:Middlewares/ST/STM32_USB_Device_Library/Core/Inc/usbd_def.h **** #endif /* USE_USBD_COMPOSITE */
 188:Middlewares/ST/STM32_USB_Device_Library/Core/Inc/usbd_def.h **** /**
 189:Middlewares/ST/STM32_USB_Device_Library/Core/Inc/usbd_def.h ****   * @}
 190:Middlewares/ST/STM32_USB_Device_Library/Core/Inc/usbd_def.h ****   */
 191:Middlewares/ST/STM32_USB_Device_Library/Core/Inc/usbd_def.h **** 
 192:Middlewares/ST/STM32_USB_Device_Library/Core/Inc/usbd_def.h **** 
 193:Middlewares/ST/STM32_USB_Device_Library/Core/Inc/usbd_def.h **** /** @defgroup USBD_DEF_Exported_TypesDefinitions
 194:Middlewares/ST/STM32_USB_Device_Library/Core/Inc/usbd_def.h ****   * @{
 195:Middlewares/ST/STM32_USB_Device_Library/Core/Inc/usbd_def.h ****   */
 196:Middlewares/ST/STM32_USB_Device_Library/Core/Inc/usbd_def.h **** 
 197:Middlewares/ST/STM32_USB_Device_Library/Core/Inc/usbd_def.h **** typedef  struct  usb_setup_req
 198:Middlewares/ST/STM32_USB_Device_Library/Core/Inc/usbd_def.h **** {
 199:Middlewares/ST/STM32_USB_Device_Library/Core/Inc/usbd_def.h ****   uint8_t   bmRequest;
 200:Middlewares/ST/STM32_USB_Device_Library/Core/Inc/usbd_def.h ****   uint8_t   bRequest;
 201:Middlewares/ST/STM32_USB_Device_Library/Core/Inc/usbd_def.h ****   uint16_t  wValue;
 202:Middlewares/ST/STM32_USB_Device_Library/Core/Inc/usbd_def.h ****   uint16_t  wIndex;
 203:Middlewares/ST/STM32_USB_Device_Library/Core/Inc/usbd_def.h ****   uint16_t  wLength;
 204:Middlewares/ST/STM32_USB_Device_Library/Core/Inc/usbd_def.h **** } USBD_SetupReqTypedef;
ARM GAS  /tmp/ccQZPXS1.s 			page 25


 205:Middlewares/ST/STM32_USB_Device_Library/Core/Inc/usbd_def.h **** 
 206:Middlewares/ST/STM32_USB_Device_Library/Core/Inc/usbd_def.h **** typedef struct
 207:Middlewares/ST/STM32_USB_Device_Library/Core/Inc/usbd_def.h **** {
 208:Middlewares/ST/STM32_USB_Device_Library/Core/Inc/usbd_def.h ****   uint8_t   bLength;
 209:Middlewares/ST/STM32_USB_Device_Library/Core/Inc/usbd_def.h ****   uint8_t   bDescriptorType;
 210:Middlewares/ST/STM32_USB_Device_Library/Core/Inc/usbd_def.h ****   uint16_t  wTotalLength;
 211:Middlewares/ST/STM32_USB_Device_Library/Core/Inc/usbd_def.h ****   uint8_t   bNumInterfaces;
 212:Middlewares/ST/STM32_USB_Device_Library/Core/Inc/usbd_def.h ****   uint8_t   bConfigurationValue;
 213:Middlewares/ST/STM32_USB_Device_Library/Core/Inc/usbd_def.h ****   uint8_t   iConfiguration;
 214:Middlewares/ST/STM32_USB_Device_Library/Core/Inc/usbd_def.h ****   uint8_t   bmAttributes;
 215:Middlewares/ST/STM32_USB_Device_Library/Core/Inc/usbd_def.h ****   uint8_t   bMaxPower;
 216:Middlewares/ST/STM32_USB_Device_Library/Core/Inc/usbd_def.h **** } __PACKED USBD_ConfigDescTypeDef;
 217:Middlewares/ST/STM32_USB_Device_Library/Core/Inc/usbd_def.h **** 
 218:Middlewares/ST/STM32_USB_Device_Library/Core/Inc/usbd_def.h **** typedef struct
 219:Middlewares/ST/STM32_USB_Device_Library/Core/Inc/usbd_def.h **** {
 220:Middlewares/ST/STM32_USB_Device_Library/Core/Inc/usbd_def.h ****   uint8_t   bLength;
 221:Middlewares/ST/STM32_USB_Device_Library/Core/Inc/usbd_def.h ****   uint8_t   bDescriptorType;
 222:Middlewares/ST/STM32_USB_Device_Library/Core/Inc/usbd_def.h ****   uint16_t  wTotalLength;
 223:Middlewares/ST/STM32_USB_Device_Library/Core/Inc/usbd_def.h ****   uint8_t   bNumDeviceCaps;
 224:Middlewares/ST/STM32_USB_Device_Library/Core/Inc/usbd_def.h **** } USBD_BosDescTypeDef;
 225:Middlewares/ST/STM32_USB_Device_Library/Core/Inc/usbd_def.h **** 
 226:Middlewares/ST/STM32_USB_Device_Library/Core/Inc/usbd_def.h **** typedef struct
 227:Middlewares/ST/STM32_USB_Device_Library/Core/Inc/usbd_def.h **** {
 228:Middlewares/ST/STM32_USB_Device_Library/Core/Inc/usbd_def.h ****   uint8_t   bLength;
 229:Middlewares/ST/STM32_USB_Device_Library/Core/Inc/usbd_def.h ****   uint8_t   bDescriptorType;
 230:Middlewares/ST/STM32_USB_Device_Library/Core/Inc/usbd_def.h ****   uint8_t   bEndpointAddress;
 231:Middlewares/ST/STM32_USB_Device_Library/Core/Inc/usbd_def.h ****   uint8_t   bmAttributes;
 232:Middlewares/ST/STM32_USB_Device_Library/Core/Inc/usbd_def.h ****   uint16_t  wMaxPacketSize;
 233:Middlewares/ST/STM32_USB_Device_Library/Core/Inc/usbd_def.h ****   uint8_t   bInterval;
 234:Middlewares/ST/STM32_USB_Device_Library/Core/Inc/usbd_def.h **** } __PACKED USBD_EpDescTypeDef;
 235:Middlewares/ST/STM32_USB_Device_Library/Core/Inc/usbd_def.h **** 
 236:Middlewares/ST/STM32_USB_Device_Library/Core/Inc/usbd_def.h **** typedef  struct
 237:Middlewares/ST/STM32_USB_Device_Library/Core/Inc/usbd_def.h **** {
 238:Middlewares/ST/STM32_USB_Device_Library/Core/Inc/usbd_def.h ****   uint8_t  bLength;
 239:Middlewares/ST/STM32_USB_Device_Library/Core/Inc/usbd_def.h ****   uint8_t  bDescriptorType;
 240:Middlewares/ST/STM32_USB_Device_Library/Core/Inc/usbd_def.h ****   uint8_t  bDescriptorSubType;
 241:Middlewares/ST/STM32_USB_Device_Library/Core/Inc/usbd_def.h **** } USBD_DescHeaderTypeDef;
 242:Middlewares/ST/STM32_USB_Device_Library/Core/Inc/usbd_def.h **** 
 243:Middlewares/ST/STM32_USB_Device_Library/Core/Inc/usbd_def.h **** struct _USBD_HandleTypeDef;
 244:Middlewares/ST/STM32_USB_Device_Library/Core/Inc/usbd_def.h **** 
 245:Middlewares/ST/STM32_USB_Device_Library/Core/Inc/usbd_def.h **** typedef struct _Device_cb
 246:Middlewares/ST/STM32_USB_Device_Library/Core/Inc/usbd_def.h **** {
 247:Middlewares/ST/STM32_USB_Device_Library/Core/Inc/usbd_def.h ****   uint8_t (*Init)(struct _USBD_HandleTypeDef *pdev, uint8_t cfgidx);
 248:Middlewares/ST/STM32_USB_Device_Library/Core/Inc/usbd_def.h ****   uint8_t (*DeInit)(struct _USBD_HandleTypeDef *pdev, uint8_t cfgidx);
 249:Middlewares/ST/STM32_USB_Device_Library/Core/Inc/usbd_def.h ****   /* Control Endpoints*/
 250:Middlewares/ST/STM32_USB_Device_Library/Core/Inc/usbd_def.h ****   uint8_t (*Setup)(struct _USBD_HandleTypeDef *pdev, USBD_SetupReqTypedef  *req);
 251:Middlewares/ST/STM32_USB_Device_Library/Core/Inc/usbd_def.h ****   uint8_t (*EP0_TxSent)(struct _USBD_HandleTypeDef *pdev);
 252:Middlewares/ST/STM32_USB_Device_Library/Core/Inc/usbd_def.h ****   uint8_t (*EP0_RxReady)(struct _USBD_HandleTypeDef *pdev);
 253:Middlewares/ST/STM32_USB_Device_Library/Core/Inc/usbd_def.h ****   /* Class Specific Endpoints*/
 254:Middlewares/ST/STM32_USB_Device_Library/Core/Inc/usbd_def.h ****   uint8_t (*DataIn)(struct _USBD_HandleTypeDef *pdev, uint8_t epnum);
 255:Middlewares/ST/STM32_USB_Device_Library/Core/Inc/usbd_def.h ****   uint8_t (*DataOut)(struct _USBD_HandleTypeDef *pdev, uint8_t epnum);
 256:Middlewares/ST/STM32_USB_Device_Library/Core/Inc/usbd_def.h ****   uint8_t (*SOF)(struct _USBD_HandleTypeDef *pdev);
 257:Middlewares/ST/STM32_USB_Device_Library/Core/Inc/usbd_def.h ****   uint8_t (*IsoINIncomplete)(struct _USBD_HandleTypeDef *pdev, uint8_t epnum);
 258:Middlewares/ST/STM32_USB_Device_Library/Core/Inc/usbd_def.h ****   uint8_t (*IsoOUTIncomplete)(struct _USBD_HandleTypeDef *pdev, uint8_t epnum);
 259:Middlewares/ST/STM32_USB_Device_Library/Core/Inc/usbd_def.h **** 
 260:Middlewares/ST/STM32_USB_Device_Library/Core/Inc/usbd_def.h ****   uint8_t  *(*GetHSConfigDescriptor)(uint16_t *length);
 261:Middlewares/ST/STM32_USB_Device_Library/Core/Inc/usbd_def.h ****   uint8_t  *(*GetFSConfigDescriptor)(uint16_t *length);
ARM GAS  /tmp/ccQZPXS1.s 			page 26


 262:Middlewares/ST/STM32_USB_Device_Library/Core/Inc/usbd_def.h ****   uint8_t  *(*GetOtherSpeedConfigDescriptor)(uint16_t *length);
 263:Middlewares/ST/STM32_USB_Device_Library/Core/Inc/usbd_def.h ****   uint8_t  *(*GetDeviceQualifierDescriptor)(uint16_t *length);
 264:Middlewares/ST/STM32_USB_Device_Library/Core/Inc/usbd_def.h **** #if (USBD_SUPPORT_USER_STRING_DESC == 1U)
 265:Middlewares/ST/STM32_USB_Device_Library/Core/Inc/usbd_def.h ****   uint8_t  *(*GetUsrStrDescriptor)(struct _USBD_HandleTypeDef *pdev, uint8_t index,  uint16_t *leng
 266:Middlewares/ST/STM32_USB_Device_Library/Core/Inc/usbd_def.h **** #endif /* USBD_SUPPORT_USER_STRING_DESC  */
 267:Middlewares/ST/STM32_USB_Device_Library/Core/Inc/usbd_def.h **** 
 268:Middlewares/ST/STM32_USB_Device_Library/Core/Inc/usbd_def.h **** } USBD_ClassTypeDef;
 269:Middlewares/ST/STM32_USB_Device_Library/Core/Inc/usbd_def.h **** 
 270:Middlewares/ST/STM32_USB_Device_Library/Core/Inc/usbd_def.h **** /* Following USB Device Speed */
 271:Middlewares/ST/STM32_USB_Device_Library/Core/Inc/usbd_def.h **** typedef enum
 272:Middlewares/ST/STM32_USB_Device_Library/Core/Inc/usbd_def.h **** {
 273:Middlewares/ST/STM32_USB_Device_Library/Core/Inc/usbd_def.h ****   USBD_SPEED_HIGH  = 0U,
 274:Middlewares/ST/STM32_USB_Device_Library/Core/Inc/usbd_def.h ****   USBD_SPEED_FULL  = 1U,
 275:Middlewares/ST/STM32_USB_Device_Library/Core/Inc/usbd_def.h ****   USBD_SPEED_LOW   = 2U,
 276:Middlewares/ST/STM32_USB_Device_Library/Core/Inc/usbd_def.h **** } USBD_SpeedTypeDef;
 277:Middlewares/ST/STM32_USB_Device_Library/Core/Inc/usbd_def.h **** 
 278:Middlewares/ST/STM32_USB_Device_Library/Core/Inc/usbd_def.h **** /* Following USB Device status */
 279:Middlewares/ST/STM32_USB_Device_Library/Core/Inc/usbd_def.h **** typedef enum
 280:Middlewares/ST/STM32_USB_Device_Library/Core/Inc/usbd_def.h **** {
 281:Middlewares/ST/STM32_USB_Device_Library/Core/Inc/usbd_def.h ****   USBD_OK = 0U,
 282:Middlewares/ST/STM32_USB_Device_Library/Core/Inc/usbd_def.h ****   USBD_BUSY,
 283:Middlewares/ST/STM32_USB_Device_Library/Core/Inc/usbd_def.h ****   USBD_EMEM,
 284:Middlewares/ST/STM32_USB_Device_Library/Core/Inc/usbd_def.h ****   USBD_FAIL,
 285:Middlewares/ST/STM32_USB_Device_Library/Core/Inc/usbd_def.h **** } USBD_StatusTypeDef;
 286:Middlewares/ST/STM32_USB_Device_Library/Core/Inc/usbd_def.h **** 
 287:Middlewares/ST/STM32_USB_Device_Library/Core/Inc/usbd_def.h **** /* USB Device descriptors structure */
 288:Middlewares/ST/STM32_USB_Device_Library/Core/Inc/usbd_def.h **** typedef struct
 289:Middlewares/ST/STM32_USB_Device_Library/Core/Inc/usbd_def.h **** {
 290:Middlewares/ST/STM32_USB_Device_Library/Core/Inc/usbd_def.h ****   uint8_t *(*GetDeviceDescriptor)(USBD_SpeedTypeDef speed, uint16_t *length);
 291:Middlewares/ST/STM32_USB_Device_Library/Core/Inc/usbd_def.h ****   uint8_t *(*GetLangIDStrDescriptor)(USBD_SpeedTypeDef speed, uint16_t *length);
 292:Middlewares/ST/STM32_USB_Device_Library/Core/Inc/usbd_def.h ****   uint8_t *(*GetManufacturerStrDescriptor)(USBD_SpeedTypeDef speed, uint16_t *length);
 293:Middlewares/ST/STM32_USB_Device_Library/Core/Inc/usbd_def.h ****   uint8_t *(*GetProductStrDescriptor)(USBD_SpeedTypeDef speed, uint16_t *length);
 294:Middlewares/ST/STM32_USB_Device_Library/Core/Inc/usbd_def.h ****   uint8_t *(*GetSerialStrDescriptor)(USBD_SpeedTypeDef speed, uint16_t *length);
 295:Middlewares/ST/STM32_USB_Device_Library/Core/Inc/usbd_def.h ****   uint8_t *(*GetConfigurationStrDescriptor)(USBD_SpeedTypeDef speed, uint16_t *length);
 296:Middlewares/ST/STM32_USB_Device_Library/Core/Inc/usbd_def.h ****   uint8_t *(*GetInterfaceStrDescriptor)(USBD_SpeedTypeDef speed, uint16_t *length);
 297:Middlewares/ST/STM32_USB_Device_Library/Core/Inc/usbd_def.h **** #if (USBD_CLASS_USER_STRING_DESC == 1)
 298:Middlewares/ST/STM32_USB_Device_Library/Core/Inc/usbd_def.h ****   uint8_t *(*GetUserStrDescriptor)(USBD_SpeedTypeDef speed, uint8_t idx, uint16_t *length);
 299:Middlewares/ST/STM32_USB_Device_Library/Core/Inc/usbd_def.h **** #endif /* USBD_CLASS_USER_STRING_DESC */
 300:Middlewares/ST/STM32_USB_Device_Library/Core/Inc/usbd_def.h **** #if ((USBD_LPM_ENABLED == 1U) || (USBD_CLASS_BOS_ENABLED == 1))
 301:Middlewares/ST/STM32_USB_Device_Library/Core/Inc/usbd_def.h ****   uint8_t *(*GetBOSDescriptor)(USBD_SpeedTypeDef speed, uint16_t *length);
 302:Middlewares/ST/STM32_USB_Device_Library/Core/Inc/usbd_def.h **** #endif /* (USBD_LPM_ENABLED == 1U) || (USBD_CLASS_BOS_ENABLED == 1) */
 303:Middlewares/ST/STM32_USB_Device_Library/Core/Inc/usbd_def.h **** } USBD_DescriptorsTypeDef;
 304:Middlewares/ST/STM32_USB_Device_Library/Core/Inc/usbd_def.h **** 
 305:Middlewares/ST/STM32_USB_Device_Library/Core/Inc/usbd_def.h **** /* USB Device handle structure */
 306:Middlewares/ST/STM32_USB_Device_Library/Core/Inc/usbd_def.h **** typedef struct
 307:Middlewares/ST/STM32_USB_Device_Library/Core/Inc/usbd_def.h **** {
 308:Middlewares/ST/STM32_USB_Device_Library/Core/Inc/usbd_def.h ****   uint32_t total_length;
 309:Middlewares/ST/STM32_USB_Device_Library/Core/Inc/usbd_def.h ****   uint32_t rem_length;
 310:Middlewares/ST/STM32_USB_Device_Library/Core/Inc/usbd_def.h ****   uint32_t bInterval;
 311:Middlewares/ST/STM32_USB_Device_Library/Core/Inc/usbd_def.h ****   uint16_t maxpacket;
 312:Middlewares/ST/STM32_USB_Device_Library/Core/Inc/usbd_def.h ****   uint8_t status;
 313:Middlewares/ST/STM32_USB_Device_Library/Core/Inc/usbd_def.h ****   uint8_t is_used;
 314:Middlewares/ST/STM32_USB_Device_Library/Core/Inc/usbd_def.h ****   uint8_t *pbuffer;
 315:Middlewares/ST/STM32_USB_Device_Library/Core/Inc/usbd_def.h **** } USBD_EndpointTypeDef;
 316:Middlewares/ST/STM32_USB_Device_Library/Core/Inc/usbd_def.h **** 
 317:Middlewares/ST/STM32_USB_Device_Library/Core/Inc/usbd_def.h **** #ifdef USE_USBD_COMPOSITE
 318:Middlewares/ST/STM32_USB_Device_Library/Core/Inc/usbd_def.h **** typedef enum
ARM GAS  /tmp/ccQZPXS1.s 			page 27


 319:Middlewares/ST/STM32_USB_Device_Library/Core/Inc/usbd_def.h **** {
 320:Middlewares/ST/STM32_USB_Device_Library/Core/Inc/usbd_def.h ****   CLASS_TYPE_NONE    = 0,
 321:Middlewares/ST/STM32_USB_Device_Library/Core/Inc/usbd_def.h ****   CLASS_TYPE_HID     = 1,
 322:Middlewares/ST/STM32_USB_Device_Library/Core/Inc/usbd_def.h ****   CLASS_TYPE_CDC     = 2,
 323:Middlewares/ST/STM32_USB_Device_Library/Core/Inc/usbd_def.h ****   CLASS_TYPE_MSC     = 3,
 324:Middlewares/ST/STM32_USB_Device_Library/Core/Inc/usbd_def.h ****   CLASS_TYPE_DFU     = 4,
 325:Middlewares/ST/STM32_USB_Device_Library/Core/Inc/usbd_def.h ****   CLASS_TYPE_CHID    = 5,
 326:Middlewares/ST/STM32_USB_Device_Library/Core/Inc/usbd_def.h ****   CLASS_TYPE_AUDIO   = 6,
 327:Middlewares/ST/STM32_USB_Device_Library/Core/Inc/usbd_def.h ****   CLASS_TYPE_ECM     = 7,
 328:Middlewares/ST/STM32_USB_Device_Library/Core/Inc/usbd_def.h ****   CLASS_TYPE_RNDIS   = 8,
 329:Middlewares/ST/STM32_USB_Device_Library/Core/Inc/usbd_def.h ****   CLASS_TYPE_MTP     = 9,
 330:Middlewares/ST/STM32_USB_Device_Library/Core/Inc/usbd_def.h ****   CLASS_TYPE_VIDEO   = 10,
 331:Middlewares/ST/STM32_USB_Device_Library/Core/Inc/usbd_def.h ****   CLASS_TYPE_PRINTER = 11,
 332:Middlewares/ST/STM32_USB_Device_Library/Core/Inc/usbd_def.h ****   CLASS_TYPE_CCID    = 12,
 333:Middlewares/ST/STM32_USB_Device_Library/Core/Inc/usbd_def.h **** } USBD_CompositeClassTypeDef;
 334:Middlewares/ST/STM32_USB_Device_Library/Core/Inc/usbd_def.h **** 
 335:Middlewares/ST/STM32_USB_Device_Library/Core/Inc/usbd_def.h **** 
 336:Middlewares/ST/STM32_USB_Device_Library/Core/Inc/usbd_def.h **** /* USB Device handle structure */
 337:Middlewares/ST/STM32_USB_Device_Library/Core/Inc/usbd_def.h **** typedef struct
 338:Middlewares/ST/STM32_USB_Device_Library/Core/Inc/usbd_def.h **** {
 339:Middlewares/ST/STM32_USB_Device_Library/Core/Inc/usbd_def.h ****   uint8_t                     add;
 340:Middlewares/ST/STM32_USB_Device_Library/Core/Inc/usbd_def.h ****   uint8_t                     type;
 341:Middlewares/ST/STM32_USB_Device_Library/Core/Inc/usbd_def.h ****   uint8_t                     size;
 342:Middlewares/ST/STM32_USB_Device_Library/Core/Inc/usbd_def.h ****   uint8_t                     is_used;
 343:Middlewares/ST/STM32_USB_Device_Library/Core/Inc/usbd_def.h **** } USBD_EPTypeDef;
 344:Middlewares/ST/STM32_USB_Device_Library/Core/Inc/usbd_def.h **** 
 345:Middlewares/ST/STM32_USB_Device_Library/Core/Inc/usbd_def.h **** /* USB Device handle structure */
 346:Middlewares/ST/STM32_USB_Device_Library/Core/Inc/usbd_def.h **** typedef struct
 347:Middlewares/ST/STM32_USB_Device_Library/Core/Inc/usbd_def.h **** {
 348:Middlewares/ST/STM32_USB_Device_Library/Core/Inc/usbd_def.h ****   USBD_CompositeClassTypeDef   ClassType;
 349:Middlewares/ST/STM32_USB_Device_Library/Core/Inc/usbd_def.h ****   uint32_t                     ClassId;
 350:Middlewares/ST/STM32_USB_Device_Library/Core/Inc/usbd_def.h ****   uint32_t                     Active;
 351:Middlewares/ST/STM32_USB_Device_Library/Core/Inc/usbd_def.h ****   uint32_t                     NumEps;
 352:Middlewares/ST/STM32_USB_Device_Library/Core/Inc/usbd_def.h ****   USBD_EPTypeDef               Eps[USBD_MAX_CLASS_ENDPOINTS];
 353:Middlewares/ST/STM32_USB_Device_Library/Core/Inc/usbd_def.h ****   uint8_t                      *EpAdd;
 354:Middlewares/ST/STM32_USB_Device_Library/Core/Inc/usbd_def.h ****   uint32_t                     NumIf;
 355:Middlewares/ST/STM32_USB_Device_Library/Core/Inc/usbd_def.h ****   uint8_t                      Ifs[USBD_MAX_CLASS_INTERFACES];
 356:Middlewares/ST/STM32_USB_Device_Library/Core/Inc/usbd_def.h ****   uint32_t                     CurrPcktSze;
 357:Middlewares/ST/STM32_USB_Device_Library/Core/Inc/usbd_def.h **** } USBD_CompositeElementTypeDef;
 358:Middlewares/ST/STM32_USB_Device_Library/Core/Inc/usbd_def.h **** #endif /* USE_USBD_COMPOSITE */
 359:Middlewares/ST/STM32_USB_Device_Library/Core/Inc/usbd_def.h **** 
 360:Middlewares/ST/STM32_USB_Device_Library/Core/Inc/usbd_def.h **** /* USB Device handle structure */
 361:Middlewares/ST/STM32_USB_Device_Library/Core/Inc/usbd_def.h **** typedef struct _USBD_HandleTypeDef
 362:Middlewares/ST/STM32_USB_Device_Library/Core/Inc/usbd_def.h **** {
 363:Middlewares/ST/STM32_USB_Device_Library/Core/Inc/usbd_def.h ****   uint8_t                 id;
 364:Middlewares/ST/STM32_USB_Device_Library/Core/Inc/usbd_def.h ****   uint32_t                dev_config;
 365:Middlewares/ST/STM32_USB_Device_Library/Core/Inc/usbd_def.h ****   uint32_t                dev_default_config;
 366:Middlewares/ST/STM32_USB_Device_Library/Core/Inc/usbd_def.h ****   uint32_t                dev_config_status;
 367:Middlewares/ST/STM32_USB_Device_Library/Core/Inc/usbd_def.h ****   USBD_SpeedTypeDef       dev_speed;
 368:Middlewares/ST/STM32_USB_Device_Library/Core/Inc/usbd_def.h ****   USBD_EndpointTypeDef    ep_in[16];
 369:Middlewares/ST/STM32_USB_Device_Library/Core/Inc/usbd_def.h ****   USBD_EndpointTypeDef    ep_out[16];
 370:Middlewares/ST/STM32_USB_Device_Library/Core/Inc/usbd_def.h ****   __IO uint32_t           ep0_state;
 371:Middlewares/ST/STM32_USB_Device_Library/Core/Inc/usbd_def.h ****   uint32_t                ep0_data_len;
 372:Middlewares/ST/STM32_USB_Device_Library/Core/Inc/usbd_def.h ****   __IO uint8_t            dev_state;
 373:Middlewares/ST/STM32_USB_Device_Library/Core/Inc/usbd_def.h ****   __IO uint8_t            dev_old_state;
 374:Middlewares/ST/STM32_USB_Device_Library/Core/Inc/usbd_def.h ****   uint8_t                 dev_address;
 375:Middlewares/ST/STM32_USB_Device_Library/Core/Inc/usbd_def.h ****   uint8_t                 dev_connection_status;
ARM GAS  /tmp/ccQZPXS1.s 			page 28


 376:Middlewares/ST/STM32_USB_Device_Library/Core/Inc/usbd_def.h ****   uint8_t                 dev_test_mode;
 377:Middlewares/ST/STM32_USB_Device_Library/Core/Inc/usbd_def.h ****   uint32_t                dev_remote_wakeup;
 378:Middlewares/ST/STM32_USB_Device_Library/Core/Inc/usbd_def.h ****   uint8_t                 ConfIdx;
 379:Middlewares/ST/STM32_USB_Device_Library/Core/Inc/usbd_def.h **** 
 380:Middlewares/ST/STM32_USB_Device_Library/Core/Inc/usbd_def.h ****   USBD_SetupReqTypedef    request;
 381:Middlewares/ST/STM32_USB_Device_Library/Core/Inc/usbd_def.h ****   USBD_DescriptorsTypeDef *pDesc;
 382:Middlewares/ST/STM32_USB_Device_Library/Core/Inc/usbd_def.h ****   USBD_ClassTypeDef       *pClass[USBD_MAX_SUPPORTED_CLASS];
 383:Middlewares/ST/STM32_USB_Device_Library/Core/Inc/usbd_def.h ****   void                    *pClassData;
 384:Middlewares/ST/STM32_USB_Device_Library/Core/Inc/usbd_def.h ****   void                    *pClassDataCmsit[USBD_MAX_SUPPORTED_CLASS];
 385:Middlewares/ST/STM32_USB_Device_Library/Core/Inc/usbd_def.h ****   void                    *pUserData[USBD_MAX_SUPPORTED_CLASS];
 386:Middlewares/ST/STM32_USB_Device_Library/Core/Inc/usbd_def.h ****   void                    *pData;
 387:Middlewares/ST/STM32_USB_Device_Library/Core/Inc/usbd_def.h ****   void                    *pBosDesc;
 388:Middlewares/ST/STM32_USB_Device_Library/Core/Inc/usbd_def.h ****   void                    *pConfDesc;
 389:Middlewares/ST/STM32_USB_Device_Library/Core/Inc/usbd_def.h ****   uint32_t                classId;
 390:Middlewares/ST/STM32_USB_Device_Library/Core/Inc/usbd_def.h ****   uint32_t                NumClasses;
 391:Middlewares/ST/STM32_USB_Device_Library/Core/Inc/usbd_def.h **** #ifdef USE_USBD_COMPOSITE
 392:Middlewares/ST/STM32_USB_Device_Library/Core/Inc/usbd_def.h ****   USBD_CompositeElementTypeDef tclasslist[USBD_MAX_SUPPORTED_CLASS];
 393:Middlewares/ST/STM32_USB_Device_Library/Core/Inc/usbd_def.h **** #endif /* USE_USBD_COMPOSITE */
 394:Middlewares/ST/STM32_USB_Device_Library/Core/Inc/usbd_def.h **** #if (USBD_USER_REGISTER_CALLBACK == 1U)
 395:Middlewares/ST/STM32_USB_Device_Library/Core/Inc/usbd_def.h ****   void (* DevStateCallback)(uint8_t dev_state, uint8_t cfgidx);                    /*!< User Notifi
 396:Middlewares/ST/STM32_USB_Device_Library/Core/Inc/usbd_def.h **** #endif /* USBD_USER_REGISTER_CALLBACK */
 397:Middlewares/ST/STM32_USB_Device_Library/Core/Inc/usbd_def.h **** } USBD_HandleTypeDef;
 398:Middlewares/ST/STM32_USB_Device_Library/Core/Inc/usbd_def.h **** 
 399:Middlewares/ST/STM32_USB_Device_Library/Core/Inc/usbd_def.h **** #if (USBD_USER_REGISTER_CALLBACK == 1U)
 400:Middlewares/ST/STM32_USB_Device_Library/Core/Inc/usbd_def.h **** typedef void (*USBD_DevStateCallbackTypeDef)(uint8_t dev_state, uint8_t cfgidx);   /*!< pointer to 
 401:Middlewares/ST/STM32_USB_Device_Library/Core/Inc/usbd_def.h **** #endif /* USBD_USER_REGISTER_CALLBACK */
 402:Middlewares/ST/STM32_USB_Device_Library/Core/Inc/usbd_def.h **** 
 403:Middlewares/ST/STM32_USB_Device_Library/Core/Inc/usbd_def.h **** /* USB Device endpoint direction */
 404:Middlewares/ST/STM32_USB_Device_Library/Core/Inc/usbd_def.h **** typedef enum
 405:Middlewares/ST/STM32_USB_Device_Library/Core/Inc/usbd_def.h **** {
 406:Middlewares/ST/STM32_USB_Device_Library/Core/Inc/usbd_def.h ****   OUT   = 0x00,
 407:Middlewares/ST/STM32_USB_Device_Library/Core/Inc/usbd_def.h ****   IN    = 0x80,
 408:Middlewares/ST/STM32_USB_Device_Library/Core/Inc/usbd_def.h **** } USBD_EPDirectionTypeDef;
 409:Middlewares/ST/STM32_USB_Device_Library/Core/Inc/usbd_def.h **** 
 410:Middlewares/ST/STM32_USB_Device_Library/Core/Inc/usbd_def.h **** typedef enum
 411:Middlewares/ST/STM32_USB_Device_Library/Core/Inc/usbd_def.h **** {
 412:Middlewares/ST/STM32_USB_Device_Library/Core/Inc/usbd_def.h ****   NETWORK_CONNECTION = 0x00,
 413:Middlewares/ST/STM32_USB_Device_Library/Core/Inc/usbd_def.h ****   RESPONSE_AVAILABLE = 0x01,
 414:Middlewares/ST/STM32_USB_Device_Library/Core/Inc/usbd_def.h ****   CONNECTION_SPEED_CHANGE = 0x2A
 415:Middlewares/ST/STM32_USB_Device_Library/Core/Inc/usbd_def.h **** } USBD_CDC_NotifCodeTypeDef;
 416:Middlewares/ST/STM32_USB_Device_Library/Core/Inc/usbd_def.h **** /**
 417:Middlewares/ST/STM32_USB_Device_Library/Core/Inc/usbd_def.h ****   * @}
 418:Middlewares/ST/STM32_USB_Device_Library/Core/Inc/usbd_def.h ****   */
 419:Middlewares/ST/STM32_USB_Device_Library/Core/Inc/usbd_def.h **** 
 420:Middlewares/ST/STM32_USB_Device_Library/Core/Inc/usbd_def.h **** 
 421:Middlewares/ST/STM32_USB_Device_Library/Core/Inc/usbd_def.h **** /** @defgroup USBD_DEF_Exported_Macros
 422:Middlewares/ST/STM32_USB_Device_Library/Core/Inc/usbd_def.h ****   * @{
 423:Middlewares/ST/STM32_USB_Device_Library/Core/Inc/usbd_def.h ****   */
 424:Middlewares/ST/STM32_USB_Device_Library/Core/Inc/usbd_def.h **** __STATIC_INLINE uint16_t SWAPBYTE(uint8_t *addr)
 103              		.loc 2 424 26 view .LVU28
 104              	.LBB9:
 425:Middlewares/ST/STM32_USB_Device_Library/Core/Inc/usbd_def.h **** {
 426:Middlewares/ST/STM32_USB_Device_Library/Core/Inc/usbd_def.h ****   uint16_t _SwapVal;
 105              		.loc 2 426 3 view .LVU29
 427:Middlewares/ST/STM32_USB_Device_Library/Core/Inc/usbd_def.h ****   uint16_t _Byte1;
 106              		.loc 2 427 3 view .LVU30
 428:Middlewares/ST/STM32_USB_Device_Library/Core/Inc/usbd_def.h ****   uint16_t _Byte2;
ARM GAS  /tmp/ccQZPXS1.s 			page 29


 107              		.loc 2 428 3 view .LVU31
 429:Middlewares/ST/STM32_USB_Device_Library/Core/Inc/usbd_def.h ****   uint8_t *_pbuff = addr;
 108              		.loc 2 429 3 view .LVU32
 430:Middlewares/ST/STM32_USB_Device_Library/Core/Inc/usbd_def.h **** 
 431:Middlewares/ST/STM32_USB_Device_Library/Core/Inc/usbd_def.h ****   _Byte1 = *(uint8_t *)_pbuff;
 109              		.loc 2 431 3 view .LVU33
 110              		.loc 2 431 12 is_stmt 0 view .LVU34
 111 0008 8B78     		ldrb	r3, [r1, #2]	@ zero_extendqisi2
 112              	.LVL10:
 432:Middlewares/ST/STM32_USB_Device_Library/Core/Inc/usbd_def.h ****   _pbuff++;
 113              		.loc 2 432 3 is_stmt 1 view .LVU35
 433:Middlewares/ST/STM32_USB_Device_Library/Core/Inc/usbd_def.h ****   _Byte2 = *(uint8_t *)_pbuff;
 114              		.loc 2 433 3 view .LVU36
 115              		.loc 2 433 12 is_stmt 0 view .LVU37
 116 000a CA78     		ldrb	r2, [r1, #3]	@ zero_extendqisi2
 117              	.LVL11:
 434:Middlewares/ST/STM32_USB_Device_Library/Core/Inc/usbd_def.h **** 
 435:Middlewares/ST/STM32_USB_Device_Library/Core/Inc/usbd_def.h ****   _SwapVal = (_Byte2 << 8) | _Byte1;
 118              		.loc 2 435 3 is_stmt 1 view .LVU38
 119              		.loc 2 435 12 is_stmt 0 view .LVU39
 120 000c 43EA0223 		orr	r3, r3, r2, lsl #8
 121              	.LVL12:
 436:Middlewares/ST/STM32_USB_Device_Library/Core/Inc/usbd_def.h **** 
 437:Middlewares/ST/STM32_USB_Device_Library/Core/Inc/usbd_def.h ****   return _SwapVal;
 122              		.loc 2 437 3 is_stmt 1 view .LVU40
 123              		.loc 2 437 3 is_stmt 0 view .LVU41
 124              	.LBE9:
 125              	.LBE8:
 966:Middlewares/ST/STM32_USB_Device_Library/Core/Src/usbd_ctlreq.c **** 
 126              		.loc 1 966 15 discriminator 1 view .LVU42
 127 0010 4380     		strh	r3, [r0, #2]	@ movhi
 128              	.LVL13:
 968:Middlewares/ST/STM32_USB_Device_Library/Core/Src/usbd_ctlreq.c ****   pbuff++;
 129              		.loc 1 968 3 is_stmt 1 view .LVU43
 969:Middlewares/ST/STM32_USB_Device_Library/Core/Src/usbd_ctlreq.c ****   req->wIndex = SWAPBYTE(pbuff);
 130              		.loc 1 969 3 view .LVU44
 970:Middlewares/ST/STM32_USB_Device_Library/Core/Src/usbd_ctlreq.c **** 
 131              		.loc 1 970 3 view .LVU45
 132              	.LBB10:
 133              	.LBI10:
 424:Middlewares/ST/STM32_USB_Device_Library/Core/Inc/usbd_def.h **** {
 134              		.loc 2 424 26 view .LVU46
 135              	.LBB11:
 426:Middlewares/ST/STM32_USB_Device_Library/Core/Inc/usbd_def.h ****   uint16_t _Byte1;
 136              		.loc 2 426 3 view .LVU47
 427:Middlewares/ST/STM32_USB_Device_Library/Core/Inc/usbd_def.h ****   uint16_t _Byte2;
 137              		.loc 2 427 3 view .LVU48
 428:Middlewares/ST/STM32_USB_Device_Library/Core/Inc/usbd_def.h ****   uint8_t *_pbuff = addr;
 138              		.loc 2 428 3 view .LVU49
 429:Middlewares/ST/STM32_USB_Device_Library/Core/Inc/usbd_def.h **** 
 139              		.loc 2 429 3 view .LVU50
 431:Middlewares/ST/STM32_USB_Device_Library/Core/Inc/usbd_def.h ****   _pbuff++;
 140              		.loc 2 431 3 view .LVU51
 431:Middlewares/ST/STM32_USB_Device_Library/Core/Inc/usbd_def.h ****   _pbuff++;
 141              		.loc 2 431 12 is_stmt 0 view .LVU52
 142 0012 0B79     		ldrb	r3, [r1, #4]	@ zero_extendqisi2
 143              	.LVL14:
ARM GAS  /tmp/ccQZPXS1.s 			page 30


 432:Middlewares/ST/STM32_USB_Device_Library/Core/Inc/usbd_def.h ****   _Byte2 = *(uint8_t *)_pbuff;
 144              		.loc 2 432 3 is_stmt 1 view .LVU53
 433:Middlewares/ST/STM32_USB_Device_Library/Core/Inc/usbd_def.h **** 
 145              		.loc 2 433 3 view .LVU54
 433:Middlewares/ST/STM32_USB_Device_Library/Core/Inc/usbd_def.h **** 
 146              		.loc 2 433 12 is_stmt 0 view .LVU55
 147 0014 4A79     		ldrb	r2, [r1, #5]	@ zero_extendqisi2
 148              	.LVL15:
 435:Middlewares/ST/STM32_USB_Device_Library/Core/Inc/usbd_def.h **** 
 149              		.loc 2 435 3 is_stmt 1 view .LVU56
 435:Middlewares/ST/STM32_USB_Device_Library/Core/Inc/usbd_def.h **** 
 150              		.loc 2 435 12 is_stmt 0 view .LVU57
 151 0016 43EA0223 		orr	r3, r3, r2, lsl #8
 152              	.LVL16:
 153              		.loc 2 437 3 is_stmt 1 view .LVU58
 154              		.loc 2 437 3 is_stmt 0 view .LVU59
 155              	.LBE11:
 156              	.LBE10:
 970:Middlewares/ST/STM32_USB_Device_Library/Core/Src/usbd_ctlreq.c **** 
 157              		.loc 1 970 15 discriminator 1 view .LVU60
 158 001a 8380     		strh	r3, [r0, #4]	@ movhi
 159              	.LVL17:
 972:Middlewares/ST/STM32_USB_Device_Library/Core/Src/usbd_ctlreq.c ****   pbuff++;
 160              		.loc 1 972 3 is_stmt 1 view .LVU61
 973:Middlewares/ST/STM32_USB_Device_Library/Core/Src/usbd_ctlreq.c ****   req->wLength = SWAPBYTE(pbuff);
 161              		.loc 1 973 3 view .LVU62
 974:Middlewares/ST/STM32_USB_Device_Library/Core/Src/usbd_ctlreq.c **** }
 162              		.loc 1 974 3 view .LVU63
 163              	.LBB12:
 164              	.LBI12:
 424:Middlewares/ST/STM32_USB_Device_Library/Core/Inc/usbd_def.h **** {
 165              		.loc 2 424 26 view .LVU64
 166              	.LBB13:
 426:Middlewares/ST/STM32_USB_Device_Library/Core/Inc/usbd_def.h ****   uint16_t _Byte1;
 167              		.loc 2 426 3 view .LVU65
 427:Middlewares/ST/STM32_USB_Device_Library/Core/Inc/usbd_def.h ****   uint16_t _Byte2;
 168              		.loc 2 427 3 view .LVU66
 428:Middlewares/ST/STM32_USB_Device_Library/Core/Inc/usbd_def.h ****   uint8_t *_pbuff = addr;
 169              		.loc 2 428 3 view .LVU67
 429:Middlewares/ST/STM32_USB_Device_Library/Core/Inc/usbd_def.h **** 
 170              		.loc 2 429 3 view .LVU68
 431:Middlewares/ST/STM32_USB_Device_Library/Core/Inc/usbd_def.h ****   _pbuff++;
 171              		.loc 2 431 3 view .LVU69
 431:Middlewares/ST/STM32_USB_Device_Library/Core/Inc/usbd_def.h ****   _pbuff++;
 172              		.loc 2 431 12 is_stmt 0 view .LVU70
 173 001c 8B79     		ldrb	r3, [r1, #6]	@ zero_extendqisi2
 174              	.LVL18:
 432:Middlewares/ST/STM32_USB_Device_Library/Core/Inc/usbd_def.h ****   _Byte2 = *(uint8_t *)_pbuff;
 175              		.loc 2 432 3 is_stmt 1 view .LVU71
 433:Middlewares/ST/STM32_USB_Device_Library/Core/Inc/usbd_def.h **** 
 176              		.loc 2 433 3 view .LVU72
 433:Middlewares/ST/STM32_USB_Device_Library/Core/Inc/usbd_def.h **** 
 177              		.loc 2 433 12 is_stmt 0 view .LVU73
 178 001e CA79     		ldrb	r2, [r1, #7]	@ zero_extendqisi2
 179              	.LVL19:
 435:Middlewares/ST/STM32_USB_Device_Library/Core/Inc/usbd_def.h **** 
 180              		.loc 2 435 3 is_stmt 1 view .LVU74
ARM GAS  /tmp/ccQZPXS1.s 			page 31


 435:Middlewares/ST/STM32_USB_Device_Library/Core/Inc/usbd_def.h **** 
 181              		.loc 2 435 12 is_stmt 0 view .LVU75
 182 0020 43EA0223 		orr	r3, r3, r2, lsl #8
 183              	.LVL20:
 184              		.loc 2 437 3 is_stmt 1 view .LVU76
 185              		.loc 2 437 3 is_stmt 0 view .LVU77
 186              	.LBE13:
 187              	.LBE12:
 974:Middlewares/ST/STM32_USB_Device_Library/Core/Src/usbd_ctlreq.c **** }
 188              		.loc 1 974 16 discriminator 1 view .LVU78
 189 0024 C380     		strh	r3, [r0, #6]	@ movhi
 190              	.LVL21:
 975:Middlewares/ST/STM32_USB_Device_Library/Core/Src/usbd_ctlreq.c **** 
 191              		.loc 1 975 1 view .LVU79
 192 0026 7047     		bx	lr
 193              		.cfi_endproc
 194              	.LFE76:
 196              		.section	.text.USBD_CtlError,"ax",%progbits
 197              		.align	1
 198              		.global	USBD_CtlError
 199              		.syntax unified
 200              		.thumb
 201              		.thumb_func
 203              	USBD_CtlError:
 204              	.LVL22:
 205              	.LFB77:
 986:Middlewares/ST/STM32_USB_Device_Library/Core/Src/usbd_ctlreq.c ****   UNUSED(req);
 206              		.loc 1 986 1 is_stmt 1 view -0
 207              		.cfi_startproc
 208              		@ args = 0, pretend = 0, frame = 0
 209              		@ frame_needed = 0, uses_anonymous_args = 0
 986:Middlewares/ST/STM32_USB_Device_Library/Core/Src/usbd_ctlreq.c ****   UNUSED(req);
 210              		.loc 1 986 1 is_stmt 0 view .LVU81
 211 0000 10B5     		push	{r4, lr}
 212              	.LCFI0:
 213              		.cfi_def_cfa_offset 8
 214              		.cfi_offset 4, -8
 215              		.cfi_offset 14, -4
 216 0002 0446     		mov	r4, r0
 987:Middlewares/ST/STM32_USB_Device_Library/Core/Src/usbd_ctlreq.c **** 
 217              		.loc 1 987 3 is_stmt 1 view .LVU82
 989:Middlewares/ST/STM32_USB_Device_Library/Core/Src/usbd_ctlreq.c ****   (void)USBD_LL_StallEP(pdev, 0U);
 218              		.loc 1 989 3 view .LVU83
 989:Middlewares/ST/STM32_USB_Device_Library/Core/Src/usbd_ctlreq.c ****   (void)USBD_LL_StallEP(pdev, 0U);
 219              		.loc 1 989 9 is_stmt 0 view .LVU84
 220 0004 8021     		movs	r1, #128
 221              	.LVL23:
 989:Middlewares/ST/STM32_USB_Device_Library/Core/Src/usbd_ctlreq.c ****   (void)USBD_LL_StallEP(pdev, 0U);
 222              		.loc 1 989 9 view .LVU85
 223 0006 FFF7FEFF 		bl	USBD_LL_StallEP
 224              	.LVL24:
 990:Middlewares/ST/STM32_USB_Device_Library/Core/Src/usbd_ctlreq.c **** }
 225              		.loc 1 990 3 is_stmt 1 view .LVU86
 990:Middlewares/ST/STM32_USB_Device_Library/Core/Src/usbd_ctlreq.c **** }
 226              		.loc 1 990 9 is_stmt 0 view .LVU87
 227 000a 0021     		movs	r1, #0
 228 000c 2046     		mov	r0, r4
ARM GAS  /tmp/ccQZPXS1.s 			page 32


 229 000e FFF7FEFF 		bl	USBD_LL_StallEP
 230              	.LVL25:
 991:Middlewares/ST/STM32_USB_Device_Library/Core/Src/usbd_ctlreq.c **** 
 231              		.loc 1 991 1 view .LVU88
 232 0012 10BD     		pop	{r4, pc}
 991:Middlewares/ST/STM32_USB_Device_Library/Core/Src/usbd_ctlreq.c **** 
 233              		.loc 1 991 1 view .LVU89
 234              		.cfi_endproc
 235              	.LFE77:
 237              		.section	.text.USBD_GetDescriptor,"ax",%progbits
 238              		.align	1
 239              		.syntax unified
 240              		.thumb
 241              		.thumb_func
 243              	USBD_GetDescriptor:
 244              	.LVL26:
 245              	.LFB69:
 435:Middlewares/ST/STM32_USB_Device_Library/Core/Src/usbd_ctlreq.c ****   uint16_t len = 0U;
 246              		.loc 1 435 1 is_stmt 1 view -0
 247              		.cfi_startproc
 248              		@ args = 0, pretend = 0, frame = 8
 249              		@ frame_needed = 0, uses_anonymous_args = 0
 435:Middlewares/ST/STM32_USB_Device_Library/Core/Src/usbd_ctlreq.c ****   uint16_t len = 0U;
 250              		.loc 1 435 1 is_stmt 0 view .LVU91
 251 0000 30B5     		push	{r4, r5, lr}
 252              	.LCFI1:
 253              		.cfi_def_cfa_offset 12
 254              		.cfi_offset 4, -12
 255              		.cfi_offset 5, -8
 256              		.cfi_offset 14, -4
 257 0002 83B0     		sub	sp, sp, #12
 258              	.LCFI2:
 259              		.cfi_def_cfa_offset 24
 260 0004 0446     		mov	r4, r0
 261 0006 0D46     		mov	r5, r1
 436:Middlewares/ST/STM32_USB_Device_Library/Core/Src/usbd_ctlreq.c ****   uint8_t *pbuf = NULL;
 262              		.loc 1 436 3 is_stmt 1 view .LVU92
 436:Middlewares/ST/STM32_USB_Device_Library/Core/Src/usbd_ctlreq.c ****   uint8_t *pbuf = NULL;
 263              		.loc 1 436 12 is_stmt 0 view .LVU93
 264 0008 0023     		movs	r3, #0
 265 000a ADF80630 		strh	r3, [sp, #6]	@ movhi
 437:Middlewares/ST/STM32_USB_Device_Library/Core/Src/usbd_ctlreq.c ****   uint8_t err = 0U;
 266              		.loc 1 437 3 is_stmt 1 view .LVU94
 267              	.LVL27:
 438:Middlewares/ST/STM32_USB_Device_Library/Core/Src/usbd_ctlreq.c **** 
 268              		.loc 1 438 3 view .LVU95
 440:Middlewares/ST/STM32_USB_Device_Library/Core/Src/usbd_ctlreq.c ****   {
 269              		.loc 1 440 3 view .LVU96
 440:Middlewares/ST/STM32_USB_Device_Library/Core/Src/usbd_ctlreq.c ****   {
 270              		.loc 1 440 14 is_stmt 0 view .LVU97
 271 000e 4A88     		ldrh	r2, [r1, #2]
 440:Middlewares/ST/STM32_USB_Device_Library/Core/Src/usbd_ctlreq.c ****   {
 272              		.loc 1 440 23 view .LVU98
 273 0010 130A     		lsrs	r3, r2, #8
 440:Middlewares/ST/STM32_USB_Device_Library/Core/Src/usbd_ctlreq.c ****   {
 274              		.loc 1 440 3 view .LVU99
 275 0012 013B     		subs	r3, r3, #1
ARM GAS  /tmp/ccQZPXS1.s 			page 33


 276 0014 062B     		cmp	r3, #6
 277 0016 00F2AB80 		bhi	.L8
 278 001a DFE803F0 		tbb	[pc, r3]
 279              	.LVL28:
 280              	.L10:
 281 001e 04       		.byte	(.L14-.L10)/2
 282 001f 1F       		.byte	(.L13-.L10)/2
 283 0020 33       		.byte	(.L12-.L10)/2
 284 0021 A9       		.byte	(.L8-.L10)/2
 285 0022 A9       		.byte	(.L8-.L10)/2
 286 0023 8D       		.byte	(.L11-.L10)/2
 287 0024 9A       		.byte	(.L9-.L10)/2
 288 0025 00       		.p2align 1
 289              	.L14:
 456:Middlewares/ST/STM32_USB_Device_Library/Core/Src/usbd_ctlreq.c ****       break;
 290              		.loc 1 456 7 is_stmt 1 view .LVU100
 456:Middlewares/ST/STM32_USB_Device_Library/Core/Src/usbd_ctlreq.c ****       break;
 291              		.loc 1 456 18 is_stmt 0 view .LVU101
 292 0026 D0F8B432 		ldr	r3, [r0, #692]
 456:Middlewares/ST/STM32_USB_Device_Library/Core/Src/usbd_ctlreq.c ****       break;
 293              		.loc 1 456 25 view .LVU102
 294 002a 1B68     		ldr	r3, [r3]
 456:Middlewares/ST/STM32_USB_Device_Library/Core/Src/usbd_ctlreq.c ****       break;
 295              		.loc 1 456 14 view .LVU103
 296 002c 0DF10601 		add	r1, sp, #6
 297 0030 007C     		ldrb	r0, [r0, #16]	@ zero_extendqisi2
 298              	.LVL29:
 456:Middlewares/ST/STM32_USB_Device_Library/Core/Src/usbd_ctlreq.c ****       break;
 299              		.loc 1 456 14 view .LVU104
 300 0032 9847     		blx	r3
 301              	.LVL30:
 457:Middlewares/ST/STM32_USB_Device_Library/Core/Src/usbd_ctlreq.c **** 
 302              		.loc 1 457 7 is_stmt 1 view .LVU105
 657:Middlewares/ST/STM32_USB_Device_Library/Core/Src/usbd_ctlreq.c ****   {
 303              		.loc 1 657 3 view .LVU106
 304              	.L15:
 662:Middlewares/ST/STM32_USB_Device_Library/Core/Src/usbd_ctlreq.c ****   {
 305              		.loc 1 662 3 view .LVU107
 662:Middlewares/ST/STM32_USB_Device_Library/Core/Src/usbd_ctlreq.c ****   {
 306              		.loc 1 662 10 is_stmt 0 view .LVU108
 307 0034 EA88     		ldrh	r2, [r5, #6]
 662:Middlewares/ST/STM32_USB_Device_Library/Core/Src/usbd_ctlreq.c ****   {
 308              		.loc 1 662 6 view .LVU109
 309 0036 002A     		cmp	r2, #0
 310 0038 00F0A380 		beq	.L35
 664:Middlewares/ST/STM32_USB_Device_Library/Core/Src/usbd_ctlreq.c ****     {
 311              		.loc 1 664 5 is_stmt 1 view .LVU110
 664:Middlewares/ST/STM32_USB_Device_Library/Core/Src/usbd_ctlreq.c ****     {
 312              		.loc 1 664 13 is_stmt 0 view .LVU111
 313 003c BDF80630 		ldrh	r3, [sp, #6]
 664:Middlewares/ST/STM32_USB_Device_Library/Core/Src/usbd_ctlreq.c ****     {
 314              		.loc 1 664 8 view .LVU112
 315 0040 002B     		cmp	r3, #0
 316 0042 00F09980 		beq	.L36
 666:Middlewares/ST/STM32_USB_Device_Library/Core/Src/usbd_ctlreq.c ****       (void)USBD_CtlSendData(pdev, pbuf, len);
 317              		.loc 1 666 7 is_stmt 1 view .LVU113
 666:Middlewares/ST/STM32_USB_Device_Library/Core/Src/usbd_ctlreq.c ****       (void)USBD_CtlSendData(pdev, pbuf, len);
ARM GAS  /tmp/ccQZPXS1.s 			page 34


 318              		.loc 1 666 13 is_stmt 0 view .LVU114
 319 0046 9A42     		cmp	r2, r3
 320 0048 28BF     		it	cs
 321 004a 1A46     		movcs	r2, r3
 666:Middlewares/ST/STM32_USB_Device_Library/Core/Src/usbd_ctlreq.c ****       (void)USBD_CtlSendData(pdev, pbuf, len);
 322              		.loc 1 666 11 view .LVU115
 323 004c ADF80620 		strh	r2, [sp, #6]	@ movhi
 667:Middlewares/ST/STM32_USB_Device_Library/Core/Src/usbd_ctlreq.c ****     }
 324              		.loc 1 667 7 is_stmt 1 view .LVU116
 667:Middlewares/ST/STM32_USB_Device_Library/Core/Src/usbd_ctlreq.c ****     }
 325              		.loc 1 667 13 is_stmt 0 view .LVU117
 326 0050 0146     		mov	r1, r0
 327 0052 2046     		mov	r0, r4
 328              	.LVL31:
 667:Middlewares/ST/STM32_USB_Device_Library/Core/Src/usbd_ctlreq.c ****     }
 329              		.loc 1 667 13 view .LVU118
 330 0054 FFF7FEFF 		bl	USBD_CtlSendData
 331              	.LVL32:
 332              	.L7:
 678:Middlewares/ST/STM32_USB_Device_Library/Core/Src/usbd_ctlreq.c **** 
 333              		.loc 1 678 1 view .LVU119
 334 0058 03B0     		add	sp, sp, #12
 335              	.LCFI3:
 336              		.cfi_remember_state
 337              		.cfi_def_cfa_offset 12
 338              		@ sp needed
 339 005a 30BD     		pop	{r4, r5, pc}
 340              	.LVL33:
 341              	.L13:
 342              	.LCFI4:
 343              		.cfi_restore_state
 460:Middlewares/ST/STM32_USB_Device_Library/Core/Src/usbd_ctlreq.c ****       {
 344              		.loc 1 460 7 is_stmt 1 view .LVU120
 460:Middlewares/ST/STM32_USB_Device_Library/Core/Src/usbd_ctlreq.c ****       {
 345              		.loc 1 460 15 is_stmt 0 view .LVU121
 346 005c 037C     		ldrb	r3, [r0, #16]	@ zero_extendqisi2
 460:Middlewares/ST/STM32_USB_Device_Library/Core/Src/usbd_ctlreq.c ****       {
 347              		.loc 1 460 10 view .LVU122
 348 005e 43B9     		cbnz	r3, .L16
 470:Middlewares/ST/STM32_USB_Device_Library/Core/Src/usbd_ctlreq.c ****         }
 349              		.loc 1 470 11 is_stmt 1 view .LVU123
 470:Middlewares/ST/STM32_USB_Device_Library/Core/Src/usbd_ctlreq.c ****         }
 350              		.loc 1 470 41 is_stmt 0 view .LVU124
 351 0060 D0F8B832 		ldr	r3, [r0, #696]
 470:Middlewares/ST/STM32_USB_Device_Library/Core/Src/usbd_ctlreq.c ****         }
 352              		.loc 1 470 44 view .LVU125
 353 0064 9B6A     		ldr	r3, [r3, #40]
 470:Middlewares/ST/STM32_USB_Device_Library/Core/Src/usbd_ctlreq.c ****         }
 354              		.loc 1 470 18 view .LVU126
 355 0066 0DF10600 		add	r0, sp, #6
 356              	.LVL34:
 470:Middlewares/ST/STM32_USB_Device_Library/Core/Src/usbd_ctlreq.c ****         }
 357              		.loc 1 470 18 view .LVU127
 358 006a 9847     		blx	r3
 359              	.LVL35:
 472:Middlewares/ST/STM32_USB_Device_Library/Core/Src/usbd_ctlreq.c ****       }
 360              		.loc 1 472 9 is_stmt 1 view .LVU128
ARM GAS  /tmp/ccQZPXS1.s 			page 35


 472:Middlewares/ST/STM32_USB_Device_Library/Core/Src/usbd_ctlreq.c ****       }
 361              		.loc 1 472 17 is_stmt 0 view .LVU129
 362 006c 0223     		movs	r3, #2
 363 006e 4370     		strb	r3, [r0, #1]
 657:Middlewares/ST/STM32_USB_Device_Library/Core/Src/usbd_ctlreq.c ****   {
 364              		.loc 1 657 3 is_stmt 1 view .LVU130
 365 0070 E0E7     		b	.L15
 366              	.LVL36:
 367              	.L16:
 484:Middlewares/ST/STM32_USB_Device_Library/Core/Src/usbd_ctlreq.c ****         }
 368              		.loc 1 484 11 view .LVU131
 484:Middlewares/ST/STM32_USB_Device_Library/Core/Src/usbd_ctlreq.c ****         }
 369              		.loc 1 484 41 is_stmt 0 view .LVU132
 370 0072 D0F8B832 		ldr	r3, [r0, #696]
 484:Middlewares/ST/STM32_USB_Device_Library/Core/Src/usbd_ctlreq.c ****         }
 371              		.loc 1 484 44 view .LVU133
 372 0076 DB6A     		ldr	r3, [r3, #44]
 484:Middlewares/ST/STM32_USB_Device_Library/Core/Src/usbd_ctlreq.c ****         }
 373              		.loc 1 484 18 view .LVU134
 374 0078 0DF10600 		add	r0, sp, #6
 375              	.LVL37:
 484:Middlewares/ST/STM32_USB_Device_Library/Core/Src/usbd_ctlreq.c ****         }
 376              		.loc 1 484 18 view .LVU135
 377 007c 9847     		blx	r3
 378              	.LVL38:
 486:Middlewares/ST/STM32_USB_Device_Library/Core/Src/usbd_ctlreq.c ****       }
 379              		.loc 1 486 9 is_stmt 1 view .LVU136
 486:Middlewares/ST/STM32_USB_Device_Library/Core/Src/usbd_ctlreq.c ****       }
 380              		.loc 1 486 17 is_stmt 0 view .LVU137
 381 007e 0223     		movs	r3, #2
 382 0080 4370     		strb	r3, [r0, #1]
 657:Middlewares/ST/STM32_USB_Device_Library/Core/Src/usbd_ctlreq.c ****   {
 383              		.loc 1 657 3 is_stmt 1 view .LVU138
 384 0082 D7E7     		b	.L15
 385              	.LVL39:
 386              	.L12:
 491:Middlewares/ST/STM32_USB_Device_Library/Core/Src/usbd_ctlreq.c ****       {
 387              		.loc 1 491 7 view .LVU139
 491:Middlewares/ST/STM32_USB_Device_Library/Core/Src/usbd_ctlreq.c ****       {
 388              		.loc 1 491 15 is_stmt 0 view .LVU140
 389 0084 D2B2     		uxtb	r2, r2
 390 0086 052A     		cmp	r2, #5
 391 0088 52D8     		bhi	.L17
 392 008a DFE802F0 		tbb	[pc, r2]
 393              	.L19:
 394 008e 03       		.byte	(.L24-.L19)/2
 395 008f 10       		.byte	(.L23-.L19)/2
 396 0090 1D       		.byte	(.L22-.L19)/2
 397 0091 2A       		.byte	(.L21-.L19)/2
 398 0092 37       		.byte	(.L20-.L19)/2
 399 0093 44       		.byte	(.L18-.L19)/2
 400              		.p2align 1
 401              	.L24:
 494:Middlewares/ST/STM32_USB_Device_Library/Core/Src/usbd_ctlreq.c ****           {
 402              		.loc 1 494 11 is_stmt 1 view .LVU141
 494:Middlewares/ST/STM32_USB_Device_Library/Core/Src/usbd_ctlreq.c ****           {
 403              		.loc 1 494 19 is_stmt 0 view .LVU142
ARM GAS  /tmp/ccQZPXS1.s 			page 36


 404 0094 D0F8B432 		ldr	r3, [r0, #692]
 494:Middlewares/ST/STM32_USB_Device_Library/Core/Src/usbd_ctlreq.c ****           {
 405              		.loc 1 494 26 view .LVU143
 406 0098 5B68     		ldr	r3, [r3, #4]
 494:Middlewares/ST/STM32_USB_Device_Library/Core/Src/usbd_ctlreq.c ****           {
 407              		.loc 1 494 14 view .LVU144
 408 009a 23B1     		cbz	r3, .L25
 496:Middlewares/ST/STM32_USB_Device_Library/Core/Src/usbd_ctlreq.c ****           }
 409              		.loc 1 496 13 is_stmt 1 view .LVU145
 496:Middlewares/ST/STM32_USB_Device_Library/Core/Src/usbd_ctlreq.c ****           }
 410              		.loc 1 496 20 is_stmt 0 view .LVU146
 411 009c 0DF10601 		add	r1, sp, #6
 412 00a0 007C     		ldrb	r0, [r0, #16]	@ zero_extendqisi2
 413              	.LVL40:
 496:Middlewares/ST/STM32_USB_Device_Library/Core/Src/usbd_ctlreq.c ****           }
 414              		.loc 1 496 20 view .LVU147
 415 00a2 9847     		blx	r3
 416              	.LVL41:
 657:Middlewares/ST/STM32_USB_Device_Library/Core/Src/usbd_ctlreq.c ****   {
 417              		.loc 1 657 3 is_stmt 1 view .LVU148
 418 00a4 C6E7     		b	.L15
 419              	.LVL42:
 420              	.L25:
 500:Middlewares/ST/STM32_USB_Device_Library/Core/Src/usbd_ctlreq.c ****             err++;
 421              		.loc 1 500 13 view .LVU149
 422 00a6 2946     		mov	r1, r5
 423 00a8 FFF7FEFF 		bl	USBD_CtlError
 424              	.LVL43:
 501:Middlewares/ST/STM32_USB_Device_Library/Core/Src/usbd_ctlreq.c ****           }
 425              		.loc 1 501 13 view .LVU150
 657:Middlewares/ST/STM32_USB_Device_Library/Core/Src/usbd_ctlreq.c ****   {
 426              		.loc 1 657 3 view .LVU151
 427 00ac D4E7     		b	.L7
 428              	.LVL44:
 429              	.L23:
 506:Middlewares/ST/STM32_USB_Device_Library/Core/Src/usbd_ctlreq.c ****           {
 430              		.loc 1 506 11 view .LVU152
 506:Middlewares/ST/STM32_USB_Device_Library/Core/Src/usbd_ctlreq.c ****           {
 431              		.loc 1 506 19 is_stmt 0 view .LVU153
 432 00ae D0F8B432 		ldr	r3, [r0, #692]
 506:Middlewares/ST/STM32_USB_Device_Library/Core/Src/usbd_ctlreq.c ****           {
 433              		.loc 1 506 26 view .LVU154
 434 00b2 9B68     		ldr	r3, [r3, #8]
 506:Middlewares/ST/STM32_USB_Device_Library/Core/Src/usbd_ctlreq.c ****           {
 435              		.loc 1 506 14 view .LVU155
 436 00b4 23B1     		cbz	r3, .L27
 508:Middlewares/ST/STM32_USB_Device_Library/Core/Src/usbd_ctlreq.c ****           }
 437              		.loc 1 508 13 is_stmt 1 view .LVU156
 508:Middlewares/ST/STM32_USB_Device_Library/Core/Src/usbd_ctlreq.c ****           }
 438              		.loc 1 508 20 is_stmt 0 view .LVU157
 439 00b6 0DF10601 		add	r1, sp, #6
 440 00ba 007C     		ldrb	r0, [r0, #16]	@ zero_extendqisi2
 441              	.LVL45:
 508:Middlewares/ST/STM32_USB_Device_Library/Core/Src/usbd_ctlreq.c ****           }
 442              		.loc 1 508 20 view .LVU158
 443 00bc 9847     		blx	r3
 444              	.LVL46:
ARM GAS  /tmp/ccQZPXS1.s 			page 37


 657:Middlewares/ST/STM32_USB_Device_Library/Core/Src/usbd_ctlreq.c ****   {
 445              		.loc 1 657 3 is_stmt 1 view .LVU159
 446 00be B9E7     		b	.L15
 447              	.LVL47:
 448              	.L27:
 512:Middlewares/ST/STM32_USB_Device_Library/Core/Src/usbd_ctlreq.c ****             err++;
 449              		.loc 1 512 13 view .LVU160
 450 00c0 2946     		mov	r1, r5
 451 00c2 FFF7FEFF 		bl	USBD_CtlError
 452              	.LVL48:
 513:Middlewares/ST/STM32_USB_Device_Library/Core/Src/usbd_ctlreq.c ****           }
 453              		.loc 1 513 13 view .LVU161
 657:Middlewares/ST/STM32_USB_Device_Library/Core/Src/usbd_ctlreq.c ****   {
 454              		.loc 1 657 3 view .LVU162
 455 00c6 C7E7     		b	.L7
 456              	.LVL49:
 457              	.L22:
 518:Middlewares/ST/STM32_USB_Device_Library/Core/Src/usbd_ctlreq.c ****           {
 458              		.loc 1 518 11 view .LVU163
 518:Middlewares/ST/STM32_USB_Device_Library/Core/Src/usbd_ctlreq.c ****           {
 459              		.loc 1 518 19 is_stmt 0 view .LVU164
 460 00c8 D0F8B432 		ldr	r3, [r0, #692]
 518:Middlewares/ST/STM32_USB_Device_Library/Core/Src/usbd_ctlreq.c ****           {
 461              		.loc 1 518 26 view .LVU165
 462 00cc DB68     		ldr	r3, [r3, #12]
 518:Middlewares/ST/STM32_USB_Device_Library/Core/Src/usbd_ctlreq.c ****           {
 463              		.loc 1 518 14 view .LVU166
 464 00ce 23B1     		cbz	r3, .L28
 520:Middlewares/ST/STM32_USB_Device_Library/Core/Src/usbd_ctlreq.c ****           }
 465              		.loc 1 520 13 is_stmt 1 view .LVU167
 520:Middlewares/ST/STM32_USB_Device_Library/Core/Src/usbd_ctlreq.c ****           }
 466              		.loc 1 520 20 is_stmt 0 view .LVU168
 467 00d0 0DF10601 		add	r1, sp, #6
 468 00d4 007C     		ldrb	r0, [r0, #16]	@ zero_extendqisi2
 469              	.LVL50:
 520:Middlewares/ST/STM32_USB_Device_Library/Core/Src/usbd_ctlreq.c ****           }
 470              		.loc 1 520 20 view .LVU169
 471 00d6 9847     		blx	r3
 472              	.LVL51:
 657:Middlewares/ST/STM32_USB_Device_Library/Core/Src/usbd_ctlreq.c ****   {
 473              		.loc 1 657 3 is_stmt 1 view .LVU170
 474 00d8 ACE7     		b	.L15
 475              	.LVL52:
 476              	.L28:
 524:Middlewares/ST/STM32_USB_Device_Library/Core/Src/usbd_ctlreq.c ****             err++;
 477              		.loc 1 524 13 view .LVU171
 478 00da 2946     		mov	r1, r5
 479 00dc FFF7FEFF 		bl	USBD_CtlError
 480              	.LVL53:
 525:Middlewares/ST/STM32_USB_Device_Library/Core/Src/usbd_ctlreq.c ****           }
 481              		.loc 1 525 13 view .LVU172
 657:Middlewares/ST/STM32_USB_Device_Library/Core/Src/usbd_ctlreq.c ****   {
 482              		.loc 1 657 3 view .LVU173
 483 00e0 BAE7     		b	.L7
 484              	.LVL54:
 485              	.L21:
 530:Middlewares/ST/STM32_USB_Device_Library/Core/Src/usbd_ctlreq.c ****           {
ARM GAS  /tmp/ccQZPXS1.s 			page 38


 486              		.loc 1 530 11 view .LVU174
 530:Middlewares/ST/STM32_USB_Device_Library/Core/Src/usbd_ctlreq.c ****           {
 487              		.loc 1 530 19 is_stmt 0 view .LVU175
 488 00e2 D0F8B432 		ldr	r3, [r0, #692]
 530:Middlewares/ST/STM32_USB_Device_Library/Core/Src/usbd_ctlreq.c ****           {
 489              		.loc 1 530 26 view .LVU176
 490 00e6 1B69     		ldr	r3, [r3, #16]
 530:Middlewares/ST/STM32_USB_Device_Library/Core/Src/usbd_ctlreq.c ****           {
 491              		.loc 1 530 14 view .LVU177
 492 00e8 23B1     		cbz	r3, .L29
 532:Middlewares/ST/STM32_USB_Device_Library/Core/Src/usbd_ctlreq.c ****           }
 493              		.loc 1 532 13 is_stmt 1 view .LVU178
 532:Middlewares/ST/STM32_USB_Device_Library/Core/Src/usbd_ctlreq.c ****           }
 494              		.loc 1 532 20 is_stmt 0 view .LVU179
 495 00ea 0DF10601 		add	r1, sp, #6
 496 00ee 007C     		ldrb	r0, [r0, #16]	@ zero_extendqisi2
 497              	.LVL55:
 532:Middlewares/ST/STM32_USB_Device_Library/Core/Src/usbd_ctlreq.c ****           }
 498              		.loc 1 532 20 view .LVU180
 499 00f0 9847     		blx	r3
 500              	.LVL56:
 657:Middlewares/ST/STM32_USB_Device_Library/Core/Src/usbd_ctlreq.c ****   {
 501              		.loc 1 657 3 is_stmt 1 view .LVU181
 502 00f2 9FE7     		b	.L15
 503              	.LVL57:
 504              	.L29:
 536:Middlewares/ST/STM32_USB_Device_Library/Core/Src/usbd_ctlreq.c ****             err++;
 505              		.loc 1 536 13 view .LVU182
 506 00f4 2946     		mov	r1, r5
 507 00f6 FFF7FEFF 		bl	USBD_CtlError
 508              	.LVL58:
 537:Middlewares/ST/STM32_USB_Device_Library/Core/Src/usbd_ctlreq.c ****           }
 509              		.loc 1 537 13 view .LVU183
 657:Middlewares/ST/STM32_USB_Device_Library/Core/Src/usbd_ctlreq.c ****   {
 510              		.loc 1 657 3 view .LVU184
 511 00fa ADE7     		b	.L7
 512              	.LVL59:
 513              	.L20:
 542:Middlewares/ST/STM32_USB_Device_Library/Core/Src/usbd_ctlreq.c ****           {
 514              		.loc 1 542 11 view .LVU185
 542:Middlewares/ST/STM32_USB_Device_Library/Core/Src/usbd_ctlreq.c ****           {
 515              		.loc 1 542 19 is_stmt 0 view .LVU186
 516 00fc D0F8B432 		ldr	r3, [r0, #692]
 542:Middlewares/ST/STM32_USB_Device_Library/Core/Src/usbd_ctlreq.c ****           {
 517              		.loc 1 542 26 view .LVU187
 518 0100 5B69     		ldr	r3, [r3, #20]
 542:Middlewares/ST/STM32_USB_Device_Library/Core/Src/usbd_ctlreq.c ****           {
 519              		.loc 1 542 14 view .LVU188
 520 0102 23B1     		cbz	r3, .L30
 544:Middlewares/ST/STM32_USB_Device_Library/Core/Src/usbd_ctlreq.c ****           }
 521              		.loc 1 544 13 is_stmt 1 view .LVU189
 544:Middlewares/ST/STM32_USB_Device_Library/Core/Src/usbd_ctlreq.c ****           }
 522              		.loc 1 544 20 is_stmt 0 view .LVU190
 523 0104 0DF10601 		add	r1, sp, #6
 524 0108 007C     		ldrb	r0, [r0, #16]	@ zero_extendqisi2
 525              	.LVL60:
 544:Middlewares/ST/STM32_USB_Device_Library/Core/Src/usbd_ctlreq.c ****           }
ARM GAS  /tmp/ccQZPXS1.s 			page 39


 526              		.loc 1 544 20 view .LVU191
 527 010a 9847     		blx	r3
 528              	.LVL61:
 657:Middlewares/ST/STM32_USB_Device_Library/Core/Src/usbd_ctlreq.c ****   {
 529              		.loc 1 657 3 is_stmt 1 view .LVU192
 530 010c 92E7     		b	.L15
 531              	.LVL62:
 532              	.L30:
 548:Middlewares/ST/STM32_USB_Device_Library/Core/Src/usbd_ctlreq.c ****             err++;
 533              		.loc 1 548 13 view .LVU193
 534 010e 2946     		mov	r1, r5
 535 0110 FFF7FEFF 		bl	USBD_CtlError
 536              	.LVL63:
 549:Middlewares/ST/STM32_USB_Device_Library/Core/Src/usbd_ctlreq.c ****           }
 537              		.loc 1 549 13 view .LVU194
 657:Middlewares/ST/STM32_USB_Device_Library/Core/Src/usbd_ctlreq.c ****   {
 538              		.loc 1 657 3 view .LVU195
 539 0114 A0E7     		b	.L7
 540              	.LVL64:
 541              	.L18:
 554:Middlewares/ST/STM32_USB_Device_Library/Core/Src/usbd_ctlreq.c ****           {
 542              		.loc 1 554 11 view .LVU196
 554:Middlewares/ST/STM32_USB_Device_Library/Core/Src/usbd_ctlreq.c ****           {
 543              		.loc 1 554 19 is_stmt 0 view .LVU197
 544 0116 D0F8B432 		ldr	r3, [r0, #692]
 554:Middlewares/ST/STM32_USB_Device_Library/Core/Src/usbd_ctlreq.c ****           {
 545              		.loc 1 554 26 view .LVU198
 546 011a 9B69     		ldr	r3, [r3, #24]
 554:Middlewares/ST/STM32_USB_Device_Library/Core/Src/usbd_ctlreq.c ****           {
 547              		.loc 1 554 14 view .LVU199
 548 011c 23B1     		cbz	r3, .L31
 556:Middlewares/ST/STM32_USB_Device_Library/Core/Src/usbd_ctlreq.c ****           }
 549              		.loc 1 556 13 is_stmt 1 view .LVU200
 556:Middlewares/ST/STM32_USB_Device_Library/Core/Src/usbd_ctlreq.c ****           }
 550              		.loc 1 556 20 is_stmt 0 view .LVU201
 551 011e 0DF10601 		add	r1, sp, #6
 552 0122 007C     		ldrb	r0, [r0, #16]	@ zero_extendqisi2
 553              	.LVL65:
 556:Middlewares/ST/STM32_USB_Device_Library/Core/Src/usbd_ctlreq.c ****           }
 554              		.loc 1 556 20 view .LVU202
 555 0124 9847     		blx	r3
 556              	.LVL66:
 657:Middlewares/ST/STM32_USB_Device_Library/Core/Src/usbd_ctlreq.c ****   {
 557              		.loc 1 657 3 is_stmt 1 view .LVU203
 558 0126 85E7     		b	.L15
 559              	.LVL67:
 560              	.L31:
 560:Middlewares/ST/STM32_USB_Device_Library/Core/Src/usbd_ctlreq.c ****             err++;
 561              		.loc 1 560 13 view .LVU204
 562 0128 2946     		mov	r1, r5
 563 012a FFF7FEFF 		bl	USBD_CtlError
 564              	.LVL68:
 561:Middlewares/ST/STM32_USB_Device_Library/Core/Src/usbd_ctlreq.c ****           }
 565              		.loc 1 561 13 view .LVU205
 657:Middlewares/ST/STM32_USB_Device_Library/Core/Src/usbd_ctlreq.c ****   {
 566              		.loc 1 657 3 view .LVU206
 567 012e 93E7     		b	.L7
ARM GAS  /tmp/ccQZPXS1.s 			page 40


 568              	.LVL69:
 569              	.L17:
 601:Middlewares/ST/STM32_USB_Device_Library/Core/Src/usbd_ctlreq.c ****           err++;
 570              		.loc 1 601 11 view .LVU207
 571 0130 2946     		mov	r1, r5
 572 0132 FFF7FEFF 		bl	USBD_CtlError
 573              	.LVL70:
 602:Middlewares/ST/STM32_USB_Device_Library/Core/Src/usbd_ctlreq.c **** #endif /* (USBD_CLASS_USER_STRING_DESC == 0U) && (USBD_SUPPORT_USER_STRING_DESC == 0U) */
 574              		.loc 1 602 11 view .LVU208
 604:Middlewares/ST/STM32_USB_Device_Library/Core/Src/usbd_ctlreq.c ****       }
 575              		.loc 1 604 11 view .LVU209
 657:Middlewares/ST/STM32_USB_Device_Library/Core/Src/usbd_ctlreq.c ****   {
 576              		.loc 1 657 3 view .LVU210
 577 0136 8FE7     		b	.L7
 578              	.LVL71:
 579              	.L11:
 609:Middlewares/ST/STM32_USB_Device_Library/Core/Src/usbd_ctlreq.c ****       {
 580              		.loc 1 609 7 view .LVU211
 609:Middlewares/ST/STM32_USB_Device_Library/Core/Src/usbd_ctlreq.c ****       {
 581              		.loc 1 609 15 is_stmt 0 view .LVU212
 582 0138 037C     		ldrb	r3, [r0, #16]	@ zero_extendqisi2
 609:Middlewares/ST/STM32_USB_Device_Library/Core/Src/usbd_ctlreq.c ****       {
 583              		.loc 1 609 10 view .LVU213
 584 013a 33B9     		cbnz	r3, .L32
 619:Middlewares/ST/STM32_USB_Device_Library/Core/Src/usbd_ctlreq.c ****         }
 585              		.loc 1 619 11 is_stmt 1 view .LVU214
 619:Middlewares/ST/STM32_USB_Device_Library/Core/Src/usbd_ctlreq.c ****         }
 586              		.loc 1 619 41 is_stmt 0 view .LVU215
 587 013c D0F8B832 		ldr	r3, [r0, #696]
 619:Middlewares/ST/STM32_USB_Device_Library/Core/Src/usbd_ctlreq.c ****         }
 588              		.loc 1 619 44 view .LVU216
 589 0140 5B6B     		ldr	r3, [r3, #52]
 619:Middlewares/ST/STM32_USB_Device_Library/Core/Src/usbd_ctlreq.c ****         }
 590              		.loc 1 619 18 view .LVU217
 591 0142 0DF10600 		add	r0, sp, #6
 592              	.LVL72:
 619:Middlewares/ST/STM32_USB_Device_Library/Core/Src/usbd_ctlreq.c ****         }
 593              		.loc 1 619 18 view .LVU218
 594 0146 9847     		blx	r3
 595              	.LVL73:
 657:Middlewares/ST/STM32_USB_Device_Library/Core/Src/usbd_ctlreq.c ****   {
 596              		.loc 1 657 3 is_stmt 1 view .LVU219
 597 0148 74E7     		b	.L15
 598              	.LVL74:
 599              	.L32:
 624:Middlewares/ST/STM32_USB_Device_Library/Core/Src/usbd_ctlreq.c ****         err++;
 600              		.loc 1 624 9 view .LVU220
 601 014a 2946     		mov	r1, r5
 602 014c FFF7FEFF 		bl	USBD_CtlError
 603              	.LVL75:
 625:Middlewares/ST/STM32_USB_Device_Library/Core/Src/usbd_ctlreq.c ****       }
 604              		.loc 1 625 9 view .LVU221
 657:Middlewares/ST/STM32_USB_Device_Library/Core/Src/usbd_ctlreq.c ****   {
 605              		.loc 1 657 3 view .LVU222
 606 0150 82E7     		b	.L7
 607              	.LVL76:
 608              	.L9:
ARM GAS  /tmp/ccQZPXS1.s 			page 41


 630:Middlewares/ST/STM32_USB_Device_Library/Core/Src/usbd_ctlreq.c ****       {
 609              		.loc 1 630 7 view .LVU223
 630:Middlewares/ST/STM32_USB_Device_Library/Core/Src/usbd_ctlreq.c ****       {
 610              		.loc 1 630 15 is_stmt 0 view .LVU224
 611 0152 037C     		ldrb	r3, [r0, #16]	@ zero_extendqisi2
 630:Middlewares/ST/STM32_USB_Device_Library/Core/Src/usbd_ctlreq.c ****       {
 612              		.loc 1 630 10 view .LVU225
 613 0154 43B9     		cbnz	r3, .L33
 640:Middlewares/ST/STM32_USB_Device_Library/Core/Src/usbd_ctlreq.c ****         }
 614              		.loc 1 640 11 is_stmt 1 view .LVU226
 640:Middlewares/ST/STM32_USB_Device_Library/Core/Src/usbd_ctlreq.c ****         }
 615              		.loc 1 640 41 is_stmt 0 view .LVU227
 616 0156 D0F8B832 		ldr	r3, [r0, #696]
 640:Middlewares/ST/STM32_USB_Device_Library/Core/Src/usbd_ctlreq.c ****         }
 617              		.loc 1 640 44 view .LVU228
 618 015a 1B6B     		ldr	r3, [r3, #48]
 640:Middlewares/ST/STM32_USB_Device_Library/Core/Src/usbd_ctlreq.c ****         }
 619              		.loc 1 640 18 view .LVU229
 620 015c 0DF10600 		add	r0, sp, #6
 621              	.LVL77:
 640:Middlewares/ST/STM32_USB_Device_Library/Core/Src/usbd_ctlreq.c ****         }
 622              		.loc 1 640 18 view .LVU230
 623 0160 9847     		blx	r3
 624              	.LVL78:
 642:Middlewares/ST/STM32_USB_Device_Library/Core/Src/usbd_ctlreq.c ****       }
 625              		.loc 1 642 9 is_stmt 1 view .LVU231
 642:Middlewares/ST/STM32_USB_Device_Library/Core/Src/usbd_ctlreq.c ****       }
 626              		.loc 1 642 17 is_stmt 0 view .LVU232
 627 0162 0723     		movs	r3, #7
 628 0164 4370     		strb	r3, [r0, #1]
 657:Middlewares/ST/STM32_USB_Device_Library/Core/Src/usbd_ctlreq.c ****   {
 629              		.loc 1 657 3 is_stmt 1 view .LVU233
 630 0166 65E7     		b	.L15
 631              	.LVL79:
 632              	.L33:
 646:Middlewares/ST/STM32_USB_Device_Library/Core/Src/usbd_ctlreq.c ****         err++;
 633              		.loc 1 646 9 view .LVU234
 634 0168 2946     		mov	r1, r5
 635 016a FFF7FEFF 		bl	USBD_CtlError
 636              	.LVL80:
 647:Middlewares/ST/STM32_USB_Device_Library/Core/Src/usbd_ctlreq.c ****       }
 637              		.loc 1 647 9 view .LVU235
 657:Middlewares/ST/STM32_USB_Device_Library/Core/Src/usbd_ctlreq.c ****   {
 638              		.loc 1 657 3 view .LVU236
 639 016e 73E7     		b	.L7
 640              	.LVL81:
 641              	.L8:
 652:Middlewares/ST/STM32_USB_Device_Library/Core/Src/usbd_ctlreq.c ****       err++;
 642              		.loc 1 652 7 view .LVU237
 643 0170 2946     		mov	r1, r5
 644 0172 FFF7FEFF 		bl	USBD_CtlError
 645              	.LVL82:
 653:Middlewares/ST/STM32_USB_Device_Library/Core/Src/usbd_ctlreq.c ****       break;
 646              		.loc 1 653 7 view .LVU238
 654:Middlewares/ST/STM32_USB_Device_Library/Core/Src/usbd_ctlreq.c ****   }
 647              		.loc 1 654 7 view .LVU239
 657:Middlewares/ST/STM32_USB_Device_Library/Core/Src/usbd_ctlreq.c ****   {
ARM GAS  /tmp/ccQZPXS1.s 			page 42


 648              		.loc 1 657 3 view .LVU240
 659:Middlewares/ST/STM32_USB_Device_Library/Core/Src/usbd_ctlreq.c ****   }
 649              		.loc 1 659 5 view .LVU241
 650 0176 6FE7     		b	.L7
 651              	.LVL83:
 652              	.L36:
 671:Middlewares/ST/STM32_USB_Device_Library/Core/Src/usbd_ctlreq.c ****     }
 653              		.loc 1 671 7 view .LVU242
 654 0178 2946     		mov	r1, r5
 655 017a 2046     		mov	r0, r4
 656              	.LVL84:
 671:Middlewares/ST/STM32_USB_Device_Library/Core/Src/usbd_ctlreq.c ****     }
 657              		.loc 1 671 7 is_stmt 0 view .LVU243
 658 017c FFF7FEFF 		bl	USBD_CtlError
 659              	.LVL85:
 660 0180 6AE7     		b	.L7
 661              	.LVL86:
 662              	.L35:
 676:Middlewares/ST/STM32_USB_Device_Library/Core/Src/usbd_ctlreq.c ****   }
 663              		.loc 1 676 5 is_stmt 1 view .LVU244
 676:Middlewares/ST/STM32_USB_Device_Library/Core/Src/usbd_ctlreq.c ****   }
 664              		.loc 1 676 11 is_stmt 0 view .LVU245
 665 0182 2046     		mov	r0, r4
 666              	.LVL87:
 676:Middlewares/ST/STM32_USB_Device_Library/Core/Src/usbd_ctlreq.c ****   }
 667              		.loc 1 676 11 view .LVU246
 668 0184 FFF7FEFF 		bl	USBD_CtlSendStatus
 669              	.LVL88:
 670 0188 66E7     		b	.L7
 671              		.cfi_endproc
 672              	.LFE69:
 674              		.section	.text.USBD_SetAddress,"ax",%progbits
 675              		.align	1
 676              		.syntax unified
 677              		.thumb
 678              		.thumb_func
 680              	USBD_SetAddress:
 681              	.LVL89:
 682              	.LFB70:
 689:Middlewares/ST/STM32_USB_Device_Library/Core/Src/usbd_ctlreq.c ****   uint8_t  dev_addr;
 683              		.loc 1 689 1 is_stmt 1 view -0
 684              		.cfi_startproc
 685              		@ args = 0, pretend = 0, frame = 0
 686              		@ frame_needed = 0, uses_anonymous_args = 0
 689:Middlewares/ST/STM32_USB_Device_Library/Core/Src/usbd_ctlreq.c ****   uint8_t  dev_addr;
 687              		.loc 1 689 1 is_stmt 0 view .LVU248
 688 0000 38B5     		push	{r3, r4, r5, lr}
 689              	.LCFI5:
 690              		.cfi_def_cfa_offset 16
 691              		.cfi_offset 3, -16
 692              		.cfi_offset 4, -12
 693              		.cfi_offset 5, -8
 694              		.cfi_offset 14, -4
 695 0002 0446     		mov	r4, r0
 690:Middlewares/ST/STM32_USB_Device_Library/Core/Src/usbd_ctlreq.c **** 
 696              		.loc 1 690 3 is_stmt 1 view .LVU249
 692:Middlewares/ST/STM32_USB_Device_Library/Core/Src/usbd_ctlreq.c ****   {
ARM GAS  /tmp/ccQZPXS1.s 			page 43


 697              		.loc 1 692 3 view .LVU250
 692:Middlewares/ST/STM32_USB_Device_Library/Core/Src/usbd_ctlreq.c ****   {
 698              		.loc 1 692 11 is_stmt 0 view .LVU251
 699 0004 8B88     		ldrh	r3, [r1, #4]
 692:Middlewares/ST/STM32_USB_Device_Library/Core/Src/usbd_ctlreq.c ****   {
 700              		.loc 1 692 6 view .LVU252
 701 0006 FBB9     		cbnz	r3, .L40
 692:Middlewares/ST/STM32_USB_Device_Library/Core/Src/usbd_ctlreq.c ****   {
 702              		.loc 1 692 34 discriminator 1 view .LVU253
 703 0008 CB88     		ldrh	r3, [r1, #6]
 692:Middlewares/ST/STM32_USB_Device_Library/Core/Src/usbd_ctlreq.c ****   {
 704              		.loc 1 692 27 discriminator 1 view .LVU254
 705 000a EBB9     		cbnz	r3, .L40
 692:Middlewares/ST/STM32_USB_Device_Library/Core/Src/usbd_ctlreq.c ****   {
 706              		.loc 1 692 58 discriminator 2 view .LVU255
 707 000c 4B88     		ldrh	r3, [r1, #2]
 692:Middlewares/ST/STM32_USB_Device_Library/Core/Src/usbd_ctlreq.c ****   {
 708              		.loc 1 692 51 discriminator 2 view .LVU256
 709 000e 7F2B     		cmp	r3, #127
 710 0010 1AD8     		bhi	.L40
 694:Middlewares/ST/STM32_USB_Device_Library/Core/Src/usbd_ctlreq.c **** 
 711              		.loc 1 694 5 is_stmt 1 view .LVU257
 694:Middlewares/ST/STM32_USB_Device_Library/Core/Src/usbd_ctlreq.c **** 
 712              		.loc 1 694 14 is_stmt 0 view .LVU258
 713 0012 03F07F05 		and	r5, r3, #127
 714              	.LVL90:
 696:Middlewares/ST/STM32_USB_Device_Library/Core/Src/usbd_ctlreq.c ****     {
 715              		.loc 1 696 5 is_stmt 1 view .LVU259
 696:Middlewares/ST/STM32_USB_Device_Library/Core/Src/usbd_ctlreq.c ****     {
 716              		.loc 1 696 13 is_stmt 0 view .LVU260
 717 0016 90F89C32 		ldrb	r3, [r0, #668]	@ zero_extendqisi2
 718 001a DBB2     		uxtb	r3, r3
 696:Middlewares/ST/STM32_USB_Device_Library/Core/Src/usbd_ctlreq.c ****     {
 719              		.loc 1 696 8 view .LVU261
 720 001c 032B     		cmp	r3, #3
 721 001e 0CD0     		beq	.L45
 702:Middlewares/ST/STM32_USB_Device_Library/Core/Src/usbd_ctlreq.c ****       (void)USBD_LL_SetUSBAddress(pdev, dev_addr);
 722              		.loc 1 702 7 is_stmt 1 view .LVU262
 702:Middlewares/ST/STM32_USB_Device_Library/Core/Src/usbd_ctlreq.c ****       (void)USBD_LL_SetUSBAddress(pdev, dev_addr);
 723              		.loc 1 702 25 is_stmt 0 view .LVU263
 724 0020 80F89E52 		strb	r5, [r0, #670]
 703:Middlewares/ST/STM32_USB_Device_Library/Core/Src/usbd_ctlreq.c ****       (void)USBD_CtlSendStatus(pdev);
 725              		.loc 1 703 7 is_stmt 1 view .LVU264
 703:Middlewares/ST/STM32_USB_Device_Library/Core/Src/usbd_ctlreq.c ****       (void)USBD_CtlSendStatus(pdev);
 726              		.loc 1 703 13 is_stmt 0 view .LVU265
 727 0024 2946     		mov	r1, r5
 728              	.LVL91:
 703:Middlewares/ST/STM32_USB_Device_Library/Core/Src/usbd_ctlreq.c ****       (void)USBD_CtlSendStatus(pdev);
 729              		.loc 1 703 13 view .LVU266
 730 0026 FFF7FEFF 		bl	USBD_LL_SetUSBAddress
 731              	.LVL92:
 704:Middlewares/ST/STM32_USB_Device_Library/Core/Src/usbd_ctlreq.c **** 
 732              		.loc 1 704 7 is_stmt 1 view .LVU267
 704:Middlewares/ST/STM32_USB_Device_Library/Core/Src/usbd_ctlreq.c **** 
 733              		.loc 1 704 13 is_stmt 0 view .LVU268
 734 002a 2046     		mov	r0, r4
 735 002c FFF7FEFF 		bl	USBD_CtlSendStatus
ARM GAS  /tmp/ccQZPXS1.s 			page 44


 736              	.LVL93:
 706:Middlewares/ST/STM32_USB_Device_Library/Core/Src/usbd_ctlreq.c ****       {
 737              		.loc 1 706 7 is_stmt 1 view .LVU269
 706:Middlewares/ST/STM32_USB_Device_Library/Core/Src/usbd_ctlreq.c ****       {
 738              		.loc 1 706 10 is_stmt 0 view .LVU270
 739 0030 35B1     		cbz	r5, .L43
 708:Middlewares/ST/STM32_USB_Device_Library/Core/Src/usbd_ctlreq.c ****       }
 740              		.loc 1 708 9 is_stmt 1 view .LVU271
 708:Middlewares/ST/STM32_USB_Device_Library/Core/Src/usbd_ctlreq.c ****       }
 741              		.loc 1 708 25 is_stmt 0 view .LVU272
 742 0032 0223     		movs	r3, #2
 743 0034 84F89C32 		strb	r3, [r4, #668]
 744 0038 09E0     		b	.L39
 745              	.LVL94:
 746              	.L45:
 698:Middlewares/ST/STM32_USB_Device_Library/Core/Src/usbd_ctlreq.c ****     }
 747              		.loc 1 698 7 is_stmt 1 view .LVU273
 748 003a FFF7FEFF 		bl	USBD_CtlError
 749              	.LVL95:
 698:Middlewares/ST/STM32_USB_Device_Library/Core/Src/usbd_ctlreq.c ****     }
 750              		.loc 1 698 7 is_stmt 0 view .LVU274
 751 003e 06E0     		b	.L39
 752              	.L43:
 712:Middlewares/ST/STM32_USB_Device_Library/Core/Src/usbd_ctlreq.c ****       }
 753              		.loc 1 712 9 is_stmt 1 view .LVU275
 712:Middlewares/ST/STM32_USB_Device_Library/Core/Src/usbd_ctlreq.c ****       }
 754              		.loc 1 712 25 is_stmt 0 view .LVU276
 755 0040 0123     		movs	r3, #1
 756 0042 84F89C32 		strb	r3, [r4, #668]
 757 0046 02E0     		b	.L39
 758              	.LVL96:
 759              	.L40:
 718:Middlewares/ST/STM32_USB_Device_Library/Core/Src/usbd_ctlreq.c ****   }
 760              		.loc 1 718 5 is_stmt 1 view .LVU277
 761 0048 2046     		mov	r0, r4
 762              	.LVL97:
 718:Middlewares/ST/STM32_USB_Device_Library/Core/Src/usbd_ctlreq.c ****   }
 763              		.loc 1 718 5 is_stmt 0 view .LVU278
 764 004a FFF7FEFF 		bl	USBD_CtlError
 765              	.LVL98:
 766              	.L39:
 720:Middlewares/ST/STM32_USB_Device_Library/Core/Src/usbd_ctlreq.c **** 
 767              		.loc 1 720 1 view .LVU279
 768 004e 38BD     		pop	{r3, r4, r5, pc}
 720:Middlewares/ST/STM32_USB_Device_Library/Core/Src/usbd_ctlreq.c **** 
 769              		.loc 1 720 1 view .LVU280
 770              		.cfi_endproc
 771              	.LFE70:
 773              		.section	.text.USBD_SetConfig,"ax",%progbits
 774              		.align	1
 775              		.syntax unified
 776              		.thumb
 777              		.thumb_func
 779              	USBD_SetConfig:
 780              	.LVL99:
 781              	.LFB71:
 730:Middlewares/ST/STM32_USB_Device_Library/Core/Src/usbd_ctlreq.c ****   USBD_StatusTypeDef ret = USBD_OK;
ARM GAS  /tmp/ccQZPXS1.s 			page 45


 782              		.loc 1 730 1 is_stmt 1 view -0
 783              		.cfi_startproc
 784              		@ args = 0, pretend = 0, frame = 0
 785              		@ frame_needed = 0, uses_anonymous_args = 0
 730:Middlewares/ST/STM32_USB_Device_Library/Core/Src/usbd_ctlreq.c ****   USBD_StatusTypeDef ret = USBD_OK;
 786              		.loc 1 730 1 is_stmt 0 view .LVU282
 787 0000 70B5     		push	{r4, r5, r6, lr}
 788              	.LCFI6:
 789              		.cfi_def_cfa_offset 16
 790              		.cfi_offset 4, -16
 791              		.cfi_offset 5, -12
 792              		.cfi_offset 6, -8
 793              		.cfi_offset 14, -4
 794 0002 0446     		mov	r4, r0
 795 0004 0E46     		mov	r6, r1
 731:Middlewares/ST/STM32_USB_Device_Library/Core/Src/usbd_ctlreq.c ****   static uint8_t cfgidx;
 796              		.loc 1 731 3 is_stmt 1 view .LVU283
 797              	.LVL100:
 732:Middlewares/ST/STM32_USB_Device_Library/Core/Src/usbd_ctlreq.c **** 
 798              		.loc 1 732 3 view .LVU284
 734:Middlewares/ST/STM32_USB_Device_Library/Core/Src/usbd_ctlreq.c **** 
 799              		.loc 1 734 3 view .LVU285
 734:Middlewares/ST/STM32_USB_Device_Library/Core/Src/usbd_ctlreq.c **** 
 800              		.loc 1 734 12 is_stmt 0 view .LVU286
 801 0006 8D78     		ldrb	r5, [r1, #2]	@ zero_extendqisi2
 734:Middlewares/ST/STM32_USB_Device_Library/Core/Src/usbd_ctlreq.c **** 
 802              		.loc 1 734 10 view .LVU287
 803 0008 2F4B     		ldr	r3, .L61
 804 000a 1D70     		strb	r5, [r3]
 736:Middlewares/ST/STM32_USB_Device_Library/Core/Src/usbd_ctlreq.c ****   {
 805              		.loc 1 736 3 is_stmt 1 view .LVU288
 736:Middlewares/ST/STM32_USB_Device_Library/Core/Src/usbd_ctlreq.c ****   {
 806              		.loc 1 736 6 is_stmt 0 view .LVU289
 807 000c 012D     		cmp	r5, #1
 808 000e 10D8     		bhi	.L59
 742:Middlewares/ST/STM32_USB_Device_Library/Core/Src/usbd_ctlreq.c ****   {
 809              		.loc 1 742 3 is_stmt 1 view .LVU290
 742:Middlewares/ST/STM32_USB_Device_Library/Core/Src/usbd_ctlreq.c ****   {
 810              		.loc 1 742 15 is_stmt 0 view .LVU291
 811 0010 90F89C32 		ldrb	r3, [r0, #668]	@ zero_extendqisi2
 812 0014 DBB2     		uxtb	r3, r3
 742:Middlewares/ST/STM32_USB_Device_Library/Core/Src/usbd_ctlreq.c ****   {
 813              		.loc 1 742 3 view .LVU292
 814 0016 022B     		cmp	r3, #2
 815 0018 0FD0     		beq	.L49
 816 001a 032B     		cmp	r3, #3
 817 001c 26D0     		beq	.L50
 811:Middlewares/ST/STM32_USB_Device_Library/Core/Src/usbd_ctlreq.c ****       (void)USBD_ClrClassConfig(pdev, cfgidx);
 818              		.loc 1 811 7 is_stmt 1 view .LVU293
 819 001e FFF7FEFF 		bl	USBD_CtlError
 820              	.LVL101:
 812:Middlewares/ST/STM32_USB_Device_Library/Core/Src/usbd_ctlreq.c ****       ret = USBD_FAIL;
 821              		.loc 1 812 7 view .LVU294
 812:Middlewares/ST/STM32_USB_Device_Library/Core/Src/usbd_ctlreq.c ****       ret = USBD_FAIL;
 822              		.loc 1 812 13 is_stmt 0 view .LVU295
 823 0022 294B     		ldr	r3, .L61
 824 0024 1978     		ldrb	r1, [r3]	@ zero_extendqisi2
ARM GAS  /tmp/ccQZPXS1.s 			page 46


 825 0026 2046     		mov	r0, r4
 826 0028 FFF7FEFF 		bl	USBD_ClrClassConfig
 827              	.LVL102:
 813:Middlewares/ST/STM32_USB_Device_Library/Core/Src/usbd_ctlreq.c ****       break;
 828              		.loc 1 813 7 is_stmt 1 view .LVU296
 814:Middlewares/ST/STM32_USB_Device_Library/Core/Src/usbd_ctlreq.c ****   }
 829              		.loc 1 814 7 view .LVU297
 813:Middlewares/ST/STM32_USB_Device_Library/Core/Src/usbd_ctlreq.c ****       break;
 830              		.loc 1 813 11 is_stmt 0 view .LVU298
 831 002c 0325     		movs	r5, #3
 832              	.LVL103:
 833              	.L48:
 818:Middlewares/ST/STM32_USB_Device_Library/Core/Src/usbd_ctlreq.c **** 
 834              		.loc 1 818 1 view .LVU299
 835 002e 2846     		mov	r0, r5
 836 0030 70BD     		pop	{r4, r5, r6, pc}
 837              	.LVL104:
 838              	.L59:
 738:Middlewares/ST/STM32_USB_Device_Library/Core/Src/usbd_ctlreq.c ****     return USBD_FAIL;
 839              		.loc 1 738 5 is_stmt 1 view .LVU300
 840 0032 FFF7FEFF 		bl	USBD_CtlError
 841              	.LVL105:
 739:Middlewares/ST/STM32_USB_Device_Library/Core/Src/usbd_ctlreq.c ****   }
 842              		.loc 1 739 5 view .LVU301
 739:Middlewares/ST/STM32_USB_Device_Library/Core/Src/usbd_ctlreq.c ****   }
 843              		.loc 1 739 12 is_stmt 0 view .LVU302
 844 0036 0325     		movs	r5, #3
 845 0038 F9E7     		b	.L48
 846              	.LVL106:
 847              	.L49:
 745:Middlewares/ST/STM32_USB_Device_Library/Core/Src/usbd_ctlreq.c ****       {
 848              		.loc 1 745 7 is_stmt 1 view .LVU303
 745:Middlewares/ST/STM32_USB_Device_Library/Core/Src/usbd_ctlreq.c ****       {
 849              		.loc 1 745 10 is_stmt 0 view .LVU304
 850 003a A5B1     		cbz	r5, .L52
 747:Middlewares/ST/STM32_USB_Device_Library/Core/Src/usbd_ctlreq.c **** 
 851              		.loc 1 747 9 is_stmt 1 view .LVU305
 747:Middlewares/ST/STM32_USB_Device_Library/Core/Src/usbd_ctlreq.c **** 
 852              		.loc 1 747 26 is_stmt 0 view .LVU306
 853 003c 4560     		str	r5, [r0, #4]
 749:Middlewares/ST/STM32_USB_Device_Library/Core/Src/usbd_ctlreq.c **** 
 854              		.loc 1 749 9 is_stmt 1 view .LVU307
 749:Middlewares/ST/STM32_USB_Device_Library/Core/Src/usbd_ctlreq.c **** 
 855              		.loc 1 749 15 is_stmt 0 view .LVU308
 856 003e 2946     		mov	r1, r5
 857              	.LVL107:
 749:Middlewares/ST/STM32_USB_Device_Library/Core/Src/usbd_ctlreq.c **** 
 858              		.loc 1 749 15 view .LVU309
 859 0040 FFF7FEFF 		bl	USBD_SetClassConfig
 860              	.LVL108:
 751:Middlewares/ST/STM32_USB_Device_Library/Core/Src/usbd_ctlreq.c ****         {
 861              		.loc 1 751 9 is_stmt 1 view .LVU310
 751:Middlewares/ST/STM32_USB_Device_Library/Core/Src/usbd_ctlreq.c ****         {
 862              		.loc 1 751 12 is_stmt 0 view .LVU311
 863 0044 0546     		mov	r5, r0
 864 0046 38B1     		cbz	r0, .L53
 753:Middlewares/ST/STM32_USB_Device_Library/Core/Src/usbd_ctlreq.c ****           pdev->dev_state = USBD_STATE_ADDRESSED;
ARM GAS  /tmp/ccQZPXS1.s 			page 47


 865              		.loc 1 753 11 is_stmt 1 view .LVU312
 866 0048 3146     		mov	r1, r6
 867 004a 2046     		mov	r0, r4
 868              	.LVL109:
 753:Middlewares/ST/STM32_USB_Device_Library/Core/Src/usbd_ctlreq.c ****           pdev->dev_state = USBD_STATE_ADDRESSED;
 869              		.loc 1 753 11 is_stmt 0 view .LVU313
 870 004c FFF7FEFF 		bl	USBD_CtlError
 871              	.LVL110:
 754:Middlewares/ST/STM32_USB_Device_Library/Core/Src/usbd_ctlreq.c ****         }
 872              		.loc 1 754 11 is_stmt 1 view .LVU314
 754:Middlewares/ST/STM32_USB_Device_Library/Core/Src/usbd_ctlreq.c ****         }
 873              		.loc 1 754 27 is_stmt 0 view .LVU315
 874 0050 0223     		movs	r3, #2
 875 0052 84F89C32 		strb	r3, [r4, #668]
 876 0056 EAE7     		b	.L48
 877              	.LVL111:
 878              	.L53:
 758:Middlewares/ST/STM32_USB_Device_Library/Core/Src/usbd_ctlreq.c ****           pdev->dev_state = USBD_STATE_CONFIGURED;
 879              		.loc 1 758 11 is_stmt 1 view .LVU316
 758:Middlewares/ST/STM32_USB_Device_Library/Core/Src/usbd_ctlreq.c ****           pdev->dev_state = USBD_STATE_CONFIGURED;
 880              		.loc 1 758 17 is_stmt 0 view .LVU317
 881 0058 2046     		mov	r0, r4
 882              	.LVL112:
 758:Middlewares/ST/STM32_USB_Device_Library/Core/Src/usbd_ctlreq.c ****           pdev->dev_state = USBD_STATE_CONFIGURED;
 883              		.loc 1 758 17 view .LVU318
 884 005a FFF7FEFF 		bl	USBD_CtlSendStatus
 885              	.LVL113:
 759:Middlewares/ST/STM32_USB_Device_Library/Core/Src/usbd_ctlreq.c **** 
 886              		.loc 1 759 11 is_stmt 1 view .LVU319
 759:Middlewares/ST/STM32_USB_Device_Library/Core/Src/usbd_ctlreq.c **** 
 887              		.loc 1 759 27 is_stmt 0 view .LVU320
 888 005e 0323     		movs	r3, #3
 889 0060 84F89C32 		strb	r3, [r4, #668]
 890 0064 E3E7     		b	.L48
 891              	.LVL114:
 892              	.L52:
 771:Middlewares/ST/STM32_USB_Device_Library/Core/Src/usbd_ctlreq.c ****       }
 893              		.loc 1 771 9 is_stmt 1 view .LVU321
 771:Middlewares/ST/STM32_USB_Device_Library/Core/Src/usbd_ctlreq.c ****       }
 894              		.loc 1 771 15 is_stmt 0 view .LVU322
 895 0066 FFF7FEFF 		bl	USBD_CtlSendStatus
 896              	.LVL115:
 771:Middlewares/ST/STM32_USB_Device_Library/Core/Src/usbd_ctlreq.c ****       }
 897              		.loc 1 771 15 view .LVU323
 898 006a E0E7     		b	.L48
 899              	.LVL116:
 900              	.L50:
 776:Middlewares/ST/STM32_USB_Device_Library/Core/Src/usbd_ctlreq.c ****       {
 901              		.loc 1 776 7 is_stmt 1 view .LVU324
 776:Middlewares/ST/STM32_USB_Device_Library/Core/Src/usbd_ctlreq.c ****       {
 902              		.loc 1 776 10 is_stmt 0 view .LVU325
 903 006c CDB1     		cbz	r5, .L60
 783:Middlewares/ST/STM32_USB_Device_Library/Core/Src/usbd_ctlreq.c ****       {
 904              		.loc 1 783 12 is_stmt 1 view .LVU326
 783:Middlewares/ST/STM32_USB_Device_Library/Core/Src/usbd_ctlreq.c ****       {
 905              		.loc 1 783 30 is_stmt 0 view .LVU327
 906 006e 4168     		ldr	r1, [r0, #4]
ARM GAS  /tmp/ccQZPXS1.s 			page 48


 907              	.LVL117:
 783:Middlewares/ST/STM32_USB_Device_Library/Core/Src/usbd_ctlreq.c ****       {
 908              		.loc 1 783 15 view .LVU328
 909 0070 8D42     		cmp	r5, r1
 910 0072 25D0     		beq	.L55
 786:Middlewares/ST/STM32_USB_Device_Library/Core/Src/usbd_ctlreq.c **** 
 911              		.loc 1 786 9 is_stmt 1 view .LVU329
 786:Middlewares/ST/STM32_USB_Device_Library/Core/Src/usbd_ctlreq.c **** 
 912              		.loc 1 786 15 is_stmt 0 view .LVU330
 913 0074 C9B2     		uxtb	r1, r1
 914 0076 FFF7FEFF 		bl	USBD_ClrClassConfig
 915              	.LVL118:
 789:Middlewares/ST/STM32_USB_Device_Library/Core/Src/usbd_ctlreq.c **** 
 916              		.loc 1 789 9 is_stmt 1 view .LVU331
 789:Middlewares/ST/STM32_USB_Device_Library/Core/Src/usbd_ctlreq.c **** 
 917              		.loc 1 789 26 is_stmt 0 view .LVU332
 918 007a 134B     		ldr	r3, .L61
 919 007c 1978     		ldrb	r1, [r3]	@ zero_extendqisi2
 920 007e 6160     		str	r1, [r4, #4]
 791:Middlewares/ST/STM32_USB_Device_Library/Core/Src/usbd_ctlreq.c **** 
 921              		.loc 1 791 9 is_stmt 1 view .LVU333
 791:Middlewares/ST/STM32_USB_Device_Library/Core/Src/usbd_ctlreq.c **** 
 922              		.loc 1 791 15 is_stmt 0 view .LVU334
 923 0080 2046     		mov	r0, r4
 924 0082 FFF7FEFF 		bl	USBD_SetClassConfig
 925              	.LVL119:
 793:Middlewares/ST/STM32_USB_Device_Library/Core/Src/usbd_ctlreq.c ****         {
 926              		.loc 1 793 9 is_stmt 1 view .LVU335
 793:Middlewares/ST/STM32_USB_Device_Library/Core/Src/usbd_ctlreq.c ****         {
 927              		.loc 1 793 12 is_stmt 0 view .LVU336
 928 0086 0546     		mov	r5, r0
 929 0088 B0B1     		cbz	r0, .L56
 795:Middlewares/ST/STM32_USB_Device_Library/Core/Src/usbd_ctlreq.c ****           (void)USBD_ClrClassConfig(pdev, (uint8_t)pdev->dev_config);
 930              		.loc 1 795 11 is_stmt 1 view .LVU337
 931 008a 3146     		mov	r1, r6
 932 008c 2046     		mov	r0, r4
 933              	.LVL120:
 795:Middlewares/ST/STM32_USB_Device_Library/Core/Src/usbd_ctlreq.c ****           (void)USBD_ClrClassConfig(pdev, (uint8_t)pdev->dev_config);
 934              		.loc 1 795 11 is_stmt 0 view .LVU338
 935 008e FFF7FEFF 		bl	USBD_CtlError
 936              	.LVL121:
 796:Middlewares/ST/STM32_USB_Device_Library/Core/Src/usbd_ctlreq.c ****           pdev->dev_state = USBD_STATE_ADDRESSED;
 937              		.loc 1 796 11 is_stmt 1 view .LVU339
 796:Middlewares/ST/STM32_USB_Device_Library/Core/Src/usbd_ctlreq.c ****           pdev->dev_state = USBD_STATE_ADDRESSED;
 938              		.loc 1 796 17 is_stmt 0 view .LVU340
 939 0092 2179     		ldrb	r1, [r4, #4]	@ zero_extendqisi2
 940 0094 2046     		mov	r0, r4
 941 0096 FFF7FEFF 		bl	USBD_ClrClassConfig
 942              	.LVL122:
 797:Middlewares/ST/STM32_USB_Device_Library/Core/Src/usbd_ctlreq.c ****         }
 943              		.loc 1 797 11 is_stmt 1 view .LVU341
 797:Middlewares/ST/STM32_USB_Device_Library/Core/Src/usbd_ctlreq.c ****         }
 944              		.loc 1 797 27 is_stmt 0 view .LVU342
 945 009a 0223     		movs	r3, #2
 946 009c 84F89C32 		strb	r3, [r4, #668]
 947 00a0 C5E7     		b	.L48
 948              	.LVL123:
ARM GAS  /tmp/ccQZPXS1.s 			page 49


 949              	.L60:
 778:Middlewares/ST/STM32_USB_Device_Library/Core/Src/usbd_ctlreq.c ****         pdev->dev_config = cfgidx;
 950              		.loc 1 778 9 is_stmt 1 view .LVU343
 778:Middlewares/ST/STM32_USB_Device_Library/Core/Src/usbd_ctlreq.c ****         pdev->dev_config = cfgidx;
 951              		.loc 1 778 25 is_stmt 0 view .LVU344
 952 00a2 0223     		movs	r3, #2
 953 00a4 80F89C32 		strb	r3, [r0, #668]
 779:Middlewares/ST/STM32_USB_Device_Library/Core/Src/usbd_ctlreq.c ****         (void)USBD_ClrClassConfig(pdev, cfgidx);
 954              		.loc 1 779 9 is_stmt 1 view .LVU345
 779:Middlewares/ST/STM32_USB_Device_Library/Core/Src/usbd_ctlreq.c ****         (void)USBD_ClrClassConfig(pdev, cfgidx);
 955              		.loc 1 779 26 is_stmt 0 view .LVU346
 956 00a8 4560     		str	r5, [r0, #4]
 780:Middlewares/ST/STM32_USB_Device_Library/Core/Src/usbd_ctlreq.c ****         (void)USBD_CtlSendStatus(pdev);
 957              		.loc 1 780 9 is_stmt 1 view .LVU347
 780:Middlewares/ST/STM32_USB_Device_Library/Core/Src/usbd_ctlreq.c ****         (void)USBD_CtlSendStatus(pdev);
 958              		.loc 1 780 15 is_stmt 0 view .LVU348
 959 00aa 2946     		mov	r1, r5
 960              	.LVL124:
 780:Middlewares/ST/STM32_USB_Device_Library/Core/Src/usbd_ctlreq.c ****         (void)USBD_CtlSendStatus(pdev);
 961              		.loc 1 780 15 view .LVU349
 962 00ac FFF7FEFF 		bl	USBD_ClrClassConfig
 963              	.LVL125:
 781:Middlewares/ST/STM32_USB_Device_Library/Core/Src/usbd_ctlreq.c ****       }
 964              		.loc 1 781 9 is_stmt 1 view .LVU350
 781:Middlewares/ST/STM32_USB_Device_Library/Core/Src/usbd_ctlreq.c ****       }
 965              		.loc 1 781 15 is_stmt 0 view .LVU351
 966 00b0 2046     		mov	r0, r4
 967 00b2 FFF7FEFF 		bl	USBD_CtlSendStatus
 968              	.LVL126:
 969 00b6 BAE7     		b	.L48
 970              	.LVL127:
 971              	.L56:
 801:Middlewares/ST/STM32_USB_Device_Library/Core/Src/usbd_ctlreq.c ****         }
 972              		.loc 1 801 11 is_stmt 1 view .LVU352
 801:Middlewares/ST/STM32_USB_Device_Library/Core/Src/usbd_ctlreq.c ****         }
 973              		.loc 1 801 17 is_stmt 0 view .LVU353
 974 00b8 2046     		mov	r0, r4
 975              	.LVL128:
 801:Middlewares/ST/STM32_USB_Device_Library/Core/Src/usbd_ctlreq.c ****         }
 976              		.loc 1 801 17 view .LVU354
 977 00ba FFF7FEFF 		bl	USBD_CtlSendStatus
 978              	.LVL129:
 979 00be B6E7     		b	.L48
 980              	.LVL130:
 981              	.L55:
 806:Middlewares/ST/STM32_USB_Device_Library/Core/Src/usbd_ctlreq.c ****       }
 982              		.loc 1 806 9 is_stmt 1 view .LVU355
 806:Middlewares/ST/STM32_USB_Device_Library/Core/Src/usbd_ctlreq.c ****       }
 983              		.loc 1 806 15 is_stmt 0 view .LVU356
 984 00c0 FFF7FEFF 		bl	USBD_CtlSendStatus
 985              	.LVL131:
 731:Middlewares/ST/STM32_USB_Device_Library/Core/Src/usbd_ctlreq.c ****   static uint8_t cfgidx;
 986              		.loc 1 731 22 view .LVU357
 987 00c4 0025     		movs	r5, #0
 988 00c6 B2E7     		b	.L48
 989              	.L62:
 990              		.align	2
ARM GAS  /tmp/ccQZPXS1.s 			page 50


 991              	.L61:
 992 00c8 00000000 		.word	cfgidx.0
 993              		.cfi_endproc
 994              	.LFE71:
 996              		.section	.text.USBD_GetConfig,"ax",%progbits
 997              		.align	1
 998              		.syntax unified
 999              		.thumb
 1000              		.thumb_func
 1002              	USBD_GetConfig:
 1003              	.LVL132:
 1004              	.LFB72:
 828:Middlewares/ST/STM32_USB_Device_Library/Core/Src/usbd_ctlreq.c ****   if (req->wLength != 1U)
 1005              		.loc 1 828 1 is_stmt 1 view -0
 1006              		.cfi_startproc
 1007              		@ args = 0, pretend = 0, frame = 0
 1008              		@ frame_needed = 0, uses_anonymous_args = 0
 828:Middlewares/ST/STM32_USB_Device_Library/Core/Src/usbd_ctlreq.c ****   if (req->wLength != 1U)
 1009              		.loc 1 828 1 is_stmt 0 view .LVU359
 1010 0000 08B5     		push	{r3, lr}
 1011              	.LCFI7:
 1012              		.cfi_def_cfa_offset 8
 1013              		.cfi_offset 3, -8
 1014              		.cfi_offset 14, -4
 829:Middlewares/ST/STM32_USB_Device_Library/Core/Src/usbd_ctlreq.c ****   {
 1015              		.loc 1 829 3 is_stmt 1 view .LVU360
 829:Middlewares/ST/STM32_USB_Device_Library/Core/Src/usbd_ctlreq.c ****   {
 1016              		.loc 1 829 10 is_stmt 0 view .LVU361
 1017 0002 CB88     		ldrh	r3, [r1, #6]
 829:Middlewares/ST/STM32_USB_Device_Library/Core/Src/usbd_ctlreq.c ****   {
 1018              		.loc 1 829 6 view .LVU362
 1019 0004 012B     		cmp	r3, #1
 1020 0006 0BD1     		bne	.L71
 835:Middlewares/ST/STM32_USB_Device_Library/Core/Src/usbd_ctlreq.c ****     {
 1021              		.loc 1 835 5 is_stmt 1 view .LVU363
 835:Middlewares/ST/STM32_USB_Device_Library/Core/Src/usbd_ctlreq.c ****     {
 1022              		.loc 1 835 17 is_stmt 0 view .LVU364
 1023 0008 90F89C32 		ldrb	r3, [r0, #668]	@ zero_extendqisi2
 1024 000c DBB2     		uxtb	r3, r3
 835:Middlewares/ST/STM32_USB_Device_Library/Core/Src/usbd_ctlreq.c ****     {
 1025              		.loc 1 835 5 view .LVU365
 1026 000e 022B     		cmp	r3, #2
 1027 0010 09D9     		bls	.L72
 1028 0012 032B     		cmp	r3, #3
 1029 0014 11D1     		bne	.L68
 844:Middlewares/ST/STM32_USB_Device_Library/Core/Src/usbd_ctlreq.c ****         break;
 1030              		.loc 1 844 9 is_stmt 1 view .LVU366
 844:Middlewares/ST/STM32_USB_Device_Library/Core/Src/usbd_ctlreq.c ****         break;
 1031              		.loc 1 844 15 is_stmt 0 view .LVU367
 1032 0016 0122     		movs	r2, #1
 1033 0018 011D     		adds	r1, r0, #4
 1034              	.LVL133:
 844:Middlewares/ST/STM32_USB_Device_Library/Core/Src/usbd_ctlreq.c ****         break;
 1035              		.loc 1 844 15 view .LVU368
 1036 001a FFF7FEFF 		bl	USBD_CtlSendData
 1037              	.LVL134:
 845:Middlewares/ST/STM32_USB_Device_Library/Core/Src/usbd_ctlreq.c **** 
ARM GAS  /tmp/ccQZPXS1.s 			page 51


 1038              		.loc 1 845 9 is_stmt 1 view .LVU369
 1039 001e 01E0     		b	.L63
 1040              	.LVL135:
 1041              	.L71:
 831:Middlewares/ST/STM32_USB_Device_Library/Core/Src/usbd_ctlreq.c ****   }
 1042              		.loc 1 831 5 view .LVU370
 1043 0020 FFF7FEFF 		bl	USBD_CtlError
 1044              	.LVL136:
 1045              	.L63:
 852:Middlewares/ST/STM32_USB_Device_Library/Core/Src/usbd_ctlreq.c **** 
 1046              		.loc 1 852 1 is_stmt 0 view .LVU371
 1047 0024 08BD     		pop	{r3, pc}
 1048              	.LVL137:
 1049              	.L72:
 835:Middlewares/ST/STM32_USB_Device_Library/Core/Src/usbd_ctlreq.c ****     {
 1050              		.loc 1 835 5 view .LVU372
 1051 0026 5BB2     		sxtb	r3, r3
 1052 0028 3BB1     		cbz	r3, .L68
 839:Middlewares/ST/STM32_USB_Device_Library/Core/Src/usbd_ctlreq.c ****         (void)USBD_CtlSendData(pdev, (uint8_t *)&pdev->dev_default_config, 1U);
 1053              		.loc 1 839 9 is_stmt 1 view .LVU373
 839:Middlewares/ST/STM32_USB_Device_Library/Core/Src/usbd_ctlreq.c ****         (void)USBD_CtlSendData(pdev, (uint8_t *)&pdev->dev_default_config, 1U);
 1054              		.loc 1 839 34 is_stmt 0 view .LVU374
 1055 002a 0146     		mov	r1, r0
 1056              	.LVL138:
 839:Middlewares/ST/STM32_USB_Device_Library/Core/Src/usbd_ctlreq.c ****         (void)USBD_CtlSendData(pdev, (uint8_t *)&pdev->dev_default_config, 1U);
 1057              		.loc 1 839 34 view .LVU375
 1058 002c 0023     		movs	r3, #0
 1059 002e 41F8083F 		str	r3, [r1, #8]!
 840:Middlewares/ST/STM32_USB_Device_Library/Core/Src/usbd_ctlreq.c ****         break;
 1060              		.loc 1 840 9 is_stmt 1 view .LVU376
 840:Middlewares/ST/STM32_USB_Device_Library/Core/Src/usbd_ctlreq.c ****         break;
 1061              		.loc 1 840 15 is_stmt 0 view .LVU377
 1062 0032 0122     		movs	r2, #1
 1063 0034 FFF7FEFF 		bl	USBD_CtlSendData
 1064              	.LVL139:
 841:Middlewares/ST/STM32_USB_Device_Library/Core/Src/usbd_ctlreq.c **** 
 1065              		.loc 1 841 9 is_stmt 1 view .LVU378
 1066 0038 F4E7     		b	.L63
 1067              	.LVL140:
 1068              	.L68:
 848:Middlewares/ST/STM32_USB_Device_Library/Core/Src/usbd_ctlreq.c ****         break;
 1069              		.loc 1 848 9 view .LVU379
 1070 003a FFF7FEFF 		bl	USBD_CtlError
 1071              	.LVL141:
 849:Middlewares/ST/STM32_USB_Device_Library/Core/Src/usbd_ctlreq.c ****     }
 1072              		.loc 1 849 9 view .LVU380
 852:Middlewares/ST/STM32_USB_Device_Library/Core/Src/usbd_ctlreq.c **** 
 1073              		.loc 1 852 1 is_stmt 0 view .LVU381
 1074 003e F1E7     		b	.L63
 1075              		.cfi_endproc
 1076              	.LFE72:
 1078              		.section	.text.USBD_GetStatus,"ax",%progbits
 1079              		.align	1
 1080              		.syntax unified
 1081              		.thumb
 1082              		.thumb_func
 1084              	USBD_GetStatus:
ARM GAS  /tmp/ccQZPXS1.s 			page 52


 1085              	.LVL142:
 1086              	.LFB73:
 862:Middlewares/ST/STM32_USB_Device_Library/Core/Src/usbd_ctlreq.c ****   switch (pdev->dev_state)
 1087              		.loc 1 862 1 is_stmt 1 view -0
 1088              		.cfi_startproc
 1089              		@ args = 0, pretend = 0, frame = 0
 1090              		@ frame_needed = 0, uses_anonymous_args = 0
 862:Middlewares/ST/STM32_USB_Device_Library/Core/Src/usbd_ctlreq.c ****   switch (pdev->dev_state)
 1091              		.loc 1 862 1 is_stmt 0 view .LVU383
 1092 0000 08B5     		push	{r3, lr}
 1093              	.LCFI8:
 1094              		.cfi_def_cfa_offset 8
 1095              		.cfi_offset 3, -8
 1096              		.cfi_offset 14, -4
 863:Middlewares/ST/STM32_USB_Device_Library/Core/Src/usbd_ctlreq.c ****   {
 1097              		.loc 1 863 3 is_stmt 1 view .LVU384
 863:Middlewares/ST/STM32_USB_Device_Library/Core/Src/usbd_ctlreq.c ****   {
 1098              		.loc 1 863 15 is_stmt 0 view .LVU385
 1099 0002 90F89C32 		ldrb	r3, [r0, #668]	@ zero_extendqisi2
 863:Middlewares/ST/STM32_USB_Device_Library/Core/Src/usbd_ctlreq.c ****   {
 1100              		.loc 1 863 3 view .LVU386
 1101 0006 013B     		subs	r3, r3, #1
 1102 0008 022B     		cmp	r3, #2
 1103 000a 12D8     		bhi	.L74
 868:Middlewares/ST/STM32_USB_Device_Library/Core/Src/usbd_ctlreq.c ****       {
 1104              		.loc 1 868 7 is_stmt 1 view .LVU387
 868:Middlewares/ST/STM32_USB_Device_Library/Core/Src/usbd_ctlreq.c ****       {
 1105              		.loc 1 868 14 is_stmt 0 view .LVU388
 1106 000c CB88     		ldrh	r3, [r1, #6]
 868:Middlewares/ST/STM32_USB_Device_Library/Core/Src/usbd_ctlreq.c ****       {
 1107              		.loc 1 868 10 view .LVU389
 1108 000e 022B     		cmp	r3, #2
 1109 0010 0CD1     		bne	.L79
 877:Middlewares/ST/STM32_USB_Device_Library/Core/Src/usbd_ctlreq.c **** #endif /* USBD_SELF_POWERED */
 1110              		.loc 1 877 7 is_stmt 1 view .LVU390
 877:Middlewares/ST/STM32_USB_Device_Library/Core/Src/usbd_ctlreq.c **** #endif /* USBD_SELF_POWERED */
 1111              		.loc 1 877 31 is_stmt 0 view .LVU391
 1112 0012 0023     		movs	r3, #0
 1113 0014 C360     		str	r3, [r0, #12]
 880:Middlewares/ST/STM32_USB_Device_Library/Core/Src/usbd_ctlreq.c ****       {
 1114              		.loc 1 880 7 is_stmt 1 view .LVU392
 880:Middlewares/ST/STM32_USB_Device_Library/Core/Src/usbd_ctlreq.c ****       {
 1115              		.loc 1 880 15 is_stmt 0 view .LVU393
 1116 0016 D0F8A432 		ldr	r3, [r0, #676]
 880:Middlewares/ST/STM32_USB_Device_Library/Core/Src/usbd_ctlreq.c ****       {
 1117              		.loc 1 880 10 view .LVU394
 1118 001a 0BB1     		cbz	r3, .L77
 882:Middlewares/ST/STM32_USB_Device_Library/Core/Src/usbd_ctlreq.c ****       }
 1119              		.loc 1 882 9 is_stmt 1 view .LVU395
 882:Middlewares/ST/STM32_USB_Device_Library/Core/Src/usbd_ctlreq.c ****       }
 1120              		.loc 1 882 33 is_stmt 0 view .LVU396
 1121 001c 0223     		movs	r3, #2
 1122 001e C360     		str	r3, [r0, #12]
 1123              	.L77:
 885:Middlewares/ST/STM32_USB_Device_Library/Core/Src/usbd_ctlreq.c ****       break;
 1124              		.loc 1 885 7 is_stmt 1 view .LVU397
 885:Middlewares/ST/STM32_USB_Device_Library/Core/Src/usbd_ctlreq.c ****       break;
ARM GAS  /tmp/ccQZPXS1.s 			page 53


 1125              		.loc 1 885 13 is_stmt 0 view .LVU398
 1126 0020 0222     		movs	r2, #2
 1127 0022 00F10C01 		add	r1, r0, #12
 1128              	.LVL143:
 885:Middlewares/ST/STM32_USB_Device_Library/Core/Src/usbd_ctlreq.c ****       break;
 1129              		.loc 1 885 13 view .LVU399
 1130 0026 FFF7FEFF 		bl	USBD_CtlSendData
 1131              	.LVL144:
 886:Middlewares/ST/STM32_USB_Device_Library/Core/Src/usbd_ctlreq.c **** 
 1132              		.loc 1 886 7 is_stmt 1 view .LVU400
 1133              	.L73:
 892:Middlewares/ST/STM32_USB_Device_Library/Core/Src/usbd_ctlreq.c **** 
 1134              		.loc 1 892 1 is_stmt 0 view .LVU401
 1135 002a 08BD     		pop	{r3, pc}
 1136              	.LVL145:
 1137              	.L79:
 870:Middlewares/ST/STM32_USB_Device_Library/Core/Src/usbd_ctlreq.c ****         break;
 1138              		.loc 1 870 9 is_stmt 1 view .LVU402
 1139 002c FFF7FEFF 		bl	USBD_CtlError
 1140              	.LVL146:
 871:Middlewares/ST/STM32_USB_Device_Library/Core/Src/usbd_ctlreq.c ****       }
 1141              		.loc 1 871 9 view .LVU403
 1142 0030 FBE7     		b	.L73
 1143              	.LVL147:
 1144              	.L74:
 889:Middlewares/ST/STM32_USB_Device_Library/Core/Src/usbd_ctlreq.c ****       break;
 1145              		.loc 1 889 7 view .LVU404
 1146 0032 FFF7FEFF 		bl	USBD_CtlError
 1147              	.LVL148:
 890:Middlewares/ST/STM32_USB_Device_Library/Core/Src/usbd_ctlreq.c ****   }
 1148              		.loc 1 890 7 view .LVU405
 892:Middlewares/ST/STM32_USB_Device_Library/Core/Src/usbd_ctlreq.c **** 
 1149              		.loc 1 892 1 is_stmt 0 view .LVU406
 1150 0036 F8E7     		b	.L73
 1151              		.cfi_endproc
 1152              	.LFE73:
 1154              		.section	.text.USBD_SetFeature,"ax",%progbits
 1155              		.align	1
 1156              		.syntax unified
 1157              		.thumb
 1158              		.thumb_func
 1160              	USBD_SetFeature:
 1161              	.LVL149:
 1162              	.LFB74:
 903:Middlewares/ST/STM32_USB_Device_Library/Core/Src/usbd_ctlreq.c ****   if (req->wValue == USB_FEATURE_REMOTE_WAKEUP)
 1163              		.loc 1 903 1 is_stmt 1 view -0
 1164              		.cfi_startproc
 1165              		@ args = 0, pretend = 0, frame = 0
 1166              		@ frame_needed = 0, uses_anonymous_args = 0
 903:Middlewares/ST/STM32_USB_Device_Library/Core/Src/usbd_ctlreq.c ****   if (req->wValue == USB_FEATURE_REMOTE_WAKEUP)
 1167              		.loc 1 903 1 is_stmt 0 view .LVU408
 1168 0000 08B5     		push	{r3, lr}
 1169              	.LCFI9:
 1170              		.cfi_def_cfa_offset 8
 1171              		.cfi_offset 3, -8
 1172              		.cfi_offset 14, -4
 904:Middlewares/ST/STM32_USB_Device_Library/Core/Src/usbd_ctlreq.c ****   {
ARM GAS  /tmp/ccQZPXS1.s 			page 54


 1173              		.loc 1 904 3 is_stmt 1 view .LVU409
 904:Middlewares/ST/STM32_USB_Device_Library/Core/Src/usbd_ctlreq.c ****   {
 1174              		.loc 1 904 10 is_stmt 0 view .LVU410
 1175 0002 4B88     		ldrh	r3, [r1, #2]
 904:Middlewares/ST/STM32_USB_Device_Library/Core/Src/usbd_ctlreq.c ****   {
 1176              		.loc 1 904 6 view .LVU411
 1177 0004 012B     		cmp	r3, #1
 1178 0006 04D0     		beq	.L85
 909:Middlewares/ST/STM32_USB_Device_Library/Core/Src/usbd_ctlreq.c ****   {
 1179              		.loc 1 909 8 is_stmt 1 view .LVU412
 909:Middlewares/ST/STM32_USB_Device_Library/Core/Src/usbd_ctlreq.c ****   {
 1180              		.loc 1 909 11 is_stmt 0 view .LVU413
 1181 0008 022B     		cmp	r3, #2
 1182 000a 07D0     		beq	.L86
 916:Middlewares/ST/STM32_USB_Device_Library/Core/Src/usbd_ctlreq.c ****   }
 1183              		.loc 1 916 5 is_stmt 1 view .LVU414
 1184 000c FFF7FEFF 		bl	USBD_CtlError
 1185              	.LVL150:
 1186              	.L80:
 918:Middlewares/ST/STM32_USB_Device_Library/Core/Src/usbd_ctlreq.c **** 
 1187              		.loc 1 918 1 is_stmt 0 view .LVU415
 1188 0010 08BD     		pop	{r3, pc}
 1189              	.LVL151:
 1190              	.L85:
 906:Middlewares/ST/STM32_USB_Device_Library/Core/Src/usbd_ctlreq.c ****     (void)USBD_CtlSendStatus(pdev);
 1191              		.loc 1 906 5 is_stmt 1 view .LVU416
 906:Middlewares/ST/STM32_USB_Device_Library/Core/Src/usbd_ctlreq.c ****     (void)USBD_CtlSendStatus(pdev);
 1192              		.loc 1 906 29 is_stmt 0 view .LVU417
 1193 0012 C0F8A432 		str	r3, [r0, #676]
 907:Middlewares/ST/STM32_USB_Device_Library/Core/Src/usbd_ctlreq.c ****   }
 1194              		.loc 1 907 5 is_stmt 1 view .LVU418
 907:Middlewares/ST/STM32_USB_Device_Library/Core/Src/usbd_ctlreq.c ****   }
 1195              		.loc 1 907 11 is_stmt 0 view .LVU419
 1196 0016 FFF7FEFF 		bl	USBD_CtlSendStatus
 1197              	.LVL152:
 907:Middlewares/ST/STM32_USB_Device_Library/Core/Src/usbd_ctlreq.c ****   }
 1198              		.loc 1 907 11 view .LVU420
 1199 001a F9E7     		b	.L80
 1200              	.LVL153:
 1201              	.L86:
 911:Middlewares/ST/STM32_USB_Device_Library/Core/Src/usbd_ctlreq.c ****     (void)USBD_CtlSendStatus(pdev);
 1202              		.loc 1 911 5 is_stmt 1 view .LVU421
 911:Middlewares/ST/STM32_USB_Device_Library/Core/Src/usbd_ctlreq.c ****     (void)USBD_CtlSendStatus(pdev);
 1203              		.loc 1 911 40 is_stmt 0 view .LVU422
 1204 001c 8B88     		ldrh	r3, [r1, #4]
 911:Middlewares/ST/STM32_USB_Device_Library/Core/Src/usbd_ctlreq.c ****     (void)USBD_CtlSendStatus(pdev);
 1205              		.loc 1 911 27 view .LVU423
 1206 001e 1B0A     		lsrs	r3, r3, #8
 911:Middlewares/ST/STM32_USB_Device_Library/Core/Src/usbd_ctlreq.c ****     (void)USBD_CtlSendStatus(pdev);
 1207              		.loc 1 911 25 view .LVU424
 1208 0020 80F8A032 		strb	r3, [r0, #672]
 912:Middlewares/ST/STM32_USB_Device_Library/Core/Src/usbd_ctlreq.c ****   }
 1209              		.loc 1 912 5 is_stmt 1 view .LVU425
 912:Middlewares/ST/STM32_USB_Device_Library/Core/Src/usbd_ctlreq.c ****   }
 1210              		.loc 1 912 11 is_stmt 0 view .LVU426
 1211 0024 FFF7FEFF 		bl	USBD_CtlSendStatus
 1212              	.LVL154:
ARM GAS  /tmp/ccQZPXS1.s 			page 55


 912:Middlewares/ST/STM32_USB_Device_Library/Core/Src/usbd_ctlreq.c ****   }
 1213              		.loc 1 912 11 view .LVU427
 1214 0028 F2E7     		b	.L80
 1215              		.cfi_endproc
 1216              	.LFE74:
 1218              		.section	.text.USBD_ClrFeature,"ax",%progbits
 1219              		.align	1
 1220              		.syntax unified
 1221              		.thumb
 1222              		.thumb_func
 1224              	USBD_ClrFeature:
 1225              	.LVL155:
 1226              	.LFB75:
 929:Middlewares/ST/STM32_USB_Device_Library/Core/Src/usbd_ctlreq.c ****   switch (pdev->dev_state)
 1227              		.loc 1 929 1 is_stmt 1 view -0
 1228              		.cfi_startproc
 1229              		@ args = 0, pretend = 0, frame = 0
 1230              		@ frame_needed = 0, uses_anonymous_args = 0
 929:Middlewares/ST/STM32_USB_Device_Library/Core/Src/usbd_ctlreq.c ****   switch (pdev->dev_state)
 1231              		.loc 1 929 1 is_stmt 0 view .LVU429
 1232 0000 08B5     		push	{r3, lr}
 1233              	.LCFI10:
 1234              		.cfi_def_cfa_offset 8
 1235              		.cfi_offset 3, -8
 1236              		.cfi_offset 14, -4
 930:Middlewares/ST/STM32_USB_Device_Library/Core/Src/usbd_ctlreq.c ****   {
 1237              		.loc 1 930 3 is_stmt 1 view .LVU430
 930:Middlewares/ST/STM32_USB_Device_Library/Core/Src/usbd_ctlreq.c ****   {
 1238              		.loc 1 930 15 is_stmt 0 view .LVU431
 1239 0002 90F89C32 		ldrb	r3, [r0, #668]	@ zero_extendqisi2
 930:Middlewares/ST/STM32_USB_Device_Library/Core/Src/usbd_ctlreq.c ****   {
 1240              		.loc 1 930 3 view .LVU432
 1241 0006 013B     		subs	r3, r3, #1
 1242 0008 022B     		cmp	r3, #2
 1243 000a 09D8     		bhi	.L88
 935:Middlewares/ST/STM32_USB_Device_Library/Core/Src/usbd_ctlreq.c ****       {
 1244              		.loc 1 935 7 is_stmt 1 view .LVU433
 935:Middlewares/ST/STM32_USB_Device_Library/Core/Src/usbd_ctlreq.c ****       {
 1245              		.loc 1 935 14 is_stmt 0 view .LVU434
 1246 000c 4B88     		ldrh	r3, [r1, #2]
 935:Middlewares/ST/STM32_USB_Device_Library/Core/Src/usbd_ctlreq.c ****       {
 1247              		.loc 1 935 10 view .LVU435
 1248 000e 012B     		cmp	r3, #1
 1249 0010 00D0     		beq	.L91
 1250              	.LVL156:
 1251              	.L87:
 946:Middlewares/ST/STM32_USB_Device_Library/Core/Src/usbd_ctlreq.c **** 
 1252              		.loc 1 946 1 view .LVU436
 1253 0012 08BD     		pop	{r3, pc}
 1254              	.LVL157:
 1255              	.L91:
 937:Middlewares/ST/STM32_USB_Device_Library/Core/Src/usbd_ctlreq.c ****         (void)USBD_CtlSendStatus(pdev);
 1256              		.loc 1 937 9 is_stmt 1 view .LVU437
 937:Middlewares/ST/STM32_USB_Device_Library/Core/Src/usbd_ctlreq.c ****         (void)USBD_CtlSendStatus(pdev);
 1257              		.loc 1 937 33 is_stmt 0 view .LVU438
 1258 0014 0023     		movs	r3, #0
 1259 0016 C0F8A432 		str	r3, [r0, #676]
ARM GAS  /tmp/ccQZPXS1.s 			page 56


 938:Middlewares/ST/STM32_USB_Device_Library/Core/Src/usbd_ctlreq.c ****       }
 1260              		.loc 1 938 9 is_stmt 1 view .LVU439
 938:Middlewares/ST/STM32_USB_Device_Library/Core/Src/usbd_ctlreq.c ****       }
 1261              		.loc 1 938 15 is_stmt 0 view .LVU440
 1262 001a FFF7FEFF 		bl	USBD_CtlSendStatus
 1263              	.LVL158:
 938:Middlewares/ST/STM32_USB_Device_Library/Core/Src/usbd_ctlreq.c ****       }
 1264              		.loc 1 938 15 view .LVU441
 1265 001e F8E7     		b	.L87
 1266              	.LVL159:
 1267              	.L88:
 943:Middlewares/ST/STM32_USB_Device_Library/Core/Src/usbd_ctlreq.c ****       break;
 1268              		.loc 1 943 7 is_stmt 1 view .LVU442
 1269 0020 FFF7FEFF 		bl	USBD_CtlError
 1270              	.LVL160:
 944:Middlewares/ST/STM32_USB_Device_Library/Core/Src/usbd_ctlreq.c ****   }
 1271              		.loc 1 944 7 view .LVU443
 946:Middlewares/ST/STM32_USB_Device_Library/Core/Src/usbd_ctlreq.c **** 
 1272              		.loc 1 946 1 is_stmt 0 view .LVU444
 1273 0024 F5E7     		b	.L87
 1274              		.cfi_endproc
 1275              	.LFE75:
 1277              		.section	.text.USBD_StdDevReq,"ax",%progbits
 1278              		.align	1
 1279              		.global	USBD_StdDevReq
 1280              		.syntax unified
 1281              		.thumb
 1282              		.thumb_func
 1284              	USBD_StdDevReq:
 1285              	.LVL161:
 1286              	.LFB66:
 105:Middlewares/ST/STM32_USB_Device_Library/Core/Src/usbd_ctlreq.c ****   USBD_StatusTypeDef ret = USBD_OK;
 1287              		.loc 1 105 1 is_stmt 1 view -0
 1288              		.cfi_startproc
 1289              		@ args = 0, pretend = 0, frame = 0
 1290              		@ frame_needed = 0, uses_anonymous_args = 0
 105:Middlewares/ST/STM32_USB_Device_Library/Core/Src/usbd_ctlreq.c ****   USBD_StatusTypeDef ret = USBD_OK;
 1291              		.loc 1 105 1 is_stmt 0 view .LVU446
 1292 0000 38B5     		push	{r3, r4, r5, lr}
 1293              	.LCFI11:
 1294              		.cfi_def_cfa_offset 16
 1295              		.cfi_offset 3, -16
 1296              		.cfi_offset 4, -12
 1297              		.cfi_offset 5, -8
 1298              		.cfi_offset 14, -4
 106:Middlewares/ST/STM32_USB_Device_Library/Core/Src/usbd_ctlreq.c **** 
 1299              		.loc 1 106 3 is_stmt 1 view .LVU447
 1300              	.LVL162:
 108:Middlewares/ST/STM32_USB_Device_Library/Core/Src/usbd_ctlreq.c ****   {
 1301              		.loc 1 108 3 view .LVU448
 108:Middlewares/ST/STM32_USB_Device_Library/Core/Src/usbd_ctlreq.c ****   {
 1302              		.loc 1 108 14 is_stmt 0 view .LVU449
 1303 0002 0C78     		ldrb	r4, [r1]	@ zero_extendqisi2
 1304 0004 04F06004 		and	r4, r4, #96
 108:Middlewares/ST/STM32_USB_Device_Library/Core/Src/usbd_ctlreq.c ****   {
 1305              		.loc 1 108 3 view .LVU450
 1306 0008 202C     		cmp	r4, #32
ARM GAS  /tmp/ccQZPXS1.s 			page 57


 1307 000a 06D0     		beq	.L93
 1308 000c 402C     		cmp	r4, #64
 1309 000e 04D0     		beq	.L93
 1310 0010 6CB1     		cbz	r4, .L94
 153:Middlewares/ST/STM32_USB_Device_Library/Core/Src/usbd_ctlreq.c ****       break;
 1311              		.loc 1 153 7 is_stmt 1 view .LVU451
 1312 0012 FFF7FEFF 		bl	USBD_CtlError
 1313              	.LVL163:
 154:Middlewares/ST/STM32_USB_Device_Library/Core/Src/usbd_ctlreq.c ****   }
 1314              		.loc 1 154 7 view .LVU452
 106:Middlewares/ST/STM32_USB_Device_Library/Core/Src/usbd_ctlreq.c **** 
 1315              		.loc 1 106 22 is_stmt 0 view .LVU453
 1316 0016 0024     		movs	r4, #0
 154:Middlewares/ST/STM32_USB_Device_Library/Core/Src/usbd_ctlreq.c ****   }
 1317              		.loc 1 154 7 view .LVU454
 1318 0018 07E0     		b	.L96
 1319              	.LVL164:
 1320              	.L93:
 112:Middlewares/ST/STM32_USB_Device_Library/Core/Src/usbd_ctlreq.c ****       break;
 1321              		.loc 1 112 7 is_stmt 1 view .LVU455
 112:Middlewares/ST/STM32_USB_Device_Library/Core/Src/usbd_ctlreq.c ****       break;
 1322              		.loc 1 112 50 is_stmt 0 view .LVU456
 1323 001a D0F8D432 		ldr	r3, [r0, #724]
 112:Middlewares/ST/STM32_USB_Device_Library/Core/Src/usbd_ctlreq.c ****       break;
 1324              		.loc 1 112 45 view .LVU457
 1325 001e AE33     		adds	r3, r3, #174
 1326 0020 50F82330 		ldr	r3, [r0, r3, lsl #2]
 112:Middlewares/ST/STM32_USB_Device_Library/Core/Src/usbd_ctlreq.c ****       break;
 1327              		.loc 1 112 60 view .LVU458
 1328 0024 9B68     		ldr	r3, [r3, #8]
 112:Middlewares/ST/STM32_USB_Device_Library/Core/Src/usbd_ctlreq.c ****       break;
 1329              		.loc 1 112 33 view .LVU459
 1330 0026 9847     		blx	r3
 1331              	.LVL165:
 112:Middlewares/ST/STM32_USB_Device_Library/Core/Src/usbd_ctlreq.c ****       break;
 1332              		.loc 1 112 33 view .LVU460
 1333 0028 0446     		mov	r4, r0
 1334              	.LVL166:
 113:Middlewares/ST/STM32_USB_Device_Library/Core/Src/usbd_ctlreq.c **** 
 1335              		.loc 1 113 7 is_stmt 1 view .LVU461
 1336              	.L96:
 157:Middlewares/ST/STM32_USB_Device_Library/Core/Src/usbd_ctlreq.c **** }
 1337              		.loc 1 157 3 view .LVU462
 158:Middlewares/ST/STM32_USB_Device_Library/Core/Src/usbd_ctlreq.c **** 
 1338              		.loc 1 158 1 is_stmt 0 view .LVU463
 1339 002a 2046     		mov	r0, r4
 1340 002c 38BD     		pop	{r3, r4, r5, pc}
 1341              	.LVL167:
 1342              	.L94:
 116:Middlewares/ST/STM32_USB_Device_Library/Core/Src/usbd_ctlreq.c ****       {
 1343              		.loc 1 116 7 is_stmt 1 view .LVU464
 116:Middlewares/ST/STM32_USB_Device_Library/Core/Src/usbd_ctlreq.c ****       {
 1344              		.loc 1 116 18 is_stmt 0 view .LVU465
 1345 002e 4D78     		ldrb	r5, [r1, #1]	@ zero_extendqisi2
 1346 0030 092D     		cmp	r5, #9
 1347 0032 1DD8     		bhi	.L97
 1348 0034 DFE805F0 		tbb	[pc, r5]
ARM GAS  /tmp/ccQZPXS1.s 			page 58


 1349              	.L99:
 1350 0038 12       		.byte	(.L105-.L99)/2
 1351 0039 19       		.byte	(.L104-.L99)/2
 1352 003a 1C       		.byte	(.L97-.L99)/2
 1353 003b 16       		.byte	(.L103-.L99)/2
 1354 003c 1C       		.byte	(.L97-.L99)/2
 1355 003d 08       		.byte	(.L102-.L99)/2
 1356 003e 05       		.byte	(.L101-.L99)/2
 1357 003f 1C       		.byte	(.L97-.L99)/2
 1358 0040 0F       		.byte	(.L100-.L99)/2
 1359 0041 0B       		.byte	(.L98-.L99)/2
 1360              		.p2align 1
 1361              	.L101:
 119:Middlewares/ST/STM32_USB_Device_Library/Core/Src/usbd_ctlreq.c ****           break;
 1362              		.loc 1 119 11 is_stmt 1 view .LVU466
 1363 0042 FFF7FEFF 		bl	USBD_GetDescriptor
 1364              	.LVL168:
 120:Middlewares/ST/STM32_USB_Device_Library/Core/Src/usbd_ctlreq.c **** 
 1365              		.loc 1 120 11 view .LVU467
 1366 0046 F0E7     		b	.L96
 1367              	.LVL169:
 1368              	.L102:
 123:Middlewares/ST/STM32_USB_Device_Library/Core/Src/usbd_ctlreq.c ****           break;
 1369              		.loc 1 123 11 view .LVU468
 1370 0048 FFF7FEFF 		bl	USBD_SetAddress
 1371              	.LVL170:
 124:Middlewares/ST/STM32_USB_Device_Library/Core/Src/usbd_ctlreq.c **** 
 1372              		.loc 1 124 11 view .LVU469
 1373 004c EDE7     		b	.L96
 1374              	.LVL171:
 1375              	.L98:
 127:Middlewares/ST/STM32_USB_Device_Library/Core/Src/usbd_ctlreq.c ****           break;
 1376              		.loc 1 127 11 view .LVU470
 127:Middlewares/ST/STM32_USB_Device_Library/Core/Src/usbd_ctlreq.c ****           break;
 1377              		.loc 1 127 17 is_stmt 0 view .LVU471
 1378 004e FFF7FEFF 		bl	USBD_SetConfig
 1379              	.LVL172:
 127:Middlewares/ST/STM32_USB_Device_Library/Core/Src/usbd_ctlreq.c ****           break;
 1380              		.loc 1 127 17 view .LVU472
 1381 0052 0446     		mov	r4, r0
 1382              	.LVL173:
 128:Middlewares/ST/STM32_USB_Device_Library/Core/Src/usbd_ctlreq.c **** 
 1383              		.loc 1 128 11 is_stmt 1 view .LVU473
 1384 0054 E9E7     		b	.L96
 1385              	.LVL174:
 1386              	.L100:
 131:Middlewares/ST/STM32_USB_Device_Library/Core/Src/usbd_ctlreq.c ****           break;
 1387              		.loc 1 131 11 view .LVU474
 1388 0056 FFF7FEFF 		bl	USBD_GetConfig
 1389              	.LVL175:
 132:Middlewares/ST/STM32_USB_Device_Library/Core/Src/usbd_ctlreq.c **** 
 1390              		.loc 1 132 11 view .LVU475
 1391 005a E6E7     		b	.L96
 1392              	.LVL176:
 1393              	.L105:
 135:Middlewares/ST/STM32_USB_Device_Library/Core/Src/usbd_ctlreq.c ****           break;
 1394              		.loc 1 135 11 view .LVU476
ARM GAS  /tmp/ccQZPXS1.s 			page 59


 1395 005c FFF7FEFF 		bl	USBD_GetStatus
 1396              	.LVL177:
 136:Middlewares/ST/STM32_USB_Device_Library/Core/Src/usbd_ctlreq.c **** 
 1397              		.loc 1 136 11 view .LVU477
 106:Middlewares/ST/STM32_USB_Device_Library/Core/Src/usbd_ctlreq.c **** 
 1398              		.loc 1 106 22 is_stmt 0 view .LVU478
 1399 0060 2C46     		mov	r4, r5
 136:Middlewares/ST/STM32_USB_Device_Library/Core/Src/usbd_ctlreq.c **** 
 1400              		.loc 1 136 11 view .LVU479
 1401 0062 E2E7     		b	.L96
 1402              	.LVL178:
 1403              	.L103:
 139:Middlewares/ST/STM32_USB_Device_Library/Core/Src/usbd_ctlreq.c ****           break;
 1404              		.loc 1 139 11 is_stmt 1 view .LVU480
 1405 0064 FFF7FEFF 		bl	USBD_SetFeature
 1406              	.LVL179:
 140:Middlewares/ST/STM32_USB_Device_Library/Core/Src/usbd_ctlreq.c **** 
 1407              		.loc 1 140 11 view .LVU481
 1408 0068 DFE7     		b	.L96
 1409              	.LVL180:
 1410              	.L104:
 143:Middlewares/ST/STM32_USB_Device_Library/Core/Src/usbd_ctlreq.c ****           break;
 1411              		.loc 1 143 11 view .LVU482
 1412 006a FFF7FEFF 		bl	USBD_ClrFeature
 1413              	.LVL181:
 144:Middlewares/ST/STM32_USB_Device_Library/Core/Src/usbd_ctlreq.c **** 
 1414              		.loc 1 144 11 view .LVU483
 1415 006e DCE7     		b	.L96
 1416              	.LVL182:
 1417              	.L97:
 147:Middlewares/ST/STM32_USB_Device_Library/Core/Src/usbd_ctlreq.c ****           break;
 1418              		.loc 1 147 11 view .LVU484
 1419 0070 FFF7FEFF 		bl	USBD_CtlError
 1420              	.LVL183:
 148:Middlewares/ST/STM32_USB_Device_Library/Core/Src/usbd_ctlreq.c ****       }
 1421              		.loc 1 148 11 view .LVU485
 1422 0074 D9E7     		b	.L96
 1423              		.cfi_endproc
 1424              	.LFE66:
 1426              		.section	.text.USBD_StdItfReq,"ax",%progbits
 1427              		.align	1
 1428              		.global	USBD_StdItfReq
 1429              		.syntax unified
 1430              		.thumb
 1431              		.thumb_func
 1433              	USBD_StdItfReq:
 1434              	.LVL184:
 1435              	.LFB67:
 168:Middlewares/ST/STM32_USB_Device_Library/Core/Src/usbd_ctlreq.c ****   USBD_StatusTypeDef ret = USBD_OK;
 1436              		.loc 1 168 1 view -0
 1437              		.cfi_startproc
 1438              		@ args = 0, pretend = 0, frame = 0
 1439              		@ frame_needed = 0, uses_anonymous_args = 0
 168:Middlewares/ST/STM32_USB_Device_Library/Core/Src/usbd_ctlreq.c ****   USBD_StatusTypeDef ret = USBD_OK;
 1440              		.loc 1 168 1 is_stmt 0 view .LVU487
 1441 0000 70B5     		push	{r4, r5, r6, lr}
 1442              	.LCFI12:
ARM GAS  /tmp/ccQZPXS1.s 			page 60


 1443              		.cfi_def_cfa_offset 16
 1444              		.cfi_offset 4, -16
 1445              		.cfi_offset 5, -12
 1446              		.cfi_offset 6, -8
 1447              		.cfi_offset 14, -4
 1448 0002 0546     		mov	r5, r0
 1449 0004 0C46     		mov	r4, r1
 169:Middlewares/ST/STM32_USB_Device_Library/Core/Src/usbd_ctlreq.c ****   uint8_t idx;
 1450              		.loc 1 169 3 is_stmt 1 view .LVU488
 1451              	.LVL185:
 170:Middlewares/ST/STM32_USB_Device_Library/Core/Src/usbd_ctlreq.c **** 
 1452              		.loc 1 170 3 view .LVU489
 172:Middlewares/ST/STM32_USB_Device_Library/Core/Src/usbd_ctlreq.c ****   {
 1453              		.loc 1 172 3 view .LVU490
 172:Middlewares/ST/STM32_USB_Device_Library/Core/Src/usbd_ctlreq.c ****   {
 1454              		.loc 1 172 14 is_stmt 0 view .LVU491
 1455 0006 0B78     		ldrb	r3, [r1]	@ zero_extendqisi2
 1456 0008 03F06003 		and	r3, r3, #96
 172:Middlewares/ST/STM32_USB_Device_Library/Core/Src/usbd_ctlreq.c ****   {
 1457              		.loc 1 172 3 view .LVU492
 1458 000c 202B     		cmp	r3, #32
 1459 000e 07D0     		beq	.L109
 1460 0010 402B     		cmp	r3, #64
 1461 0012 05D0     		beq	.L109
 1462 0014 23B1     		cbz	r3, .L109
 225:Middlewares/ST/STM32_USB_Device_Library/Core/Src/usbd_ctlreq.c ****       break;
 1463              		.loc 1 225 7 is_stmt 1 view .LVU493
 1464 0016 FFF7FEFF 		bl	USBD_CtlError
 1465              	.LVL186:
 226:Middlewares/ST/STM32_USB_Device_Library/Core/Src/usbd_ctlreq.c ****   }
 1466              		.loc 1 226 7 view .LVU494
 169:Middlewares/ST/STM32_USB_Device_Library/Core/Src/usbd_ctlreq.c ****   uint8_t idx;
 1467              		.loc 1 169 22 is_stmt 0 view .LVU495
 1468 001a 0026     		movs	r6, #0
 1469              	.LVL187:
 1470              	.L114:
 229:Middlewares/ST/STM32_USB_Device_Library/Core/Src/usbd_ctlreq.c **** }
 1471              		.loc 1 229 3 is_stmt 1 view .LVU496
 230:Middlewares/ST/STM32_USB_Device_Library/Core/Src/usbd_ctlreq.c **** 
 1472              		.loc 1 230 1 is_stmt 0 view .LVU497
 1473 001c 3046     		mov	r0, r6
 1474 001e 70BD     		pop	{r4, r5, r6, pc}
 1475              	.LVL188:
 1476              	.L109:
 177:Middlewares/ST/STM32_USB_Device_Library/Core/Src/usbd_ctlreq.c ****       {
 1477              		.loc 1 177 7 is_stmt 1 view .LVU498
 177:Middlewares/ST/STM32_USB_Device_Library/Core/Src/usbd_ctlreq.c ****       {
 1478              		.loc 1 177 19 is_stmt 0 view .LVU499
 1479 0020 95F89C32 		ldrb	r3, [r5, #668]	@ zero_extendqisi2
 1480 0024 013B     		subs	r3, r3, #1
 1481 0026 022B     		cmp	r3, #2
 1482 0028 26D8     		bhi	.L111
 183:Middlewares/ST/STM32_USB_Device_Library/Core/Src/usbd_ctlreq.c ****           {
 1483              		.loc 1 183 11 is_stmt 1 view .LVU500
 183:Middlewares/ST/STM32_USB_Device_Library/Core/Src/usbd_ctlreq.c ****           {
 1484              		.loc 1 183 15 is_stmt 0 view .LVU501
 1485 002a 2179     		ldrb	r1, [r4, #4]	@ zero_extendqisi2
ARM GAS  /tmp/ccQZPXS1.s 			page 61


 1486              	.LVL189:
 183:Middlewares/ST/STM32_USB_Device_Library/Core/Src/usbd_ctlreq.c ****           {
 1487              		.loc 1 183 14 view .LVU502
 1488 002c 0129     		cmp	r1, #1
 1489 002e 05D9     		bls	.L118
 214:Middlewares/ST/STM32_USB_Device_Library/Core/Src/usbd_ctlreq.c ****           }
 1490              		.loc 1 214 13 is_stmt 1 view .LVU503
 1491 0030 2146     		mov	r1, r4
 1492 0032 2846     		mov	r0, r5
 1493              	.LVL190:
 214:Middlewares/ST/STM32_USB_Device_Library/Core/Src/usbd_ctlreq.c ****           }
 1494              		.loc 1 214 13 is_stmt 0 view .LVU504
 1495 0034 FFF7FEFF 		bl	USBD_CtlError
 1496              	.LVL191:
 169:Middlewares/ST/STM32_USB_Device_Library/Core/Src/usbd_ctlreq.c ****   uint8_t idx;
 1497              		.loc 1 169 22 view .LVU505
 1498 0038 0026     		movs	r6, #0
 1499 003a EFE7     		b	.L114
 1500              	.LVL192:
 1501              	.L118:
 186:Middlewares/ST/STM32_USB_Device_Library/Core/Src/usbd_ctlreq.c ****             if (((uint8_t)idx != 0xFFU) && (idx < USBD_MAX_SUPPORTED_CLASS))
 1502              		.loc 1 186 13 is_stmt 1 view .LVU506
 186:Middlewares/ST/STM32_USB_Device_Library/Core/Src/usbd_ctlreq.c ****             if (((uint8_t)idx != 0xFFU) && (idx < USBD_MAX_SUPPORTED_CLASS))
 1503              		.loc 1 186 19 is_stmt 0 view .LVU507
 1504 003c 2846     		mov	r0, r5
 1505              	.LVL193:
 186:Middlewares/ST/STM32_USB_Device_Library/Core/Src/usbd_ctlreq.c ****             if (((uint8_t)idx != 0xFFU) && (idx < USBD_MAX_SUPPORTED_CLASS))
 1506              		.loc 1 186 19 view .LVU508
 1507 003e FFF7FEFF 		bl	USBD_CoreFindIF
 1508              	.LVL194:
 187:Middlewares/ST/STM32_USB_Device_Library/Core/Src/usbd_ctlreq.c ****             {
 1509              		.loc 1 187 13 is_stmt 1 view .LVU509
 187:Middlewares/ST/STM32_USB_Device_Library/Core/Src/usbd_ctlreq.c ****             {
 1510              		.loc 1 187 16 is_stmt 0 view .LVU510
 1511 0042 68B9     		cbnz	r0, .L115
 190:Middlewares/ST/STM32_USB_Device_Library/Core/Src/usbd_ctlreq.c ****               {
 1512              		.loc 1 190 15 is_stmt 1 view .LVU511
 190:Middlewares/ST/STM32_USB_Device_Library/Core/Src/usbd_ctlreq.c ****               {
 1513              		.loc 1 190 31 is_stmt 0 view .LVU512
 1514 0044 00F1AE02 		add	r2, r0, #174
 1515 0048 55F82220 		ldr	r2, [r5, r2, lsl #2]
 190:Middlewares/ST/STM32_USB_Device_Library/Core/Src/usbd_ctlreq.c ****               {
 1516              		.loc 1 190 36 view .LVU513
 1517 004c 9168     		ldr	r1, [r2, #8]
 190:Middlewares/ST/STM32_USB_Device_Library/Core/Src/usbd_ctlreq.c ****               {
 1518              		.loc 1 190 18 view .LVU514
 1519 004e 89B1     		cbz	r1, .L116
 192:Middlewares/ST/STM32_USB_Device_Library/Core/Src/usbd_ctlreq.c ****                 ret = (USBD_StatusTypeDef)(pdev->pClass[idx]->Setup(pdev, req));
 1520              		.loc 1 192 17 is_stmt 1 view .LVU515
 192:Middlewares/ST/STM32_USB_Device_Library/Core/Src/usbd_ctlreq.c ****                 ret = (USBD_StatusTypeDef)(pdev->pClass[idx]->Setup(pdev, req));
 1521              		.loc 1 192 31 is_stmt 0 view .LVU516
 1522 0050 C5F8D402 		str	r0, [r5, #724]
 193:Middlewares/ST/STM32_USB_Device_Library/Core/Src/usbd_ctlreq.c ****               }
 1523              		.loc 1 193 17 is_stmt 1 view .LVU517
 193:Middlewares/ST/STM32_USB_Device_Library/Core/Src/usbd_ctlreq.c ****               }
 1524              		.loc 1 193 61 is_stmt 0 view .LVU518
 1525 0054 9368     		ldr	r3, [r2, #8]
ARM GAS  /tmp/ccQZPXS1.s 			page 62


 193:Middlewares/ST/STM32_USB_Device_Library/Core/Src/usbd_ctlreq.c ****               }
 1526              		.loc 1 193 44 view .LVU519
 1527 0056 2146     		mov	r1, r4
 1528 0058 2846     		mov	r0, r5
 1529              	.LVL195:
 193:Middlewares/ST/STM32_USB_Device_Library/Core/Src/usbd_ctlreq.c ****               }
 1530              		.loc 1 193 44 view .LVU520
 1531 005a 9847     		blx	r3
 1532              	.LVL196:
 193:Middlewares/ST/STM32_USB_Device_Library/Core/Src/usbd_ctlreq.c ****               }
 1533              		.loc 1 193 44 view .LVU521
 1534 005c 0646     		mov	r6, r0
 1535              	.LVL197:
 193:Middlewares/ST/STM32_USB_Device_Library/Core/Src/usbd_ctlreq.c ****               }
 1536              		.loc 1 193 44 view .LVU522
 1537 005e 00E0     		b	.L113
 1538              	.LVL198:
 1539              	.L115:
 204:Middlewares/ST/STM32_USB_Device_Library/Core/Src/usbd_ctlreq.c ****             }
 1540              		.loc 1 204 19 view .LVU523
 1541 0060 0326     		movs	r6, #3
 1542              	.LVL199:
 1543              	.L113:
 207:Middlewares/ST/STM32_USB_Device_Library/Core/Src/usbd_ctlreq.c ****             {
 1544              		.loc 1 207 13 is_stmt 1 view .LVU524
 207:Middlewares/ST/STM32_USB_Device_Library/Core/Src/usbd_ctlreq.c ****             {
 1545              		.loc 1 207 21 is_stmt 0 view .LVU525
 1546 0062 E388     		ldrh	r3, [r4, #6]
 207:Middlewares/ST/STM32_USB_Device_Library/Core/Src/usbd_ctlreq.c ****             {
 1547              		.loc 1 207 16 view .LVU526
 1548 0064 002B     		cmp	r3, #0
 1549 0066 D9D1     		bne	.L114
 207:Middlewares/ST/STM32_USB_Device_Library/Core/Src/usbd_ctlreq.c ****             {
 1550              		.loc 1 207 38 discriminator 1 view .LVU527
 1551 0068 002E     		cmp	r6, #0
 1552 006a D7D1     		bne	.L114
 209:Middlewares/ST/STM32_USB_Device_Library/Core/Src/usbd_ctlreq.c ****             }
 1553              		.loc 1 209 15 is_stmt 1 view .LVU528
 209:Middlewares/ST/STM32_USB_Device_Library/Core/Src/usbd_ctlreq.c ****             }
 1554              		.loc 1 209 21 is_stmt 0 view .LVU529
 1555 006c 2846     		mov	r0, r5
 1556 006e FFF7FEFF 		bl	USBD_CtlSendStatus
 1557              	.LVL200:
 1558 0072 D3E7     		b	.L114
 1559              	.LVL201:
 1560              	.L116:
 198:Middlewares/ST/STM32_USB_Device_Library/Core/Src/usbd_ctlreq.c ****               }
 1561              		.loc 1 198 21 view .LVU530
 1562 0074 0326     		movs	r6, #3
 1563 0076 F4E7     		b	.L113
 1564              	.LVL202:
 1565              	.L111:
 219:Middlewares/ST/STM32_USB_Device_Library/Core/Src/usbd_ctlreq.c ****           break;
 1566              		.loc 1 219 11 is_stmt 1 view .LVU531
 1567 0078 2146     		mov	r1, r4
 1568              	.LVL203:
 219:Middlewares/ST/STM32_USB_Device_Library/Core/Src/usbd_ctlreq.c ****           break;
ARM GAS  /tmp/ccQZPXS1.s 			page 63


 1569              		.loc 1 219 11 is_stmt 0 view .LVU532
 1570 007a 2846     		mov	r0, r5
 1571              	.LVL204:
 219:Middlewares/ST/STM32_USB_Device_Library/Core/Src/usbd_ctlreq.c ****           break;
 1572              		.loc 1 219 11 view .LVU533
 1573 007c FFF7FEFF 		bl	USBD_CtlError
 1574              	.LVL205:
 220:Middlewares/ST/STM32_USB_Device_Library/Core/Src/usbd_ctlreq.c ****       }
 1575              		.loc 1 220 11 is_stmt 1 view .LVU534
 169:Middlewares/ST/STM32_USB_Device_Library/Core/Src/usbd_ctlreq.c ****   uint8_t idx;
 1576              		.loc 1 169 22 is_stmt 0 view .LVU535
 1577 0080 0026     		movs	r6, #0
 220:Middlewares/ST/STM32_USB_Device_Library/Core/Src/usbd_ctlreq.c ****       }
 1578              		.loc 1 220 11 view .LVU536
 1579 0082 CBE7     		b	.L114
 1580              		.cfi_endproc
 1581              	.LFE67:
 1583              		.section	.text.USBD_StdEPReq,"ax",%progbits
 1584              		.align	1
 1585              		.global	USBD_StdEPReq
 1586              		.syntax unified
 1587              		.thumb
 1588              		.thumb_func
 1590              	USBD_StdEPReq:
 1591              	.LVL206:
 1592              	.LFB68:
 240:Middlewares/ST/STM32_USB_Device_Library/Core/Src/usbd_ctlreq.c ****   USBD_EndpointTypeDef *pep;
 1593              		.loc 1 240 1 is_stmt 1 view -0
 1594              		.cfi_startproc
 1595              		@ args = 0, pretend = 0, frame = 0
 1596              		@ frame_needed = 0, uses_anonymous_args = 0
 240:Middlewares/ST/STM32_USB_Device_Library/Core/Src/usbd_ctlreq.c ****   USBD_EndpointTypeDef *pep;
 1597              		.loc 1 240 1 is_stmt 0 view .LVU538
 1598 0000 2DE9F041 		push	{r4, r5, r6, r7, r8, lr}
 1599              	.LCFI13:
 1600              		.cfi_def_cfa_offset 24
 1601              		.cfi_offset 4, -24
 1602              		.cfi_offset 5, -20
 1603              		.cfi_offset 6, -16
 1604              		.cfi_offset 7, -12
 1605              		.cfi_offset 8, -8
 1606              		.cfi_offset 14, -4
 1607 0004 0746     		mov	r7, r0
 1608 0006 0E46     		mov	r6, r1
 241:Middlewares/ST/STM32_USB_Device_Library/Core/Src/usbd_ctlreq.c ****   uint8_t ep_addr;
 1609              		.loc 1 241 3 is_stmt 1 view .LVU539
 242:Middlewares/ST/STM32_USB_Device_Library/Core/Src/usbd_ctlreq.c ****   uint8_t idx;
 1610              		.loc 1 242 3 view .LVU540
 243:Middlewares/ST/STM32_USB_Device_Library/Core/Src/usbd_ctlreq.c ****   USBD_StatusTypeDef ret = USBD_OK;
 1611              		.loc 1 243 3 view .LVU541
 244:Middlewares/ST/STM32_USB_Device_Library/Core/Src/usbd_ctlreq.c **** 
 1612              		.loc 1 244 3 view .LVU542
 1613              	.LVL207:
 246:Middlewares/ST/STM32_USB_Device_Library/Core/Src/usbd_ctlreq.c **** 
 1614              		.loc 1 246 3 view .LVU543
 246:Middlewares/ST/STM32_USB_Device_Library/Core/Src/usbd_ctlreq.c **** 
 1615              		.loc 1 246 13 is_stmt 0 view .LVU544
ARM GAS  /tmp/ccQZPXS1.s 			page 64


 1616 0008 8B88     		ldrh	r3, [r1, #4]
 246:Middlewares/ST/STM32_USB_Device_Library/Core/Src/usbd_ctlreq.c **** 
 1617              		.loc 1 246 11 view .LVU545
 1618 000a DDB2     		uxtb	r5, r3
 1619              	.LVL208:
 248:Middlewares/ST/STM32_USB_Device_Library/Core/Src/usbd_ctlreq.c ****   {
 1620              		.loc 1 248 3 is_stmt 1 view .LVU546
 248:Middlewares/ST/STM32_USB_Device_Library/Core/Src/usbd_ctlreq.c ****   {
 1621              		.loc 1 248 14 is_stmt 0 view .LVU547
 1622 000c 0C78     		ldrb	r4, [r1]	@ zero_extendqisi2
 1623 000e 04F06004 		and	r4, r4, #96
 248:Middlewares/ST/STM32_USB_Device_Library/Core/Src/usbd_ctlreq.c ****   {
 1624              		.loc 1 248 3 view .LVU548
 1625 0012 202C     		cmp	r4, #32
 1626 0014 08D0     		beq	.L120
 1627 0016 402C     		cmp	r4, #64
 1628 0018 06D0     		beq	.L120
 1629 001a DCB1     		cbz	r4, .L121
 419:Middlewares/ST/STM32_USB_Device_Library/Core/Src/usbd_ctlreq.c ****       break;
 1630              		.loc 1 419 7 is_stmt 1 view .LVU549
 1631 001c FFF7FEFF 		bl	USBD_CtlError
 1632              	.LVL209:
 420:Middlewares/ST/STM32_USB_Device_Library/Core/Src/usbd_ctlreq.c ****   }
 1633              		.loc 1 420 7 view .LVU550
 244:Middlewares/ST/STM32_USB_Device_Library/Core/Src/usbd_ctlreq.c **** 
 1634              		.loc 1 244 22 is_stmt 0 view .LVU551
 1635 0020 0024     		movs	r4, #0
 1636              	.LVL210:
 1637              	.L123:
 423:Middlewares/ST/STM32_USB_Device_Library/Core/Src/usbd_ctlreq.c **** }
 1638              		.loc 1 423 3 is_stmt 1 view .LVU552
 424:Middlewares/ST/STM32_USB_Device_Library/Core/Src/usbd_ctlreq.c **** 
 1639              		.loc 1 424 1 is_stmt 0 view .LVU553
 1640 0022 2046     		mov	r0, r4
 1641 0024 BDE8F081 		pop	{r4, r5, r6, r7, r8, pc}
 1642              	.LVL211:
 1643              	.L120:
 253:Middlewares/ST/STM32_USB_Device_Library/Core/Src/usbd_ctlreq.c ****       if (((uint8_t)idx != 0xFFU) && (idx < USBD_MAX_SUPPORTED_CLASS))
 1644              		.loc 1 253 7 is_stmt 1 view .LVU554
 253:Middlewares/ST/STM32_USB_Device_Library/Core/Src/usbd_ctlreq.c ****       if (((uint8_t)idx != 0xFFU) && (idx < USBD_MAX_SUPPORTED_CLASS))
 1645              		.loc 1 253 13 is_stmt 0 view .LVU555
 1646 0028 2946     		mov	r1, r5
 1647              	.LVL212:
 253:Middlewares/ST/STM32_USB_Device_Library/Core/Src/usbd_ctlreq.c ****       if (((uint8_t)idx != 0xFFU) && (idx < USBD_MAX_SUPPORTED_CLASS))
 1648              		.loc 1 253 13 view .LVU556
 1649 002a 3846     		mov	r0, r7
 1650              	.LVL213:
 253:Middlewares/ST/STM32_USB_Device_Library/Core/Src/usbd_ctlreq.c ****       if (((uint8_t)idx != 0xFFU) && (idx < USBD_MAX_SUPPORTED_CLASS))
 1651              		.loc 1 253 13 view .LVU557
 1652 002c FFF7FEFF 		bl	USBD_CoreFindEP
 1653              	.LVL214:
 254:Middlewares/ST/STM32_USB_Device_Library/Core/Src/usbd_ctlreq.c ****       {
 1654              		.loc 1 254 7 is_stmt 1 view .LVU558
 254:Middlewares/ST/STM32_USB_Device_Library/Core/Src/usbd_ctlreq.c ****       {
 1655              		.loc 1 254 10 is_stmt 0 view .LVU559
 1656 0030 0446     		mov	r4, r0
 1657 0032 0028     		cmp	r0, #0
ARM GAS  /tmp/ccQZPXS1.s 			page 65


 1658 0034 40F00481 		bne	.L153
 256:Middlewares/ST/STM32_USB_Device_Library/Core/Src/usbd_ctlreq.c ****         /* Call the class data out function to manage the request */
 1659              		.loc 1 256 9 is_stmt 1 view .LVU560
 256:Middlewares/ST/STM32_USB_Device_Library/Core/Src/usbd_ctlreq.c ****         /* Call the class data out function to manage the request */
 1660              		.loc 1 256 23 is_stmt 0 view .LVU561
 1661 0038 C7F8D402 		str	r0, [r7, #724]
 258:Middlewares/ST/STM32_USB_Device_Library/Core/Src/usbd_ctlreq.c ****         {
 1662              		.loc 1 258 9 is_stmt 1 view .LVU562
 258:Middlewares/ST/STM32_USB_Device_Library/Core/Src/usbd_ctlreq.c ****         {
 1663              		.loc 1 258 25 is_stmt 0 view .LVU563
 1664 003c 00F1AE03 		add	r3, r0, #174
 1665 0040 57F82330 		ldr	r3, [r7, r3, lsl #2]
 258:Middlewares/ST/STM32_USB_Device_Library/Core/Src/usbd_ctlreq.c ****         {
 1666              		.loc 1 258 30 view .LVU564
 1667 0044 9B68     		ldr	r3, [r3, #8]
 258:Middlewares/ST/STM32_USB_Device_Library/Core/Src/usbd_ctlreq.c ****         {
 1668              		.loc 1 258 12 view .LVU565
 1669 0046 002B     		cmp	r3, #0
 1670 0048 EBD0     		beq	.L123
 260:Middlewares/ST/STM32_USB_Device_Library/Core/Src/usbd_ctlreq.c ****         }
 1671              		.loc 1 260 11 is_stmt 1 view .LVU566
 260:Middlewares/ST/STM32_USB_Device_Library/Core/Src/usbd_ctlreq.c ****         }
 1672              		.loc 1 260 37 is_stmt 0 view .LVU567
 1673 004a 3146     		mov	r1, r6
 1674 004c 3846     		mov	r0, r7
 1675              	.LVL215:
 260:Middlewares/ST/STM32_USB_Device_Library/Core/Src/usbd_ctlreq.c ****         }
 1676              		.loc 1 260 37 view .LVU568
 1677 004e 9847     		blx	r3
 1678              	.LVL216:
 1679 0050 0446     		mov	r4, r0
 1680              	.LVL217:
 260:Middlewares/ST/STM32_USB_Device_Library/Core/Src/usbd_ctlreq.c ****         }
 1681              		.loc 1 260 37 view .LVU569
 1682 0052 E6E7     		b	.L123
 1683              	.LVL218:
 1684              	.L121:
 266:Middlewares/ST/STM32_USB_Device_Library/Core/Src/usbd_ctlreq.c ****       {
 1685              		.loc 1 266 7 is_stmt 1 view .LVU570
 266:Middlewares/ST/STM32_USB_Device_Library/Core/Src/usbd_ctlreq.c ****       {
 1686              		.loc 1 266 18 is_stmt 0 view .LVU571
 1687 0054 91F80180 		ldrb	r8, [r1, #1]	@ zero_extendqisi2
 1688 0058 B8F1010F 		cmp	r8, #1
 1689 005c 31D0     		beq	.L124
 1690 005e B8F1030F 		cmp	r8, #3
 1691 0062 05D0     		beq	.L125
 1692 0064 B8F1000F 		cmp	r8, #0
 1693 0068 67D0     		beq	.L126
 413:Middlewares/ST/STM32_USB_Device_Library/Core/Src/usbd_ctlreq.c ****           break;
 1694              		.loc 1 413 11 is_stmt 1 view .LVU572
 1695 006a FFF7FEFF 		bl	USBD_CtlError
 1696              	.LVL219:
 414:Middlewares/ST/STM32_USB_Device_Library/Core/Src/usbd_ctlreq.c ****       }
 1697              		.loc 1 414 11 view .LVU573
 1698 006e D8E7     		b	.L123
 1699              	.LVL220:
 1700              	.L125:
ARM GAS  /tmp/ccQZPXS1.s 			page 66


 269:Middlewares/ST/STM32_USB_Device_Library/Core/Src/usbd_ctlreq.c ****           {
 1701              		.loc 1 269 11 view .LVU574
 269:Middlewares/ST/STM32_USB_Device_Library/Core/Src/usbd_ctlreq.c ****           {
 1702              		.loc 1 269 23 is_stmt 0 view .LVU575
 1703 0070 90F89C32 		ldrb	r3, [r0, #668]	@ zero_extendqisi2
 1704 0074 DBB2     		uxtb	r3, r3
 1705 0076 022B     		cmp	r3, #2
 1706 0078 04D0     		beq	.L128
 1707 007a 032B     		cmp	r3, #3
 1708 007c 12D0     		beq	.L129
 296:Middlewares/ST/STM32_USB_Device_Library/Core/Src/usbd_ctlreq.c ****               break;
 1709              		.loc 1 296 15 is_stmt 1 view .LVU576
 1710 007e FFF7FEFF 		bl	USBD_CtlError
 1711              	.LVL221:
 297:Middlewares/ST/STM32_USB_Device_Library/Core/Src/usbd_ctlreq.c ****           }
 1712              		.loc 1 297 15 view .LVU577
 1713 0082 CEE7     		b	.L123
 1714              	.LVL222:
 1715              	.L128:
 272:Middlewares/ST/STM32_USB_Device_Library/Core/Src/usbd_ctlreq.c ****               {
 1716              		.loc 1 272 15 view .LVU578
 272:Middlewares/ST/STM32_USB_Device_Library/Core/Src/usbd_ctlreq.c ****               {
 1717              		.loc 1 272 18 is_stmt 0 view .LVU579
 1718 0084 0DB1     		cbz	r5, .L131
 272:Middlewares/ST/STM32_USB_Device_Library/Core/Src/usbd_ctlreq.c ****               {
 1719              		.loc 1 272 38 discriminator 1 view .LVU580
 1720 0086 802D     		cmp	r5, #128
 1721 0088 04D1     		bne	.L161
 1722              	.L131:
 279:Middlewares/ST/STM32_USB_Device_Library/Core/Src/usbd_ctlreq.c ****               }
 1723              		.loc 1 279 17 is_stmt 1 view .LVU581
 1724 008a 3146     		mov	r1, r6
 1725              	.LVL223:
 279:Middlewares/ST/STM32_USB_Device_Library/Core/Src/usbd_ctlreq.c ****               }
 1726              		.loc 1 279 17 is_stmt 0 view .LVU582
 1727 008c 3846     		mov	r0, r7
 1728              	.LVL224:
 279:Middlewares/ST/STM32_USB_Device_Library/Core/Src/usbd_ctlreq.c ****               }
 1729              		.loc 1 279 17 view .LVU583
 1730 008e FFF7FEFF 		bl	USBD_CtlError
 1731              	.LVL225:
 1732 0092 C6E7     		b	.L123
 1733              	.LVL226:
 1734              	.L161:
 274:Middlewares/ST/STM32_USB_Device_Library/Core/Src/usbd_ctlreq.c ****                 (void)USBD_LL_StallEP(pdev, 0x80U);
 1735              		.loc 1 274 17 is_stmt 1 view .LVU584
 274:Middlewares/ST/STM32_USB_Device_Library/Core/Src/usbd_ctlreq.c ****                 (void)USBD_LL_StallEP(pdev, 0x80U);
 1736              		.loc 1 274 23 is_stmt 0 view .LVU585
 1737 0094 2946     		mov	r1, r5
 1738              	.LVL227:
 274:Middlewares/ST/STM32_USB_Device_Library/Core/Src/usbd_ctlreq.c ****                 (void)USBD_LL_StallEP(pdev, 0x80U);
 1739              		.loc 1 274 23 view .LVU586
 1740 0096 FFF7FEFF 		bl	USBD_LL_StallEP
 1741              	.LVL228:
 275:Middlewares/ST/STM32_USB_Device_Library/Core/Src/usbd_ctlreq.c ****               }
 1742              		.loc 1 275 17 is_stmt 1 view .LVU587
 275:Middlewares/ST/STM32_USB_Device_Library/Core/Src/usbd_ctlreq.c ****               }
ARM GAS  /tmp/ccQZPXS1.s 			page 67


 1743              		.loc 1 275 23 is_stmt 0 view .LVU588
 1744 009a 8021     		movs	r1, #128
 1745 009c 3846     		mov	r0, r7
 1746 009e FFF7FEFF 		bl	USBD_LL_StallEP
 1747              	.LVL229:
 275:Middlewares/ST/STM32_USB_Device_Library/Core/Src/usbd_ctlreq.c ****               }
 1748              		.loc 1 275 17 view .LVU589
 1749 00a2 BEE7     		b	.L123
 1750              	.LVL230:
 1751              	.L129:
 284:Middlewares/ST/STM32_USB_Device_Library/Core/Src/usbd_ctlreq.c ****               {
 1752              		.loc 1 284 15 is_stmt 1 view .LVU590
 284:Middlewares/ST/STM32_USB_Device_Library/Core/Src/usbd_ctlreq.c ****               {
 1753              		.loc 1 284 22 is_stmt 0 view .LVU591
 1754 00a4 4B88     		ldrh	r3, [r1, #2]
 284:Middlewares/ST/STM32_USB_Device_Library/Core/Src/usbd_ctlreq.c ****               {
 1755              		.loc 1 284 18 view .LVU592
 1756 00a6 23B9     		cbnz	r3, .L132
 286:Middlewares/ST/STM32_USB_Device_Library/Core/Src/usbd_ctlreq.c ****                 {
 1757              		.loc 1 286 17 is_stmt 1 view .LVU593
 286:Middlewares/ST/STM32_USB_Device_Library/Core/Src/usbd_ctlreq.c ****                 {
 1758              		.loc 1 286 20 is_stmt 0 view .LVU594
 1759 00a8 1DB1     		cbz	r5, .L132
 286:Middlewares/ST/STM32_USB_Device_Library/Core/Src/usbd_ctlreq.c ****                 {
 1760              		.loc 1 286 40 discriminator 1 view .LVU595
 1761 00aa 802D     		cmp	r5, #128
 1762 00ac 01D0     		beq	.L132
 286:Middlewares/ST/STM32_USB_Device_Library/Core/Src/usbd_ctlreq.c ****                 {
 1763              		.loc 1 286 69 discriminator 2 view .LVU596
 1764 00ae CB88     		ldrh	r3, [r1, #6]
 286:Middlewares/ST/STM32_USB_Device_Library/Core/Src/usbd_ctlreq.c ****                 {
 1765              		.loc 1 286 62 discriminator 2 view .LVU597
 1766 00b0 1BB1     		cbz	r3, .L162
 1767              	.LVL231:
 1768              	.L132:
 291:Middlewares/ST/STM32_USB_Device_Library/Core/Src/usbd_ctlreq.c **** 
 1769              		.loc 1 291 15 is_stmt 1 view .LVU598
 291:Middlewares/ST/STM32_USB_Device_Library/Core/Src/usbd_ctlreq.c **** 
 1770              		.loc 1 291 21 is_stmt 0 view .LVU599
 1771 00b2 3846     		mov	r0, r7
 1772 00b4 FFF7FEFF 		bl	USBD_CtlSendStatus
 1773              	.LVL232:
 293:Middlewares/ST/STM32_USB_Device_Library/Core/Src/usbd_ctlreq.c **** 
 1774              		.loc 1 293 15 is_stmt 1 view .LVU600
 1775 00b8 B3E7     		b	.L123
 1776              	.LVL233:
 1777              	.L162:
 288:Middlewares/ST/STM32_USB_Device_Library/Core/Src/usbd_ctlreq.c ****                 }
 1778              		.loc 1 288 19 view .LVU601
 288:Middlewares/ST/STM32_USB_Device_Library/Core/Src/usbd_ctlreq.c ****                 }
 1779              		.loc 1 288 25 is_stmt 0 view .LVU602
 1780 00ba 2946     		mov	r1, r5
 1781              	.LVL234:
 288:Middlewares/ST/STM32_USB_Device_Library/Core/Src/usbd_ctlreq.c ****                 }
 1782              		.loc 1 288 25 view .LVU603
 1783 00bc FFF7FEFF 		bl	USBD_LL_StallEP
 1784              	.LVL235:
ARM GAS  /tmp/ccQZPXS1.s 			page 68


 288:Middlewares/ST/STM32_USB_Device_Library/Core/Src/usbd_ctlreq.c ****                 }
 1785              		.loc 1 288 25 view .LVU604
 1786 00c0 F7E7     		b	.L132
 1787              	.LVL236:
 1788              	.L124:
 303:Middlewares/ST/STM32_USB_Device_Library/Core/Src/usbd_ctlreq.c ****           {
 1789              		.loc 1 303 11 is_stmt 1 view .LVU605
 303:Middlewares/ST/STM32_USB_Device_Library/Core/Src/usbd_ctlreq.c ****           {
 1790              		.loc 1 303 23 is_stmt 0 view .LVU606
 1791 00c2 90F89C32 		ldrb	r3, [r0, #668]	@ zero_extendqisi2
 1792 00c6 DBB2     		uxtb	r3, r3
 1793 00c8 022B     		cmp	r3, #2
 1794 00ca 04D0     		beq	.L133
 1795 00cc 032B     		cmp	r3, #3
 1796 00ce 12D0     		beq	.L134
 341:Middlewares/ST/STM32_USB_Device_Library/Core/Src/usbd_ctlreq.c ****               break;
 1797              		.loc 1 341 15 is_stmt 1 view .LVU607
 1798 00d0 FFF7FEFF 		bl	USBD_CtlError
 1799              	.LVL237:
 342:Middlewares/ST/STM32_USB_Device_Library/Core/Src/usbd_ctlreq.c ****           }
 1800              		.loc 1 342 15 view .LVU608
 1801 00d4 A5E7     		b	.L123
 1802              	.LVL238:
 1803              	.L133:
 306:Middlewares/ST/STM32_USB_Device_Library/Core/Src/usbd_ctlreq.c ****               {
 1804              		.loc 1 306 15 view .LVU609
 306:Middlewares/ST/STM32_USB_Device_Library/Core/Src/usbd_ctlreq.c ****               {
 1805              		.loc 1 306 18 is_stmt 0 view .LVU610
 1806 00d6 0DB1     		cbz	r5, .L136
 306:Middlewares/ST/STM32_USB_Device_Library/Core/Src/usbd_ctlreq.c ****               {
 1807              		.loc 1 306 38 discriminator 1 view .LVU611
 1808 00d8 802D     		cmp	r5, #128
 1809 00da 04D1     		bne	.L163
 1810              	.L136:
 313:Middlewares/ST/STM32_USB_Device_Library/Core/Src/usbd_ctlreq.c ****               }
 1811              		.loc 1 313 17 is_stmt 1 view .LVU612
 1812 00dc 3146     		mov	r1, r6
 1813              	.LVL239:
 313:Middlewares/ST/STM32_USB_Device_Library/Core/Src/usbd_ctlreq.c ****               }
 1814              		.loc 1 313 17 is_stmt 0 view .LVU613
 1815 00de 3846     		mov	r0, r7
 1816              	.LVL240:
 313:Middlewares/ST/STM32_USB_Device_Library/Core/Src/usbd_ctlreq.c ****               }
 1817              		.loc 1 313 17 view .LVU614
 1818 00e0 FFF7FEFF 		bl	USBD_CtlError
 1819              	.LVL241:
 1820 00e4 9DE7     		b	.L123
 1821              	.LVL242:
 1822              	.L163:
 308:Middlewares/ST/STM32_USB_Device_Library/Core/Src/usbd_ctlreq.c ****                 (void)USBD_LL_StallEP(pdev, 0x80U);
 1823              		.loc 1 308 17 is_stmt 1 view .LVU615
 308:Middlewares/ST/STM32_USB_Device_Library/Core/Src/usbd_ctlreq.c ****                 (void)USBD_LL_StallEP(pdev, 0x80U);
 1824              		.loc 1 308 23 is_stmt 0 view .LVU616
 1825 00e6 2946     		mov	r1, r5
 1826              	.LVL243:
 308:Middlewares/ST/STM32_USB_Device_Library/Core/Src/usbd_ctlreq.c ****                 (void)USBD_LL_StallEP(pdev, 0x80U);
 1827              		.loc 1 308 23 view .LVU617
ARM GAS  /tmp/ccQZPXS1.s 			page 69


 1828 00e8 FFF7FEFF 		bl	USBD_LL_StallEP
 1829              	.LVL244:
 309:Middlewares/ST/STM32_USB_Device_Library/Core/Src/usbd_ctlreq.c ****               }
 1830              		.loc 1 309 17 is_stmt 1 view .LVU618
 309:Middlewares/ST/STM32_USB_Device_Library/Core/Src/usbd_ctlreq.c ****               }
 1831              		.loc 1 309 23 is_stmt 0 view .LVU619
 1832 00ec 8021     		movs	r1, #128
 1833 00ee 3846     		mov	r0, r7
 1834 00f0 FFF7FEFF 		bl	USBD_LL_StallEP
 1835              	.LVL245:
 309:Middlewares/ST/STM32_USB_Device_Library/Core/Src/usbd_ctlreq.c ****               }
 1836              		.loc 1 309 17 view .LVU620
 1837 00f4 95E7     		b	.L123
 1838              	.LVL246:
 1839              	.L134:
 318:Middlewares/ST/STM32_USB_Device_Library/Core/Src/usbd_ctlreq.c ****               {
 1840              		.loc 1 318 15 is_stmt 1 view .LVU621
 318:Middlewares/ST/STM32_USB_Device_Library/Core/Src/usbd_ctlreq.c ****               {
 1841              		.loc 1 318 22 is_stmt 0 view .LVU622
 1842 00f6 4B88     		ldrh	r3, [r1, #2]
 318:Middlewares/ST/STM32_USB_Device_Library/Core/Src/usbd_ctlreq.c ****               {
 1843              		.loc 1 318 18 view .LVU623
 1844 00f8 002B     		cmp	r3, #0
 1845 00fa 92D1     		bne	.L123
 320:Middlewares/ST/STM32_USB_Device_Library/Core/Src/usbd_ctlreq.c ****                 {
 1846              		.loc 1 320 17 is_stmt 1 view .LVU624
 320:Middlewares/ST/STM32_USB_Device_Library/Core/Src/usbd_ctlreq.c ****                 {
 1847              		.loc 1 320 20 is_stmt 0 view .LVU625
 1848 00fc 15F07F0F 		tst	r5, #127
 1849 0100 17D1     		bne	.L164
 1850              	.LVL247:
 1851              	.L137:
 324:Middlewares/ST/STM32_USB_Device_Library/Core/Src/usbd_ctlreq.c **** 
 1852              		.loc 1 324 17 is_stmt 1 view .LVU626
 324:Middlewares/ST/STM32_USB_Device_Library/Core/Src/usbd_ctlreq.c **** 
 1853              		.loc 1 324 23 is_stmt 0 view .LVU627
 1854 0102 3846     		mov	r0, r7
 1855 0104 FFF7FEFF 		bl	USBD_CtlSendStatus
 1856              	.LVL248:
 327:Middlewares/ST/STM32_USB_Device_Library/Core/Src/usbd_ctlreq.c ****                 if (((uint8_t)idx != 0xFFU) && (idx < USBD_MAX_SUPPORTED_CLASS))
 1857              		.loc 1 327 17 is_stmt 1 view .LVU628
 327:Middlewares/ST/STM32_USB_Device_Library/Core/Src/usbd_ctlreq.c ****                 if (((uint8_t)idx != 0xFFU) && (idx < USBD_MAX_SUPPORTED_CLASS))
 1858              		.loc 1 327 23 is_stmt 0 view .LVU629
 1859 0108 2946     		mov	r1, r5
 1860 010a 3846     		mov	r0, r7
 1861 010c FFF7FEFF 		bl	USBD_CoreFindEP
 1862              	.LVL249:
 328:Middlewares/ST/STM32_USB_Device_Library/Core/Src/usbd_ctlreq.c ****                 {
 1863              		.loc 1 328 17 is_stmt 1 view .LVU630
 328:Middlewares/ST/STM32_USB_Device_Library/Core/Src/usbd_ctlreq.c ****                 {
 1864              		.loc 1 328 20 is_stmt 0 view .LVU631
 1865 0110 0028     		cmp	r0, #0
 1866 0112 86D1     		bne	.L123
 330:Middlewares/ST/STM32_USB_Device_Library/Core/Src/usbd_ctlreq.c ****                   /* Call the class data out function to manage the request */
 1867              		.loc 1 330 19 is_stmt 1 view .LVU632
 330:Middlewares/ST/STM32_USB_Device_Library/Core/Src/usbd_ctlreq.c ****                   /* Call the class data out function to manage the request */
 1868              		.loc 1 330 33 is_stmt 0 view .LVU633
ARM GAS  /tmp/ccQZPXS1.s 			page 70


 1869 0114 C7F8D402 		str	r0, [r7, #724]
 332:Middlewares/ST/STM32_USB_Device_Library/Core/Src/usbd_ctlreq.c ****                   {
 1870              		.loc 1 332 19 is_stmt 1 view .LVU634
 332:Middlewares/ST/STM32_USB_Device_Library/Core/Src/usbd_ctlreq.c ****                   {
 1871              		.loc 1 332 35 is_stmt 0 view .LVU635
 1872 0118 00F1AE02 		add	r2, r0, #174
 1873 011c 57F82220 		ldr	r2, [r7, r2, lsl #2]
 332:Middlewares/ST/STM32_USB_Device_Library/Core/Src/usbd_ctlreq.c ****                   {
 1874              		.loc 1 332 40 view .LVU636
 1875 0120 9268     		ldr	r2, [r2, #8]
 332:Middlewares/ST/STM32_USB_Device_Library/Core/Src/usbd_ctlreq.c ****                   {
 1876              		.loc 1 332 22 view .LVU637
 1877 0122 002A     		cmp	r2, #0
 1878 0124 00F08E80 		beq	.L154
 334:Middlewares/ST/STM32_USB_Device_Library/Core/Src/usbd_ctlreq.c ****                   }
 1879              		.loc 1 334 21 is_stmt 1 view .LVU638
 334:Middlewares/ST/STM32_USB_Device_Library/Core/Src/usbd_ctlreq.c ****                   }
 1880              		.loc 1 334 48 is_stmt 0 view .LVU639
 1881 0128 3146     		mov	r1, r6
 1882 012a 3846     		mov	r0, r7
 1883              	.LVL250:
 334:Middlewares/ST/STM32_USB_Device_Library/Core/Src/usbd_ctlreq.c ****                   }
 1884              		.loc 1 334 48 view .LVU640
 1885 012c 9047     		blx	r2
 1886              	.LVL251:
 334:Middlewares/ST/STM32_USB_Device_Library/Core/Src/usbd_ctlreq.c ****                   }
 1887              		.loc 1 334 48 view .LVU641
 1888 012e 0446     		mov	r4, r0
 1889              	.LVL252:
 334:Middlewares/ST/STM32_USB_Device_Library/Core/Src/usbd_ctlreq.c ****                   }
 1890              		.loc 1 334 48 view .LVU642
 1891 0130 77E7     		b	.L123
 1892              	.LVL253:
 1893              	.L164:
 322:Middlewares/ST/STM32_USB_Device_Library/Core/Src/usbd_ctlreq.c ****                 }
 1894              		.loc 1 322 19 is_stmt 1 view .LVU643
 322:Middlewares/ST/STM32_USB_Device_Library/Core/Src/usbd_ctlreq.c ****                 }
 1895              		.loc 1 322 25 is_stmt 0 view .LVU644
 1896 0132 2946     		mov	r1, r5
 1897              	.LVL254:
 322:Middlewares/ST/STM32_USB_Device_Library/Core/Src/usbd_ctlreq.c ****                 }
 1898              		.loc 1 322 25 view .LVU645
 1899 0134 FFF7FEFF 		bl	USBD_LL_ClearStallEP
 1900              	.LVL255:
 322:Middlewares/ST/STM32_USB_Device_Library/Core/Src/usbd_ctlreq.c ****                 }
 1901              		.loc 1 322 25 view .LVU646
 1902 0138 E3E7     		b	.L137
 1903              	.LVL256:
 1904              	.L126:
 347:Middlewares/ST/STM32_USB_Device_Library/Core/Src/usbd_ctlreq.c ****           {
 1905              		.loc 1 347 11 is_stmt 1 view .LVU647
 347:Middlewares/ST/STM32_USB_Device_Library/Core/Src/usbd_ctlreq.c ****           {
 1906              		.loc 1 347 23 is_stmt 0 view .LVU648
 1907 013a 90F89C22 		ldrb	r2, [r0, #668]	@ zero_extendqisi2
 1908 013e D2B2     		uxtb	r2, r2
 1909 0140 022A     		cmp	r2, #2
 1910 0142 05D0     		beq	.L138
ARM GAS  /tmp/ccQZPXS1.s 			page 71


 1911 0144 032A     		cmp	r2, #3
 1912 0146 28D0     		beq	.L139
 407:Middlewares/ST/STM32_USB_Device_Library/Core/Src/usbd_ctlreq.c ****               break;
 1913              		.loc 1 407 15 is_stmt 1 view .LVU649
 1914 0148 FFF7FEFF 		bl	USBD_CtlError
 1915              	.LVL257:
 408:Middlewares/ST/STM32_USB_Device_Library/Core/Src/usbd_ctlreq.c ****           }
 1916              		.loc 1 408 15 view .LVU650
 244:Middlewares/ST/STM32_USB_Device_Library/Core/Src/usbd_ctlreq.c **** 
 1917              		.loc 1 244 22 is_stmt 0 view .LVU651
 1918 014c 4446     		mov	r4, r8
 408:Middlewares/ST/STM32_USB_Device_Library/Core/Src/usbd_ctlreq.c ****           }
 1919              		.loc 1 408 15 view .LVU652
 1920 014e 68E7     		b	.L123
 1921              	.LVL258:
 1922              	.L138:
 350:Middlewares/ST/STM32_USB_Device_Library/Core/Src/usbd_ctlreq.c ****               {
 1923              		.loc 1 350 15 is_stmt 1 view .LVU653
 350:Middlewares/ST/STM32_USB_Device_Library/Core/Src/usbd_ctlreq.c ****               {
 1924              		.loc 1 350 18 is_stmt 0 view .LVU654
 1925 0150 0DB1     		cbz	r5, .L141
 350:Middlewares/ST/STM32_USB_Device_Library/Core/Src/usbd_ctlreq.c ****               {
 1926              		.loc 1 350 38 discriminator 1 view .LVU655
 1927 0152 802D     		cmp	r5, #128
 1928 0154 14D1     		bne	.L165
 1929              	.L141:
 355:Middlewares/ST/STM32_USB_Device_Library/Core/Src/usbd_ctlreq.c ****                     &pdev->ep_out[ep_addr & 0x7FU];
 1930              		.loc 1 355 15 is_stmt 1 view .LVU656
 355:Middlewares/ST/STM32_USB_Device_Library/Core/Src/usbd_ctlreq.c ****                     &pdev->ep_out[ep_addr & 0x7FU];
 1931              		.loc 1 355 82 is_stmt 0 view .LVU657
 1932 0156 13F0800F 		tst	r3, #128
 1933 015a 15D1     		bne	.L166
 356:Middlewares/ST/STM32_USB_Device_Library/Core/Src/usbd_ctlreq.c **** 
 1934              		.loc 1 356 43 view .LVU658
 1935 015c 05F07F05 		and	r5, r5, #127
 1936              	.LVL259:
 355:Middlewares/ST/STM32_USB_Device_Library/Core/Src/usbd_ctlreq.c ****                     &pdev->ep_out[ep_addr & 0x7FU];
 1937              		.loc 1 355 82 discriminator 2 view .LVU659
 1938 0160 05EB8505 		add	r5, r5, r5, lsl #2
 1939 0164 A900     		lsls	r1, r5, #2
 1940              	.LVL260:
 355:Middlewares/ST/STM32_USB_Device_Library/Core/Src/usbd_ctlreq.c ****                     &pdev->ep_out[ep_addr & 0x7FU];
 1941              		.loc 1 355 82 discriminator 2 view .LVU660
 1942 0166 01F5A871 		add	r1, r1, #336
 1943 016a 3944     		add	r1, r1, r7
 1944 016c 0431     		adds	r1, r1, #4
 1945              	.L143:
 1946              	.LVL261:
 358:Middlewares/ST/STM32_USB_Device_Library/Core/Src/usbd_ctlreq.c **** 
 1947              		.loc 1 358 15 is_stmt 1 view .LVU661
 358:Middlewares/ST/STM32_USB_Device_Library/Core/Src/usbd_ctlreq.c **** 
 1948              		.loc 1 358 27 is_stmt 0 view .LVU662
 1949 016e 0023     		movs	r3, #0
 1950              	.LVL262:
 358:Middlewares/ST/STM32_USB_Device_Library/Core/Src/usbd_ctlreq.c **** 
 1951              		.loc 1 358 27 view .LVU663
 1952 0170 01F80E3F 		strb	r3, [r1, #14]!
ARM GAS  /tmp/ccQZPXS1.s 			page 72


 1953              	.LVL263:
 360:Middlewares/ST/STM32_USB_Device_Library/Core/Src/usbd_ctlreq.c ****               break;
 1954              		.loc 1 360 15 is_stmt 1 view .LVU664
 360:Middlewares/ST/STM32_USB_Device_Library/Core/Src/usbd_ctlreq.c ****               break;
 1955              		.loc 1 360 21 is_stmt 0 view .LVU665
 1956 0174 0222     		movs	r2, #2
 1957 0176 3846     		mov	r0, r7
 1958              	.LVL264:
 360:Middlewares/ST/STM32_USB_Device_Library/Core/Src/usbd_ctlreq.c ****               break;
 1959              		.loc 1 360 21 view .LVU666
 1960 0178 FFF7FEFF 		bl	USBD_CtlSendData
 1961              	.LVL265:
 361:Middlewares/ST/STM32_USB_Device_Library/Core/Src/usbd_ctlreq.c **** 
 1962              		.loc 1 361 15 is_stmt 1 view .LVU667
 244:Middlewares/ST/STM32_USB_Device_Library/Core/Src/usbd_ctlreq.c **** 
 1963              		.loc 1 244 22 is_stmt 0 view .LVU668
 1964 017c 4446     		mov	r4, r8
 361:Middlewares/ST/STM32_USB_Device_Library/Core/Src/usbd_ctlreq.c **** 
 1965              		.loc 1 361 15 view .LVU669
 1966 017e 50E7     		b	.L123
 1967              	.LVL266:
 1968              	.L165:
 352:Middlewares/ST/STM32_USB_Device_Library/Core/Src/usbd_ctlreq.c ****                 break;
 1969              		.loc 1 352 17 is_stmt 1 view .LVU670
 1970 0180 FFF7FEFF 		bl	USBD_CtlError
 1971              	.LVL267:
 353:Middlewares/ST/STM32_USB_Device_Library/Core/Src/usbd_ctlreq.c ****               }
 1972              		.loc 1 353 17 view .LVU671
 244:Middlewares/ST/STM32_USB_Device_Library/Core/Src/usbd_ctlreq.c **** 
 1973              		.loc 1 244 22 is_stmt 0 view .LVU672
 1974 0184 4446     		mov	r4, r8
 353:Middlewares/ST/STM32_USB_Device_Library/Core/Src/usbd_ctlreq.c ****               }
 1975              		.loc 1 353 17 view .LVU673
 1976 0186 4CE7     		b	.L123
 1977              	.LVL268:
 1978              	.L166:
 355:Middlewares/ST/STM32_USB_Device_Library/Core/Src/usbd_ctlreq.c ****                     &pdev->ep_out[ep_addr & 0x7FU];
 1979              		.loc 1 355 73 discriminator 1 view .LVU674
 1980 0188 05F07F05 		and	r5, r5, #127
 1981              	.LVL269:
 355:Middlewares/ST/STM32_USB_Device_Library/Core/Src/usbd_ctlreq.c ****                     &pdev->ep_out[ep_addr & 0x7FU];
 1982              		.loc 1 355 82 discriminator 1 view .LVU675
 1983 018c 05EB8505 		add	r5, r5, r5, lsl #2
 1984 0190 A900     		lsls	r1, r5, #2
 1985              	.LVL270:
 355:Middlewares/ST/STM32_USB_Device_Library/Core/Src/usbd_ctlreq.c ****                     &pdev->ep_out[ep_addr & 0x7FU];
 1986              		.loc 1 355 82 discriminator 1 view .LVU676
 1987 0192 1031     		adds	r1, r1, #16
 1988 0194 3944     		add	r1, r1, r7
 1989 0196 0431     		adds	r1, r1, #4
 1990 0198 E9E7     		b	.L143
 1991              	.LVL271:
 1992              	.L139:
 364:Middlewares/ST/STM32_USB_Device_Library/Core/Src/usbd_ctlreq.c ****               {
 1993              		.loc 1 364 15 is_stmt 1 view .LVU677
 364:Middlewares/ST/STM32_USB_Device_Library/Core/Src/usbd_ctlreq.c ****               {
 1994              		.loc 1 364 18 is_stmt 0 view .LVU678
ARM GAS  /tmp/ccQZPXS1.s 			page 73


 1995 019a 15F07004 		ands	r4, r5, #112
 1996 019e 24D1     		bne	.L167
 370:Middlewares/ST/STM32_USB_Device_Library/Core/Src/usbd_ctlreq.c ****               {
 1997              		.loc 1 370 15 is_stmt 1 view .LVU679
 370:Middlewares/ST/STM32_USB_Device_Library/Core/Src/usbd_ctlreq.c ****               {
 1998              		.loc 1 370 37 is_stmt 0 view .LVU680
 1999 01a0 5BB2     		sxtb	r3, r3
 370:Middlewares/ST/STM32_USB_Device_Library/Core/Src/usbd_ctlreq.c ****               {
 2000              		.loc 1 370 18 view .LVU681
 2001 01a2 002B     		cmp	r3, #0
 2002 01a4 25DB     		blt	.L168
 380:Middlewares/ST/STM32_USB_Device_Library/Core/Src/usbd_ctlreq.c ****                 {
 2003              		.loc 1 380 17 is_stmt 1 view .LVU682
 380:Middlewares/ST/STM32_USB_Device_Library/Core/Src/usbd_ctlreq.c ****                 {
 2004              		.loc 1 380 42 is_stmt 0 view .LVU683
 2005 01a6 05F00F02 		and	r2, r5, #15
 380:Middlewares/ST/STM32_USB_Device_Library/Core/Src/usbd_ctlreq.c ****                 {
 2006              		.loc 1 380 49 view .LVU684
 2007 01aa 02EB8202 		add	r2, r2, r2, lsl #2
 2008 01ae 00EB8202 		add	r2, r0, r2, lsl #2
 2009 01b2 92F86381 		ldrb	r8, [r2, #355]	@ zero_extendqisi2
 380:Middlewares/ST/STM32_USB_Device_Library/Core/Src/usbd_ctlreq.c ****                 {
 2010              		.loc 1 380 20 view .LVU685
 2011 01b6 B8F1000F 		cmp	r8, #0
 2012 01ba 29D0     		beq	.L169
 2013              	.L146:
 387:Middlewares/ST/STM32_USB_Device_Library/Core/Src/usbd_ctlreq.c ****                     &pdev->ep_out[ep_addr & 0xFU];
 2014              		.loc 1 387 15 is_stmt 1 view .LVU686
 387:Middlewares/ST/STM32_USB_Device_Library/Core/Src/usbd_ctlreq.c ****                     &pdev->ep_out[ep_addr & 0xFU];
 2015              		.loc 1 387 81 is_stmt 0 view .LVU687
 2016 01bc 002B     		cmp	r3, #0
 2017 01be 2BDB     		blt	.L170
 388:Middlewares/ST/STM32_USB_Device_Library/Core/Src/usbd_ctlreq.c **** 
 2018              		.loc 1 388 43 view .LVU688
 2019 01c0 05F00F03 		and	r3, r5, #15
 387:Middlewares/ST/STM32_USB_Device_Library/Core/Src/usbd_ctlreq.c ****                     &pdev->ep_out[ep_addr & 0xFU];
 2020              		.loc 1 387 81 discriminator 2 view .LVU689
 2021 01c4 03EB8303 		add	r3, r3, r3, lsl #2
 2022 01c8 9E00     		lsls	r6, r3, #2
 2023 01ca 06F5A876 		add	r6, r6, #336
 2024 01ce 3E44     		add	r6, r6, r7
 2025 01d0 0436     		adds	r6, r6, #4
 2026              	.L148:
 2027              	.LVL272:
 390:Middlewares/ST/STM32_USB_Device_Library/Core/Src/usbd_ctlreq.c ****               {
 2028              		.loc 1 390 15 is_stmt 1 view .LVU690
 390:Middlewares/ST/STM32_USB_Device_Library/Core/Src/usbd_ctlreq.c ****               {
 2029              		.loc 1 390 18 is_stmt 0 view .LVU691
 2030 01d2 0DB1     		cbz	r5, .L149
 390:Middlewares/ST/STM32_USB_Device_Library/Core/Src/usbd_ctlreq.c ****               {
 2031              		.loc 1 390 38 discriminator 1 view .LVU692
 2032 01d4 802D     		cmp	r5, #128
 2033 01d6 28D1     		bne	.L150
 2034              	.L149:
 392:Middlewares/ST/STM32_USB_Device_Library/Core/Src/usbd_ctlreq.c ****               }
 2035              		.loc 1 392 17 is_stmt 1 view .LVU693
 392:Middlewares/ST/STM32_USB_Device_Library/Core/Src/usbd_ctlreq.c ****               }
ARM GAS  /tmp/ccQZPXS1.s 			page 74


 2036              		.loc 1 392 29 is_stmt 0 view .LVU694
 2037 01d8 0023     		movs	r3, #0
 2038 01da B373     		strb	r3, [r6, #14]
 2039              	.LVL273:
 2040              	.L151:
 403:Middlewares/ST/STM32_USB_Device_Library/Core/Src/usbd_ctlreq.c ****               break;
 2041              		.loc 1 403 15 is_stmt 1 view .LVU695
 403:Middlewares/ST/STM32_USB_Device_Library/Core/Src/usbd_ctlreq.c ****               break;
 2042              		.loc 1 403 21 is_stmt 0 view .LVU696
 2043 01dc 0222     		movs	r2, #2
 2044 01de 06F10E01 		add	r1, r6, #14
 2045 01e2 3846     		mov	r0, r7
 2046 01e4 FFF7FEFF 		bl	USBD_CtlSendData
 2047              	.LVL274:
 404:Middlewares/ST/STM32_USB_Device_Library/Core/Src/usbd_ctlreq.c **** 
 2048              		.loc 1 404 15 is_stmt 1 view .LVU697
 2049 01e8 1BE7     		b	.L123
 2050              	.LVL275:
 2051              	.L167:
 366:Middlewares/ST/STM32_USB_Device_Library/Core/Src/usbd_ctlreq.c ****                 break;
 2052              		.loc 1 366 17 view .LVU698
 2053 01ea FFF7FEFF 		bl	USBD_CtlError
 2054              	.LVL276:
 367:Middlewares/ST/STM32_USB_Device_Library/Core/Src/usbd_ctlreq.c ****               }
 2055              		.loc 1 367 17 view .LVU699
 244:Middlewares/ST/STM32_USB_Device_Library/Core/Src/usbd_ctlreq.c **** 
 2056              		.loc 1 244 22 is_stmt 0 view .LVU700
 2057 01ee 4446     		mov	r4, r8
 367:Middlewares/ST/STM32_USB_Device_Library/Core/Src/usbd_ctlreq.c ****               }
 2058              		.loc 1 367 17 view .LVU701
 2059 01f0 17E7     		b	.L123
 2060              	.LVL277:
 2061              	.L168:
 372:Middlewares/ST/STM32_USB_Device_Library/Core/Src/usbd_ctlreq.c ****                 {
 2062              		.loc 1 372 17 is_stmt 1 view .LVU702
 372:Middlewares/ST/STM32_USB_Device_Library/Core/Src/usbd_ctlreq.c ****                 {
 2063              		.loc 1 372 41 is_stmt 0 view .LVU703
 2064 01f2 05F00F02 		and	r2, r5, #15
 372:Middlewares/ST/STM32_USB_Device_Library/Core/Src/usbd_ctlreq.c ****                 {
 2065              		.loc 1 372 48 view .LVU704
 2066 01f6 02EB8202 		add	r2, r2, r2, lsl #2
 2067 01fa 00EB8202 		add	r2, r0, r2, lsl #2
 2068 01fe 92F82380 		ldrb	r8, [r2, #35]	@ zero_extendqisi2
 372:Middlewares/ST/STM32_USB_Device_Library/Core/Src/usbd_ctlreq.c ****                 {
 2069              		.loc 1 372 20 view .LVU705
 2070 0202 B8F1000F 		cmp	r8, #0
 2071 0206 D9D1     		bne	.L146
 374:Middlewares/ST/STM32_USB_Device_Library/Core/Src/usbd_ctlreq.c ****                   break;
 2072              		.loc 1 374 19 is_stmt 1 view .LVU706
 2073 0208 FFF7FEFF 		bl	USBD_CtlError
 2074              	.LVL278:
 375:Middlewares/ST/STM32_USB_Device_Library/Core/Src/usbd_ctlreq.c ****                 }
 2075              		.loc 1 375 19 view .LVU707
 244:Middlewares/ST/STM32_USB_Device_Library/Core/Src/usbd_ctlreq.c **** 
 2076              		.loc 1 244 22 is_stmt 0 view .LVU708
 2077 020c 4446     		mov	r4, r8
 375:Middlewares/ST/STM32_USB_Device_Library/Core/Src/usbd_ctlreq.c ****                 }
ARM GAS  /tmp/ccQZPXS1.s 			page 75


 2078              		.loc 1 375 19 view .LVU709
 2079 020e 08E7     		b	.L123
 2080              	.LVL279:
 2081              	.L169:
 382:Middlewares/ST/STM32_USB_Device_Library/Core/Src/usbd_ctlreq.c ****                   break;
 2082              		.loc 1 382 19 is_stmt 1 view .LVU710
 2083 0210 FFF7FEFF 		bl	USBD_CtlError
 2084              	.LVL280:
 383:Middlewares/ST/STM32_USB_Device_Library/Core/Src/usbd_ctlreq.c ****                 }
 2085              		.loc 1 383 19 view .LVU711
 244:Middlewares/ST/STM32_USB_Device_Library/Core/Src/usbd_ctlreq.c **** 
 2086              		.loc 1 244 22 is_stmt 0 view .LVU712
 2087 0214 4446     		mov	r4, r8
 383:Middlewares/ST/STM32_USB_Device_Library/Core/Src/usbd_ctlreq.c ****                 }
 2088              		.loc 1 383 19 view .LVU713
 2089 0216 04E7     		b	.L123
 2090              	.LVL281:
 2091              	.L170:
 387:Middlewares/ST/STM32_USB_Device_Library/Core/Src/usbd_ctlreq.c ****                     &pdev->ep_out[ep_addr & 0xFU];
 2092              		.loc 1 387 73 discriminator 1 view .LVU714
 2093 0218 05F00F03 		and	r3, r5, #15
 387:Middlewares/ST/STM32_USB_Device_Library/Core/Src/usbd_ctlreq.c ****                     &pdev->ep_out[ep_addr & 0xFU];
 2094              		.loc 1 387 81 discriminator 1 view .LVU715
 2095 021c 03EB8303 		add	r3, r3, r3, lsl #2
 2096 0220 9E00     		lsls	r6, r3, #2
 2097 0222 1036     		adds	r6, r6, #16
 2098 0224 3E44     		add	r6, r6, r7
 2099 0226 0436     		adds	r6, r6, #4
 2100 0228 D3E7     		b	.L148
 2101              	.LVL282:
 2102              	.L150:
 394:Middlewares/ST/STM32_USB_Device_Library/Core/Src/usbd_ctlreq.c ****               {
 2103              		.loc 1 394 20 is_stmt 1 view .LVU716
 394:Middlewares/ST/STM32_USB_Device_Library/Core/Src/usbd_ctlreq.c ****               {
 2104              		.loc 1 394 24 is_stmt 0 view .LVU717
 2105 022a 2946     		mov	r1, r5
 2106              	.LVL283:
 394:Middlewares/ST/STM32_USB_Device_Library/Core/Src/usbd_ctlreq.c ****               {
 2107              		.loc 1 394 24 view .LVU718
 2108 022c 3846     		mov	r0, r7
 2109              	.LVL284:
 394:Middlewares/ST/STM32_USB_Device_Library/Core/Src/usbd_ctlreq.c ****               {
 2110              		.loc 1 394 24 view .LVU719
 2111 022e FFF7FEFF 		bl	USBD_LL_IsStallEP
 2112              	.LVL285:
 394:Middlewares/ST/STM32_USB_Device_Library/Core/Src/usbd_ctlreq.c ****               {
 2113              		.loc 1 394 23 discriminator 1 view .LVU720
 2114 0232 10B1     		cbz	r0, .L152
 396:Middlewares/ST/STM32_USB_Device_Library/Core/Src/usbd_ctlreq.c ****               }
 2115              		.loc 1 396 17 is_stmt 1 view .LVU721
 396:Middlewares/ST/STM32_USB_Device_Library/Core/Src/usbd_ctlreq.c ****               }
 2116              		.loc 1 396 29 is_stmt 0 view .LVU722
 2117 0234 0123     		movs	r3, #1
 2118 0236 B373     		strb	r3, [r6, #14]
 2119 0238 D0E7     		b	.L151
 2120              	.L152:
 400:Middlewares/ST/STM32_USB_Device_Library/Core/Src/usbd_ctlreq.c ****               }
ARM GAS  /tmp/ccQZPXS1.s 			page 76


 2121              		.loc 1 400 17 is_stmt 1 view .LVU723
 400:Middlewares/ST/STM32_USB_Device_Library/Core/Src/usbd_ctlreq.c ****               }
 2122              		.loc 1 400 29 is_stmt 0 view .LVU724
 2123 023a 0023     		movs	r3, #0
 2124 023c B373     		strb	r3, [r6, #14]
 2125 023e CDE7     		b	.L151
 2126              	.LVL286:
 2127              	.L153:
 244:Middlewares/ST/STM32_USB_Device_Library/Core/Src/usbd_ctlreq.c **** 
 2128              		.loc 1 244 22 view .LVU725
 2129 0240 0024     		movs	r4, #0
 2130 0242 EEE6     		b	.L123
 2131              	.L154:
 244:Middlewares/ST/STM32_USB_Device_Library/Core/Src/usbd_ctlreq.c **** 
 2132              		.loc 1 244 22 view .LVU726
 2133 0244 0446     		mov	r4, r0
 2134 0246 ECE6     		b	.L123
 2135              		.cfi_endproc
 2136              	.LFE68:
 2138              		.section	.text.USBD_GetString,"ax",%progbits
 2139              		.align	1
 2140              		.global	USBD_GetString
 2141              		.syntax unified
 2142              		.thumb
 2143              		.thumb_func
 2145              	USBD_GetString:
 2146              	.LVL287:
 2147              	.LFB78:
1003:Middlewares/ST/STM32_USB_Device_Library/Core/Src/usbd_ctlreq.c ****   uint8_t idx = 0U;
 2148              		.loc 1 1003 1 is_stmt 1 view -0
 2149              		.cfi_startproc
 2150              		@ args = 0, pretend = 0, frame = 0
 2151              		@ frame_needed = 0, uses_anonymous_args = 0
1004:Middlewares/ST/STM32_USB_Device_Library/Core/Src/usbd_ctlreq.c ****   uint8_t *pdesc;
 2152              		.loc 1 1004 3 view .LVU728
1005:Middlewares/ST/STM32_USB_Device_Library/Core/Src/usbd_ctlreq.c **** 
 2153              		.loc 1 1005 3 view .LVU729
1007:Middlewares/ST/STM32_USB_Device_Library/Core/Src/usbd_ctlreq.c ****   {
 2154              		.loc 1 1007 3 view .LVU730
1007:Middlewares/ST/STM32_USB_Device_Library/Core/Src/usbd_ctlreq.c ****   {
 2155              		.loc 1 1007 6 is_stmt 0 view .LVU731
 2156 0000 10B3     		cbz	r0, .L178
1003:Middlewares/ST/STM32_USB_Device_Library/Core/Src/usbd_ctlreq.c ****   uint8_t idx = 0U;
 2157              		.loc 1 1003 1 view .LVU732
 2158 0002 70B5     		push	{r4, r5, r6, lr}
 2159              	.LCFI14:
 2160              		.cfi_def_cfa_offset 16
 2161              		.cfi_offset 4, -16
 2162              		.cfi_offset 5, -12
 2163              		.cfi_offset 6, -8
 2164              		.cfi_offset 14, -4
 2165 0004 0D46     		mov	r5, r1
 2166 0006 1646     		mov	r6, r2
 2167 0008 0446     		mov	r4, r0
1012:Middlewares/ST/STM32_USB_Device_Library/Core/Src/usbd_ctlreq.c ****   *len = MIN(USBD_MAX_STR_DESC_SIZ, ((uint16_t)USBD_GetLen(pdesc) * 2U) + 2U);
 2168              		.loc 1 1012 3 is_stmt 1 view .LVU733
 2169              	.LVL288:
ARM GAS  /tmp/ccQZPXS1.s 			page 77


1013:Middlewares/ST/STM32_USB_Device_Library/Core/Src/usbd_ctlreq.c **** 
 2170              		.loc 1 1013 3 view .LVU734
1013:Middlewares/ST/STM32_USB_Device_Library/Core/Src/usbd_ctlreq.c **** 
 2171              		.loc 1 1013 10 is_stmt 0 view .LVU735
 2172 000a FFF7FEFF 		bl	USBD_GetLen
 2173              	.LVL289:
1013:Middlewares/ST/STM32_USB_Device_Library/Core/Src/usbd_ctlreq.c **** 
 2174              		.loc 1 1013 10 discriminator 1 view .LVU736
 2175 000e 0130     		adds	r0, r0, #1
 2176 0010 4300     		lsls	r3, r0, #1
1013:Middlewares/ST/STM32_USB_Device_Library/Core/Src/usbd_ctlreq.c **** 
 2177              		.loc 1 1013 8 discriminator 1 view .LVU737
 2178 0012 B3F5807F 		cmp	r3, #256
 2179 0016 06D8     		bhi	.L176
 2180 0018 9BB2     		uxth	r3, r3
 2181              	.L173:
1013:Middlewares/ST/STM32_USB_Device_Library/Core/Src/usbd_ctlreq.c **** 
 2182              		.loc 1 1013 8 discriminator 4 view .LVU738
 2183 001a 3380     		strh	r3, [r6]	@ movhi
1015:Middlewares/ST/STM32_USB_Device_Library/Core/Src/usbd_ctlreq.c ****   idx++;
 2184              		.loc 1 1015 3 is_stmt 1 view .LVU739
1015:Middlewares/ST/STM32_USB_Device_Library/Core/Src/usbd_ctlreq.c ****   idx++;
 2185              		.loc 1 1015 16 is_stmt 0 view .LVU740
 2186 001c 2B70     		strb	r3, [r5]
1016:Middlewares/ST/STM32_USB_Device_Library/Core/Src/usbd_ctlreq.c ****   unicode[idx] = USB_DESC_TYPE_STRING;
 2187              		.loc 1 1016 3 is_stmt 1 view .LVU741
 2188              	.LVL290:
1017:Middlewares/ST/STM32_USB_Device_Library/Core/Src/usbd_ctlreq.c ****   idx++;
 2189              		.loc 1 1017 3 view .LVU742
1017:Middlewares/ST/STM32_USB_Device_Library/Core/Src/usbd_ctlreq.c ****   idx++;
 2190              		.loc 1 1017 16 is_stmt 0 view .LVU743
 2191 001e 0323     		movs	r3, #3
 2192 0020 6B70     		strb	r3, [r5, #1]
1018:Middlewares/ST/STM32_USB_Device_Library/Core/Src/usbd_ctlreq.c **** 
 2193              		.loc 1 1018 3 is_stmt 1 view .LVU744
 2194              	.LVL291:
1020:Middlewares/ST/STM32_USB_Device_Library/Core/Src/usbd_ctlreq.c ****   {
 2195              		.loc 1 1020 3 view .LVU745
1018:Middlewares/ST/STM32_USB_Device_Library/Core/Src/usbd_ctlreq.c **** 
 2196              		.loc 1 1018 6 is_stmt 0 view .LVU746
 2197 0022 0223     		movs	r3, #2
1020:Middlewares/ST/STM32_USB_Device_Library/Core/Src/usbd_ctlreq.c ****   {
 2198              		.loc 1 1020 9 view .LVU747
 2199 0024 0AE0     		b	.L174
 2200              	.LVL292:
 2201              	.L176:
1013:Middlewares/ST/STM32_USB_Device_Library/Core/Src/usbd_ctlreq.c **** 
 2202              		.loc 1 1013 8 discriminator 2 view .LVU748
 2203 0026 4FF48073 		mov	r3, #256
 2204 002a F6E7     		b	.L173
 2205              	.LVL293:
 2206              	.L175:
1022:Middlewares/ST/STM32_USB_Device_Library/Core/Src/usbd_ctlreq.c ****     pdesc++;
 2207              		.loc 1 1022 5 is_stmt 1 view .LVU749
1022:Middlewares/ST/STM32_USB_Device_Library/Core/Src/usbd_ctlreq.c ****     pdesc++;
 2208              		.loc 1 1022 18 is_stmt 0 view .LVU750
 2209 002c E854     		strb	r0, [r5, r3]
ARM GAS  /tmp/ccQZPXS1.s 			page 78


1023:Middlewares/ST/STM32_USB_Device_Library/Core/Src/usbd_ctlreq.c ****     idx++;
 2210              		.loc 1 1023 5 is_stmt 1 view .LVU751
1023:Middlewares/ST/STM32_USB_Device_Library/Core/Src/usbd_ctlreq.c ****     idx++;
 2211              		.loc 1 1023 10 is_stmt 0 view .LVU752
 2212 002e 0134     		adds	r4, r4, #1
 2213              	.LVL294:
1024:Middlewares/ST/STM32_USB_Device_Library/Core/Src/usbd_ctlreq.c **** 
 2214              		.loc 1 1024 5 is_stmt 1 view .LVU753
1024:Middlewares/ST/STM32_USB_Device_Library/Core/Src/usbd_ctlreq.c **** 
 2215              		.loc 1 1024 8 is_stmt 0 view .LVU754
 2216 0030 581C     		adds	r0, r3, #1
 2217 0032 C0B2     		uxtb	r0, r0
 2218              	.LVL295:
1026:Middlewares/ST/STM32_USB_Device_Library/Core/Src/usbd_ctlreq.c ****     idx++;
 2219              		.loc 1 1026 5 is_stmt 1 view .LVU755
1026:Middlewares/ST/STM32_USB_Device_Library/Core/Src/usbd_ctlreq.c ****     idx++;
 2220              		.loc 1 1026 18 is_stmt 0 view .LVU756
 2221 0034 0022     		movs	r2, #0
 2222 0036 2A54     		strb	r2, [r5, r0]
1027:Middlewares/ST/STM32_USB_Device_Library/Core/Src/usbd_ctlreq.c ****   }
 2223              		.loc 1 1027 5 is_stmt 1 view .LVU757
1027:Middlewares/ST/STM32_USB_Device_Library/Core/Src/usbd_ctlreq.c ****   }
 2224              		.loc 1 1027 8 is_stmt 0 view .LVU758
 2225 0038 0233     		adds	r3, r3, #2
 2226 003a DBB2     		uxtb	r3, r3
 2227              	.LVL296:
 2228              	.L174:
1020:Middlewares/ST/STM32_USB_Device_Library/Core/Src/usbd_ctlreq.c ****   {
 2229              		.loc 1 1020 36 is_stmt 1 view .LVU759
1020:Middlewares/ST/STM32_USB_Device_Library/Core/Src/usbd_ctlreq.c ****   {
 2230              		.loc 1 1020 11 is_stmt 0 view .LVU760
 2231 003c 2078     		ldrb	r0, [r4]	@ zero_extendqisi2
1020:Middlewares/ST/STM32_USB_Device_Library/Core/Src/usbd_ctlreq.c ****   {
 2232              		.loc 1 1020 36 view .LVU761
 2233 003e 10B1     		cbz	r0, .L171
1020:Middlewares/ST/STM32_USB_Device_Library/Core/Src/usbd_ctlreq.c ****   {
 2234              		.loc 1 1020 46 discriminator 1 view .LVU762
 2235 0040 3288     		ldrh	r2, [r6]
1020:Middlewares/ST/STM32_USB_Device_Library/Core/Src/usbd_ctlreq.c ****   {
 2236              		.loc 1 1020 36 discriminator 1 view .LVU763
 2237 0042 9342     		cmp	r3, r2
 2238 0044 F2D3     		bcc	.L175
 2239              	.L171:
1029:Middlewares/ST/STM32_USB_Device_Library/Core/Src/usbd_ctlreq.c **** 
 2240              		.loc 1 1029 1 view .LVU764
 2241 0046 70BD     		pop	{r4, r5, r6, pc}
 2242              	.LVL297:
 2243              	.L178:
 2244              	.LCFI15:
 2245              		.cfi_def_cfa_offset 0
 2246              		.cfi_restore 4
 2247              		.cfi_restore 5
 2248              		.cfi_restore 6
 2249              		.cfi_restore 14
1029:Middlewares/ST/STM32_USB_Device_Library/Core/Src/usbd_ctlreq.c **** 
 2250              		.loc 1 1029 1 view .LVU765
 2251 0048 7047     		bx	lr
ARM GAS  /tmp/ccQZPXS1.s 			page 79


 2252              		.cfi_endproc
 2253              	.LFE78:
 2255              		.section	.bss.cfgidx.0,"aw",%nobits
 2258              	cfgidx.0:
 2259 0000 00       		.space	1
 2260              		.text
 2261              	.Letext0:
 2262              		.file 3 "/usr/lib/gcc/arm-none-eabi/13.2.1/include/stdint.h"
 2263              		.file 4 "Middlewares/ST/STM32_USB_Device_Library/Core/Inc/usbd_core.h"
 2264              		.file 5 "Middlewares/ST/STM32_USB_Device_Library/Core/Inc/usbd_ioreq.h"
ARM GAS  /tmp/ccQZPXS1.s 			page 80


DEFINED SYMBOLS
                            *ABS*:00000000 usbd_ctlreq.c
     /tmp/ccQZPXS1.s:19     .text.USBD_GetLen:00000000 $t
     /tmp/ccQZPXS1.s:24     .text.USBD_GetLen:00000000 USBD_GetLen
     /tmp/ccQZPXS1.s:70     .text.USBD_ParseSetupRequest:00000000 $t
     /tmp/ccQZPXS1.s:76     .text.USBD_ParseSetupRequest:00000000 USBD_ParseSetupRequest
     /tmp/ccQZPXS1.s:197    .text.USBD_CtlError:00000000 $t
     /tmp/ccQZPXS1.s:203    .text.USBD_CtlError:00000000 USBD_CtlError
     /tmp/ccQZPXS1.s:238    .text.USBD_GetDescriptor:00000000 $t
     /tmp/ccQZPXS1.s:243    .text.USBD_GetDescriptor:00000000 USBD_GetDescriptor
     /tmp/ccQZPXS1.s:281    .text.USBD_GetDescriptor:0000001e $d
     /tmp/ccQZPXS1.s:394    .text.USBD_GetDescriptor:0000008e $d
     /tmp/ccQZPXS1.s:400    .text.USBD_GetDescriptor:00000094 $t
     /tmp/ccQZPXS1.s:675    .text.USBD_SetAddress:00000000 $t
     /tmp/ccQZPXS1.s:680    .text.USBD_SetAddress:00000000 USBD_SetAddress
     /tmp/ccQZPXS1.s:774    .text.USBD_SetConfig:00000000 $t
     /tmp/ccQZPXS1.s:779    .text.USBD_SetConfig:00000000 USBD_SetConfig
     /tmp/ccQZPXS1.s:992    .text.USBD_SetConfig:000000c8 $d
     /tmp/ccQZPXS1.s:2258   .bss.cfgidx.0:00000000 cfgidx.0
     /tmp/ccQZPXS1.s:997    .text.USBD_GetConfig:00000000 $t
     /tmp/ccQZPXS1.s:1002   .text.USBD_GetConfig:00000000 USBD_GetConfig
     /tmp/ccQZPXS1.s:1079   .text.USBD_GetStatus:00000000 $t
     /tmp/ccQZPXS1.s:1084   .text.USBD_GetStatus:00000000 USBD_GetStatus
     /tmp/ccQZPXS1.s:1155   .text.USBD_SetFeature:00000000 $t
     /tmp/ccQZPXS1.s:1160   .text.USBD_SetFeature:00000000 USBD_SetFeature
     /tmp/ccQZPXS1.s:1219   .text.USBD_ClrFeature:00000000 $t
     /tmp/ccQZPXS1.s:1224   .text.USBD_ClrFeature:00000000 USBD_ClrFeature
     /tmp/ccQZPXS1.s:1278   .text.USBD_StdDevReq:00000000 $t
     /tmp/ccQZPXS1.s:1284   .text.USBD_StdDevReq:00000000 USBD_StdDevReq
     /tmp/ccQZPXS1.s:1350   .text.USBD_StdDevReq:00000038 $d
     /tmp/ccQZPXS1.s:1360   .text.USBD_StdDevReq:00000042 $t
     /tmp/ccQZPXS1.s:1427   .text.USBD_StdItfReq:00000000 $t
     /tmp/ccQZPXS1.s:1433   .text.USBD_StdItfReq:00000000 USBD_StdItfReq
     /tmp/ccQZPXS1.s:1584   .text.USBD_StdEPReq:00000000 $t
     /tmp/ccQZPXS1.s:1590   .text.USBD_StdEPReq:00000000 USBD_StdEPReq
     /tmp/ccQZPXS1.s:2139   .text.USBD_GetString:00000000 $t
     /tmp/ccQZPXS1.s:2145   .text.USBD_GetString:00000000 USBD_GetString
     /tmp/ccQZPXS1.s:2259   .bss.cfgidx.0:00000000 $d
     /tmp/ccQZPXS1.s:288    .text.USBD_GetDescriptor:00000025 $d
     /tmp/ccQZPXS1.s:288    .text.USBD_GetDescriptor:00000026 $t

UNDEFINED SYMBOLS
USBD_LL_StallEP
USBD_CtlSendData
USBD_CtlSendStatus
USBD_LL_SetUSBAddress
USBD_ClrClassConfig
USBD_SetClassConfig
USBD_CoreFindIF
USBD_CoreFindEP
USBD_LL_ClearStallEP
USBD_LL_IsStallEP
