ARM GAS  /tmp/cc78RUCQ.s 			page 1


   1              		.cpu cortex-m3
   2              		.arch armv7-m
   3              		.fpu softvfp
   4              		.eabi_attribute 20, 1
   5              		.eabi_attribute 21, 1
   6              		.eabi_attribute 23, 3
   7              		.eabi_attribute 24, 1
   8              		.eabi_attribute 25, 1
   9              		.eabi_attribute 26, 1
  10              		.eabi_attribute 30, 1
  11              		.eabi_attribute 34, 1
  12              		.eabi_attribute 18, 4
  13              		.file	"usbd_core.c"
  14              		.text
  15              	.Ltext0:
  16              		.cfi_sections	.debug_frame
  17              		.file 1 "Middlewares/ST/STM32_USB_Device_Library/Core/Src/usbd_core.c"
  18              		.section	.text.USBD_Init,"ax",%progbits
  19              		.align	1
  20              		.global	USBD_Init
  21              		.syntax unified
  22              		.thumb
  23              		.thumb_func
  25              	USBD_Init:
  26              	.LVL0:
  27              	.LFB66:
   1:Middlewares/ST/STM32_USB_Device_Library/Core/Src/usbd_core.c **** /**
   2:Middlewares/ST/STM32_USB_Device_Library/Core/Src/usbd_core.c ****   ******************************************************************************
   3:Middlewares/ST/STM32_USB_Device_Library/Core/Src/usbd_core.c ****   * @file    usbd_core.c
   4:Middlewares/ST/STM32_USB_Device_Library/Core/Src/usbd_core.c ****   * @author  MCD Application Team
   5:Middlewares/ST/STM32_USB_Device_Library/Core/Src/usbd_core.c ****   * @brief   This file provides all the USBD core functions.
   6:Middlewares/ST/STM32_USB_Device_Library/Core/Src/usbd_core.c ****   ******************************************************************************
   7:Middlewares/ST/STM32_USB_Device_Library/Core/Src/usbd_core.c ****   * @attention
   8:Middlewares/ST/STM32_USB_Device_Library/Core/Src/usbd_core.c ****   *
   9:Middlewares/ST/STM32_USB_Device_Library/Core/Src/usbd_core.c ****   * Copyright (c) 2015 STMicroelectronics.
  10:Middlewares/ST/STM32_USB_Device_Library/Core/Src/usbd_core.c ****   * All rights reserved.
  11:Middlewares/ST/STM32_USB_Device_Library/Core/Src/usbd_core.c ****   *
  12:Middlewares/ST/STM32_USB_Device_Library/Core/Src/usbd_core.c ****   * This software is licensed under terms that can be found in the LICENSE file
  13:Middlewares/ST/STM32_USB_Device_Library/Core/Src/usbd_core.c ****   * in the root directory of this software component.
  14:Middlewares/ST/STM32_USB_Device_Library/Core/Src/usbd_core.c ****   * If no LICENSE file comes with this software, it is provided AS-IS.
  15:Middlewares/ST/STM32_USB_Device_Library/Core/Src/usbd_core.c ****   *
  16:Middlewares/ST/STM32_USB_Device_Library/Core/Src/usbd_core.c ****   ******************************************************************************
  17:Middlewares/ST/STM32_USB_Device_Library/Core/Src/usbd_core.c ****   */
  18:Middlewares/ST/STM32_USB_Device_Library/Core/Src/usbd_core.c **** 
  19:Middlewares/ST/STM32_USB_Device_Library/Core/Src/usbd_core.c **** /* Includes ------------------------------------------------------------------*/
  20:Middlewares/ST/STM32_USB_Device_Library/Core/Src/usbd_core.c **** #include "usbd_core.h"
  21:Middlewares/ST/STM32_USB_Device_Library/Core/Src/usbd_core.c **** 
  22:Middlewares/ST/STM32_USB_Device_Library/Core/Src/usbd_core.c **** #ifdef USE_USBD_COMPOSITE
  23:Middlewares/ST/STM32_USB_Device_Library/Core/Src/usbd_core.c **** #include "usbd_composite_builder.h"
  24:Middlewares/ST/STM32_USB_Device_Library/Core/Src/usbd_core.c **** #endif /* USE_USBD_COMPOSITE */
  25:Middlewares/ST/STM32_USB_Device_Library/Core/Src/usbd_core.c **** 
  26:Middlewares/ST/STM32_USB_Device_Library/Core/Src/usbd_core.c **** /** @addtogroup STM32_USBD_DEVICE_LIBRARY
  27:Middlewares/ST/STM32_USB_Device_Library/Core/Src/usbd_core.c ****   * @{
  28:Middlewares/ST/STM32_USB_Device_Library/Core/Src/usbd_core.c ****   */
  29:Middlewares/ST/STM32_USB_Device_Library/Core/Src/usbd_core.c **** 
  30:Middlewares/ST/STM32_USB_Device_Library/Core/Src/usbd_core.c **** 
  31:Middlewares/ST/STM32_USB_Device_Library/Core/Src/usbd_core.c **** /** @defgroup USBD_CORE
ARM GAS  /tmp/cc78RUCQ.s 			page 2


  32:Middlewares/ST/STM32_USB_Device_Library/Core/Src/usbd_core.c ****   * @brief usbd core module
  33:Middlewares/ST/STM32_USB_Device_Library/Core/Src/usbd_core.c ****   * @{
  34:Middlewares/ST/STM32_USB_Device_Library/Core/Src/usbd_core.c ****   */
  35:Middlewares/ST/STM32_USB_Device_Library/Core/Src/usbd_core.c **** 
  36:Middlewares/ST/STM32_USB_Device_Library/Core/Src/usbd_core.c **** /** @defgroup USBD_CORE_Private_TypesDefinitions
  37:Middlewares/ST/STM32_USB_Device_Library/Core/Src/usbd_core.c ****   * @{
  38:Middlewares/ST/STM32_USB_Device_Library/Core/Src/usbd_core.c ****   */
  39:Middlewares/ST/STM32_USB_Device_Library/Core/Src/usbd_core.c **** 
  40:Middlewares/ST/STM32_USB_Device_Library/Core/Src/usbd_core.c **** /**
  41:Middlewares/ST/STM32_USB_Device_Library/Core/Src/usbd_core.c ****   * @}
  42:Middlewares/ST/STM32_USB_Device_Library/Core/Src/usbd_core.c ****   */
  43:Middlewares/ST/STM32_USB_Device_Library/Core/Src/usbd_core.c **** 
  44:Middlewares/ST/STM32_USB_Device_Library/Core/Src/usbd_core.c **** 
  45:Middlewares/ST/STM32_USB_Device_Library/Core/Src/usbd_core.c **** /** @defgroup USBD_CORE_Private_Defines
  46:Middlewares/ST/STM32_USB_Device_Library/Core/Src/usbd_core.c ****   * @{
  47:Middlewares/ST/STM32_USB_Device_Library/Core/Src/usbd_core.c ****   */
  48:Middlewares/ST/STM32_USB_Device_Library/Core/Src/usbd_core.c **** 
  49:Middlewares/ST/STM32_USB_Device_Library/Core/Src/usbd_core.c **** /**
  50:Middlewares/ST/STM32_USB_Device_Library/Core/Src/usbd_core.c ****   * @}
  51:Middlewares/ST/STM32_USB_Device_Library/Core/Src/usbd_core.c ****   */
  52:Middlewares/ST/STM32_USB_Device_Library/Core/Src/usbd_core.c **** 
  53:Middlewares/ST/STM32_USB_Device_Library/Core/Src/usbd_core.c **** 
  54:Middlewares/ST/STM32_USB_Device_Library/Core/Src/usbd_core.c **** /** @defgroup USBD_CORE_Private_Macros
  55:Middlewares/ST/STM32_USB_Device_Library/Core/Src/usbd_core.c ****   * @{
  56:Middlewares/ST/STM32_USB_Device_Library/Core/Src/usbd_core.c ****   */
  57:Middlewares/ST/STM32_USB_Device_Library/Core/Src/usbd_core.c **** 
  58:Middlewares/ST/STM32_USB_Device_Library/Core/Src/usbd_core.c **** /**
  59:Middlewares/ST/STM32_USB_Device_Library/Core/Src/usbd_core.c ****   * @}
  60:Middlewares/ST/STM32_USB_Device_Library/Core/Src/usbd_core.c ****   */
  61:Middlewares/ST/STM32_USB_Device_Library/Core/Src/usbd_core.c **** 
  62:Middlewares/ST/STM32_USB_Device_Library/Core/Src/usbd_core.c **** 
  63:Middlewares/ST/STM32_USB_Device_Library/Core/Src/usbd_core.c **** /** @defgroup USBD_CORE_Private_FunctionPrototypes
  64:Middlewares/ST/STM32_USB_Device_Library/Core/Src/usbd_core.c ****   * @{
  65:Middlewares/ST/STM32_USB_Device_Library/Core/Src/usbd_core.c ****   */
  66:Middlewares/ST/STM32_USB_Device_Library/Core/Src/usbd_core.c **** 
  67:Middlewares/ST/STM32_USB_Device_Library/Core/Src/usbd_core.c **** /**
  68:Middlewares/ST/STM32_USB_Device_Library/Core/Src/usbd_core.c ****   * @}
  69:Middlewares/ST/STM32_USB_Device_Library/Core/Src/usbd_core.c ****   */
  70:Middlewares/ST/STM32_USB_Device_Library/Core/Src/usbd_core.c **** 
  71:Middlewares/ST/STM32_USB_Device_Library/Core/Src/usbd_core.c **** /** @defgroup USBD_CORE_Private_Variables
  72:Middlewares/ST/STM32_USB_Device_Library/Core/Src/usbd_core.c ****   * @{
  73:Middlewares/ST/STM32_USB_Device_Library/Core/Src/usbd_core.c ****   */
  74:Middlewares/ST/STM32_USB_Device_Library/Core/Src/usbd_core.c **** 
  75:Middlewares/ST/STM32_USB_Device_Library/Core/Src/usbd_core.c **** /**
  76:Middlewares/ST/STM32_USB_Device_Library/Core/Src/usbd_core.c ****   * @}
  77:Middlewares/ST/STM32_USB_Device_Library/Core/Src/usbd_core.c ****   */
  78:Middlewares/ST/STM32_USB_Device_Library/Core/Src/usbd_core.c **** 
  79:Middlewares/ST/STM32_USB_Device_Library/Core/Src/usbd_core.c **** 
  80:Middlewares/ST/STM32_USB_Device_Library/Core/Src/usbd_core.c **** /** @defgroup USBD_CORE_Private_Functions
  81:Middlewares/ST/STM32_USB_Device_Library/Core/Src/usbd_core.c ****   * @{
  82:Middlewares/ST/STM32_USB_Device_Library/Core/Src/usbd_core.c ****   */
  83:Middlewares/ST/STM32_USB_Device_Library/Core/Src/usbd_core.c **** 
  84:Middlewares/ST/STM32_USB_Device_Library/Core/Src/usbd_core.c **** /**
  85:Middlewares/ST/STM32_USB_Device_Library/Core/Src/usbd_core.c ****   * @brief  USBD_Init
  86:Middlewares/ST/STM32_USB_Device_Library/Core/Src/usbd_core.c ****   *         Initialize the device stack and load the class driver
  87:Middlewares/ST/STM32_USB_Device_Library/Core/Src/usbd_core.c ****   * @param  pdev: device instance
  88:Middlewares/ST/STM32_USB_Device_Library/Core/Src/usbd_core.c ****   * @param  pdesc: Descriptor structure address
ARM GAS  /tmp/cc78RUCQ.s 			page 3


  89:Middlewares/ST/STM32_USB_Device_Library/Core/Src/usbd_core.c ****   * @param  id: Low level core index
  90:Middlewares/ST/STM32_USB_Device_Library/Core/Src/usbd_core.c ****   * @retval status: USBD Status
  91:Middlewares/ST/STM32_USB_Device_Library/Core/Src/usbd_core.c ****   */
  92:Middlewares/ST/STM32_USB_Device_Library/Core/Src/usbd_core.c **** USBD_StatusTypeDef USBD_Init(USBD_HandleTypeDef *pdev,
  93:Middlewares/ST/STM32_USB_Device_Library/Core/Src/usbd_core.c ****                              USBD_DescriptorsTypeDef *pdesc, uint8_t id)
  94:Middlewares/ST/STM32_USB_Device_Library/Core/Src/usbd_core.c **** {
  28              		.loc 1 94 1 view -0
  29              		.cfi_startproc
  30              		@ args = 0, pretend = 0, frame = 0
  31              		@ frame_needed = 0, uses_anonymous_args = 0
  95:Middlewares/ST/STM32_USB_Device_Library/Core/Src/usbd_core.c ****   USBD_StatusTypeDef ret;
  32              		.loc 1 95 3 view .LVU1
  96:Middlewares/ST/STM32_USB_Device_Library/Core/Src/usbd_core.c **** 
  97:Middlewares/ST/STM32_USB_Device_Library/Core/Src/usbd_core.c ****   /* Check whether the USB Host handle is valid */
  98:Middlewares/ST/STM32_USB_Device_Library/Core/Src/usbd_core.c ****   if (pdev == NULL)
  33              		.loc 1 98 3 view .LVU2
  34              		.loc 1 98 6 is_stmt 0 view .LVU3
  35 0000 A8B1     		cbz	r0, .L4
  94:Middlewares/ST/STM32_USB_Device_Library/Core/Src/usbd_core.c ****   USBD_StatusTypeDef ret;
  36              		.loc 1 94 1 view .LVU4
  37 0002 08B5     		push	{r3, lr}
  38              	.LCFI0:
  39              		.cfi_def_cfa_offset 8
  40              		.cfi_offset 3, -8
  41              		.cfi_offset 14, -4
  42 0004 0346     		mov	r3, r0
  99:Middlewares/ST/STM32_USB_Device_Library/Core/Src/usbd_core.c ****   {
 100:Middlewares/ST/STM32_USB_Device_Library/Core/Src/usbd_core.c **** #if (USBD_DEBUG_LEVEL > 1U)
 101:Middlewares/ST/STM32_USB_Device_Library/Core/Src/usbd_core.c ****     USBD_ErrLog("Invalid Device handle");
 102:Middlewares/ST/STM32_USB_Device_Library/Core/Src/usbd_core.c **** #endif /* (USBD_DEBUG_LEVEL > 1U) */
 103:Middlewares/ST/STM32_USB_Device_Library/Core/Src/usbd_core.c ****     return USBD_FAIL;
 104:Middlewares/ST/STM32_USB_Device_Library/Core/Src/usbd_core.c ****   }
 105:Middlewares/ST/STM32_USB_Device_Library/Core/Src/usbd_core.c **** 
 106:Middlewares/ST/STM32_USB_Device_Library/Core/Src/usbd_core.c **** #ifdef USE_USBD_COMPOSITE
 107:Middlewares/ST/STM32_USB_Device_Library/Core/Src/usbd_core.c ****   /* Parse the table of classes in use */
 108:Middlewares/ST/STM32_USB_Device_Library/Core/Src/usbd_core.c ****   for (uint32_t i = 0U; i < USBD_MAX_SUPPORTED_CLASS; i++)
 109:Middlewares/ST/STM32_USB_Device_Library/Core/Src/usbd_core.c ****   {
 110:Middlewares/ST/STM32_USB_Device_Library/Core/Src/usbd_core.c ****     /* Unlink previous class*/
 111:Middlewares/ST/STM32_USB_Device_Library/Core/Src/usbd_core.c ****     pdev->pClass[i] = NULL;
 112:Middlewares/ST/STM32_USB_Device_Library/Core/Src/usbd_core.c ****     pdev->pUserData[i] = NULL;
 113:Middlewares/ST/STM32_USB_Device_Library/Core/Src/usbd_core.c **** 
 114:Middlewares/ST/STM32_USB_Device_Library/Core/Src/usbd_core.c ****     /* Set class as inactive */
 115:Middlewares/ST/STM32_USB_Device_Library/Core/Src/usbd_core.c ****     pdev->tclasslist[i].Active = 0U;
 116:Middlewares/ST/STM32_USB_Device_Library/Core/Src/usbd_core.c ****     pdev->NumClasses = 0U;
 117:Middlewares/ST/STM32_USB_Device_Library/Core/Src/usbd_core.c ****     pdev->classId = 0U;
 118:Middlewares/ST/STM32_USB_Device_Library/Core/Src/usbd_core.c ****   }
 119:Middlewares/ST/STM32_USB_Device_Library/Core/Src/usbd_core.c **** #else
 120:Middlewares/ST/STM32_USB_Device_Library/Core/Src/usbd_core.c ****   /* Unlink previous class*/
 121:Middlewares/ST/STM32_USB_Device_Library/Core/Src/usbd_core.c ****   pdev->pClass[0] = NULL;
  43              		.loc 1 121 3 is_stmt 1 view .LVU5
  44              		.loc 1 121 19 is_stmt 0 view .LVU6
  45 0006 0020     		movs	r0, #0
  46              	.LVL1:
  47              		.loc 1 121 19 view .LVU7
  48 0008 C3F8B802 		str	r0, [r3, #696]
 122:Middlewares/ST/STM32_USB_Device_Library/Core/Src/usbd_core.c ****   pdev->pUserData[0] = NULL;
  49              		.loc 1 122 3 is_stmt 1 view .LVU8
ARM GAS  /tmp/cc78RUCQ.s 			page 4


  50              		.loc 1 122 22 is_stmt 0 view .LVU9
  51 000c C3F8C402 		str	r0, [r3, #708]
 123:Middlewares/ST/STM32_USB_Device_Library/Core/Src/usbd_core.c ****   pdev->NumClasses = 0U;
  52              		.loc 1 123 3 is_stmt 1 view .LVU10
  53              		.loc 1 123 20 is_stmt 0 view .LVU11
  54 0010 C3F8D802 		str	r0, [r3, #728]
 124:Middlewares/ST/STM32_USB_Device_Library/Core/Src/usbd_core.c **** #endif /* USE_USBD_COMPOSITE */
 125:Middlewares/ST/STM32_USB_Device_Library/Core/Src/usbd_core.c **** 
 126:Middlewares/ST/STM32_USB_Device_Library/Core/Src/usbd_core.c ****   pdev->pConfDesc = NULL;
  55              		.loc 1 126 3 is_stmt 1 view .LVU12
  56              		.loc 1 126 19 is_stmt 0 view .LVU13
  57 0014 C3F8D002 		str	r0, [r3, #720]
 127:Middlewares/ST/STM32_USB_Device_Library/Core/Src/usbd_core.c **** 
 128:Middlewares/ST/STM32_USB_Device_Library/Core/Src/usbd_core.c ****   /* Assign USBD Descriptors */
 129:Middlewares/ST/STM32_USB_Device_Library/Core/Src/usbd_core.c ****   if (pdesc != NULL)
  58              		.loc 1 129 3 is_stmt 1 view .LVU14
  59              		.loc 1 129 6 is_stmt 0 view .LVU15
  60 0018 09B1     		cbz	r1, .L3
 130:Middlewares/ST/STM32_USB_Device_Library/Core/Src/usbd_core.c ****   {
 131:Middlewares/ST/STM32_USB_Device_Library/Core/Src/usbd_core.c ****     pdev->pDesc = pdesc;
  61              		.loc 1 131 5 is_stmt 1 view .LVU16
  62              		.loc 1 131 17 is_stmt 0 view .LVU17
  63 001a C3F8B412 		str	r1, [r3, #692]
  64              	.L3:
 132:Middlewares/ST/STM32_USB_Device_Library/Core/Src/usbd_core.c ****   }
 133:Middlewares/ST/STM32_USB_Device_Library/Core/Src/usbd_core.c **** 
 134:Middlewares/ST/STM32_USB_Device_Library/Core/Src/usbd_core.c ****   /* Set Device initial State */
 135:Middlewares/ST/STM32_USB_Device_Library/Core/Src/usbd_core.c ****   pdev->dev_state = USBD_STATE_DEFAULT;
  65              		.loc 1 135 3 is_stmt 1 view .LVU18
  66              		.loc 1 135 19 is_stmt 0 view .LVU19
  67 001e 0121     		movs	r1, #1
  68              	.LVL2:
  69              		.loc 1 135 19 view .LVU20
  70 0020 83F89C12 		strb	r1, [r3, #668]
 136:Middlewares/ST/STM32_USB_Device_Library/Core/Src/usbd_core.c ****   pdev->id = id;
  71              		.loc 1 136 3 is_stmt 1 view .LVU21
  72              		.loc 1 136 12 is_stmt 0 view .LVU22
  73 0024 1A70     		strb	r2, [r3]
 137:Middlewares/ST/STM32_USB_Device_Library/Core/Src/usbd_core.c **** 
 138:Middlewares/ST/STM32_USB_Device_Library/Core/Src/usbd_core.c ****   /* Initialize low level driver */
 139:Middlewares/ST/STM32_USB_Device_Library/Core/Src/usbd_core.c ****   ret = USBD_LL_Init(pdev);
  74              		.loc 1 139 3 is_stmt 1 view .LVU23
  75              		.loc 1 139 9 is_stmt 0 view .LVU24
  76 0026 1846     		mov	r0, r3
  77 0028 FFF7FEFF 		bl	USBD_LL_Init
  78              	.LVL3:
 140:Middlewares/ST/STM32_USB_Device_Library/Core/Src/usbd_core.c **** 
 141:Middlewares/ST/STM32_USB_Device_Library/Core/Src/usbd_core.c ****   return ret;
  79              		.loc 1 141 3 is_stmt 1 view .LVU25
 142:Middlewares/ST/STM32_USB_Device_Library/Core/Src/usbd_core.c **** }
  80              		.loc 1 142 1 is_stmt 0 view .LVU26
  81 002c 08BD     		pop	{r3, pc}
  82              	.LVL4:
  83              	.L4:
  84              	.LCFI1:
  85              		.cfi_def_cfa_offset 0
  86              		.cfi_restore 3
ARM GAS  /tmp/cc78RUCQ.s 			page 5


  87              		.cfi_restore 14
 103:Middlewares/ST/STM32_USB_Device_Library/Core/Src/usbd_core.c ****   }
  88              		.loc 1 103 12 view .LVU27
  89 002e 0320     		movs	r0, #3
  90              	.LVL5:
  91              		.loc 1 142 1 view .LVU28
  92 0030 7047     		bx	lr
  93              		.cfi_endproc
  94              	.LFE66:
  96              		.section	.text.USBD_DeInit,"ax",%progbits
  97              		.align	1
  98              		.global	USBD_DeInit
  99              		.syntax unified
 100              		.thumb
 101              		.thumb_func
 103              	USBD_DeInit:
 104              	.LVL6:
 105              	.LFB67:
 143:Middlewares/ST/STM32_USB_Device_Library/Core/Src/usbd_core.c **** 
 144:Middlewares/ST/STM32_USB_Device_Library/Core/Src/usbd_core.c **** /**
 145:Middlewares/ST/STM32_USB_Device_Library/Core/Src/usbd_core.c ****   * @brief  USBD_DeInit
 146:Middlewares/ST/STM32_USB_Device_Library/Core/Src/usbd_core.c ****   *         De-Initialize the device library
 147:Middlewares/ST/STM32_USB_Device_Library/Core/Src/usbd_core.c ****   * @param  pdev: device instance
 148:Middlewares/ST/STM32_USB_Device_Library/Core/Src/usbd_core.c ****   * @retval status: USBD Status
 149:Middlewares/ST/STM32_USB_Device_Library/Core/Src/usbd_core.c ****   */
 150:Middlewares/ST/STM32_USB_Device_Library/Core/Src/usbd_core.c **** USBD_StatusTypeDef USBD_DeInit(USBD_HandleTypeDef *pdev)
 151:Middlewares/ST/STM32_USB_Device_Library/Core/Src/usbd_core.c **** {
 106              		.loc 1 151 1 is_stmt 1 view -0
 107              		.cfi_startproc
 108              		@ args = 0, pretend = 0, frame = 0
 109              		@ frame_needed = 0, uses_anonymous_args = 0
 110              		.loc 1 151 1 is_stmt 0 view .LVU30
 111 0000 10B5     		push	{r4, lr}
 112              	.LCFI2:
 113              		.cfi_def_cfa_offset 8
 114              		.cfi_offset 4, -8
 115              		.cfi_offset 14, -4
 116 0002 0446     		mov	r4, r0
 152:Middlewares/ST/STM32_USB_Device_Library/Core/Src/usbd_core.c ****   USBD_StatusTypeDef ret;
 117              		.loc 1 152 3 is_stmt 1 view .LVU31
 153:Middlewares/ST/STM32_USB_Device_Library/Core/Src/usbd_core.c **** 
 154:Middlewares/ST/STM32_USB_Device_Library/Core/Src/usbd_core.c ****   /* Disconnect the USB Device */
 155:Middlewares/ST/STM32_USB_Device_Library/Core/Src/usbd_core.c ****   (void)USBD_LL_Stop(pdev);
 118              		.loc 1 155 3 view .LVU32
 119              		.loc 1 155 9 is_stmt 0 view .LVU33
 120 0004 FFF7FEFF 		bl	USBD_LL_Stop
 121              	.LVL7:
 156:Middlewares/ST/STM32_USB_Device_Library/Core/Src/usbd_core.c **** 
 157:Middlewares/ST/STM32_USB_Device_Library/Core/Src/usbd_core.c ****   /* Set Default State */
 158:Middlewares/ST/STM32_USB_Device_Library/Core/Src/usbd_core.c ****   pdev->dev_state = USBD_STATE_DEFAULT;
 122              		.loc 1 158 3 is_stmt 1 view .LVU34
 123              		.loc 1 158 19 is_stmt 0 view .LVU35
 124 0008 0123     		movs	r3, #1
 125 000a 84F89C32 		strb	r3, [r4, #668]
 159:Middlewares/ST/STM32_USB_Device_Library/Core/Src/usbd_core.c **** 
 160:Middlewares/ST/STM32_USB_Device_Library/Core/Src/usbd_core.c **** #ifdef USE_USBD_COMPOSITE
 161:Middlewares/ST/STM32_USB_Device_Library/Core/Src/usbd_core.c ****   /* Parse the table of classes in use */
ARM GAS  /tmp/cc78RUCQ.s 			page 6


 162:Middlewares/ST/STM32_USB_Device_Library/Core/Src/usbd_core.c ****   for (uint32_t i = 0; i < USBD_MAX_SUPPORTED_CLASS; i++)
 163:Middlewares/ST/STM32_USB_Device_Library/Core/Src/usbd_core.c ****   {
 164:Middlewares/ST/STM32_USB_Device_Library/Core/Src/usbd_core.c ****     /* Check if current class is in use */
 165:Middlewares/ST/STM32_USB_Device_Library/Core/Src/usbd_core.c ****     if ((pdev->tclasslist[i].Active) == 1U)
 166:Middlewares/ST/STM32_USB_Device_Library/Core/Src/usbd_core.c ****     {
 167:Middlewares/ST/STM32_USB_Device_Library/Core/Src/usbd_core.c ****       if (pdev->pClass[i] != NULL)
 168:Middlewares/ST/STM32_USB_Device_Library/Core/Src/usbd_core.c ****       {
 169:Middlewares/ST/STM32_USB_Device_Library/Core/Src/usbd_core.c ****         pdev->classId = i;
 170:Middlewares/ST/STM32_USB_Device_Library/Core/Src/usbd_core.c ****         /* Free Class Resources */
 171:Middlewares/ST/STM32_USB_Device_Library/Core/Src/usbd_core.c ****         pdev->pClass[i]->DeInit(pdev, (uint8_t)pdev->dev_config);
 172:Middlewares/ST/STM32_USB_Device_Library/Core/Src/usbd_core.c ****       }
 173:Middlewares/ST/STM32_USB_Device_Library/Core/Src/usbd_core.c ****     }
 174:Middlewares/ST/STM32_USB_Device_Library/Core/Src/usbd_core.c ****   }
 175:Middlewares/ST/STM32_USB_Device_Library/Core/Src/usbd_core.c **** #else
 176:Middlewares/ST/STM32_USB_Device_Library/Core/Src/usbd_core.c ****   /* Free Class Resources */
 177:Middlewares/ST/STM32_USB_Device_Library/Core/Src/usbd_core.c ****   if (pdev->pClass[0] != NULL)
 126              		.loc 1 177 3 is_stmt 1 view .LVU36
 127              		.loc 1 177 19 is_stmt 0 view .LVU37
 128 000e D4F8B832 		ldr	r3, [r4, #696]
 129              		.loc 1 177 6 view .LVU38
 130 0012 1BB1     		cbz	r3, .L10
 178:Middlewares/ST/STM32_USB_Device_Library/Core/Src/usbd_core.c ****   {
 179:Middlewares/ST/STM32_USB_Device_Library/Core/Src/usbd_core.c ****     pdev->pClass[0]->DeInit(pdev, (uint8_t)pdev->dev_config);
 131              		.loc 1 179 5 is_stmt 1 view .LVU39
 132              		.loc 1 179 20 is_stmt 0 view .LVU40
 133 0014 5B68     		ldr	r3, [r3, #4]
 134              		.loc 1 179 5 view .LVU41
 135 0016 2179     		ldrb	r1, [r4, #4]	@ zero_extendqisi2
 136 0018 2046     		mov	r0, r4
 137 001a 9847     		blx	r3
 138              	.LVL8:
 139              	.L10:
 180:Middlewares/ST/STM32_USB_Device_Library/Core/Src/usbd_core.c ****   }
 181:Middlewares/ST/STM32_USB_Device_Library/Core/Src/usbd_core.c **** 
 182:Middlewares/ST/STM32_USB_Device_Library/Core/Src/usbd_core.c ****   pdev->pUserData[0] = NULL;
 140              		.loc 1 182 3 is_stmt 1 view .LVU42
 141              		.loc 1 182 22 is_stmt 0 view .LVU43
 142 001c 0023     		movs	r3, #0
 143 001e C4F8C432 		str	r3, [r4, #708]
 183:Middlewares/ST/STM32_USB_Device_Library/Core/Src/usbd_core.c **** 
 184:Middlewares/ST/STM32_USB_Device_Library/Core/Src/usbd_core.c **** #endif /* USE_USBD_COMPOSITE */
 185:Middlewares/ST/STM32_USB_Device_Library/Core/Src/usbd_core.c **** 
 186:Middlewares/ST/STM32_USB_Device_Library/Core/Src/usbd_core.c ****   /* Free Device descriptors resources */
 187:Middlewares/ST/STM32_USB_Device_Library/Core/Src/usbd_core.c ****   pdev->pDesc = NULL;
 144              		.loc 1 187 3 is_stmt 1 view .LVU44
 145              		.loc 1 187 15 is_stmt 0 view .LVU45
 146 0022 C4F8B432 		str	r3, [r4, #692]
 188:Middlewares/ST/STM32_USB_Device_Library/Core/Src/usbd_core.c ****   pdev->pConfDesc = NULL;
 147              		.loc 1 188 3 is_stmt 1 view .LVU46
 148              		.loc 1 188 19 is_stmt 0 view .LVU47
 149 0026 C4F8D032 		str	r3, [r4, #720]
 189:Middlewares/ST/STM32_USB_Device_Library/Core/Src/usbd_core.c **** 
 190:Middlewares/ST/STM32_USB_Device_Library/Core/Src/usbd_core.c ****   /* DeInitialize low level driver */
 191:Middlewares/ST/STM32_USB_Device_Library/Core/Src/usbd_core.c ****   ret = USBD_LL_DeInit(pdev);
 150              		.loc 1 191 3 is_stmt 1 view .LVU48
 151              		.loc 1 191 9 is_stmt 0 view .LVU49
 152 002a 2046     		mov	r0, r4
ARM GAS  /tmp/cc78RUCQ.s 			page 7


 153 002c FFF7FEFF 		bl	USBD_LL_DeInit
 154              	.LVL9:
 192:Middlewares/ST/STM32_USB_Device_Library/Core/Src/usbd_core.c **** 
 193:Middlewares/ST/STM32_USB_Device_Library/Core/Src/usbd_core.c ****   return ret;
 155              		.loc 1 193 3 is_stmt 1 view .LVU50
 194:Middlewares/ST/STM32_USB_Device_Library/Core/Src/usbd_core.c **** }
 156              		.loc 1 194 1 is_stmt 0 view .LVU51
 157 0030 10BD     		pop	{r4, pc}
 158              		.loc 1 194 1 view .LVU52
 159              		.cfi_endproc
 160              	.LFE67:
 162              		.section	.text.USBD_RegisterClass,"ax",%progbits
 163              		.align	1
 164              		.global	USBD_RegisterClass
 165              		.syntax unified
 166              		.thumb
 167              		.thumb_func
 169              	USBD_RegisterClass:
 170              	.LVL10:
 171              	.LFB68:
 195:Middlewares/ST/STM32_USB_Device_Library/Core/Src/usbd_core.c **** 
 196:Middlewares/ST/STM32_USB_Device_Library/Core/Src/usbd_core.c **** /**
 197:Middlewares/ST/STM32_USB_Device_Library/Core/Src/usbd_core.c ****   * @brief  USBD_RegisterClass
 198:Middlewares/ST/STM32_USB_Device_Library/Core/Src/usbd_core.c ****   *         Link class driver to Device Core.
 199:Middlewares/ST/STM32_USB_Device_Library/Core/Src/usbd_core.c ****   * @param  pdev: Device Handle
 200:Middlewares/ST/STM32_USB_Device_Library/Core/Src/usbd_core.c ****   * @param  pclass: Class handle
 201:Middlewares/ST/STM32_USB_Device_Library/Core/Src/usbd_core.c ****   * @retval USBD Status
 202:Middlewares/ST/STM32_USB_Device_Library/Core/Src/usbd_core.c ****   */
 203:Middlewares/ST/STM32_USB_Device_Library/Core/Src/usbd_core.c **** USBD_StatusTypeDef USBD_RegisterClass(USBD_HandleTypeDef *pdev, USBD_ClassTypeDef *pclass)
 204:Middlewares/ST/STM32_USB_Device_Library/Core/Src/usbd_core.c **** {
 172              		.loc 1 204 1 is_stmt 1 view -0
 173              		.cfi_startproc
 174              		@ args = 0, pretend = 0, frame = 8
 175              		@ frame_needed = 0, uses_anonymous_args = 0
 176              		.loc 1 204 1 is_stmt 0 view .LVU54
 177 0000 10B5     		push	{r4, lr}
 178              	.LCFI3:
 179              		.cfi_def_cfa_offset 8
 180              		.cfi_offset 4, -8
 181              		.cfi_offset 14, -4
 182 0002 82B0     		sub	sp, sp, #8
 183              	.LCFI4:
 184              		.cfi_def_cfa_offset 16
 205:Middlewares/ST/STM32_USB_Device_Library/Core/Src/usbd_core.c ****   uint16_t len = 0U;
 185              		.loc 1 205 3 is_stmt 1 view .LVU55
 186              		.loc 1 205 12 is_stmt 0 view .LVU56
 187 0004 0023     		movs	r3, #0
 188 0006 ADF80630 		strh	r3, [sp, #6]	@ movhi
 206:Middlewares/ST/STM32_USB_Device_Library/Core/Src/usbd_core.c **** 
 207:Middlewares/ST/STM32_USB_Device_Library/Core/Src/usbd_core.c ****   if (pclass == NULL)
 189              		.loc 1 207 3 is_stmt 1 view .LVU57
 190              		.loc 1 207 6 is_stmt 0 view .LVU58
 191 000a 89B1     		cbz	r1, .L15
 192 000c 0446     		mov	r4, r0
 208:Middlewares/ST/STM32_USB_Device_Library/Core/Src/usbd_core.c ****   {
 209:Middlewares/ST/STM32_USB_Device_Library/Core/Src/usbd_core.c **** #if (USBD_DEBUG_LEVEL > 1U)
 210:Middlewares/ST/STM32_USB_Device_Library/Core/Src/usbd_core.c ****     USBD_ErrLog("Invalid Class handle");
ARM GAS  /tmp/cc78RUCQ.s 			page 8


 211:Middlewares/ST/STM32_USB_Device_Library/Core/Src/usbd_core.c **** #endif /* (USBD_DEBUG_LEVEL > 1U) */
 212:Middlewares/ST/STM32_USB_Device_Library/Core/Src/usbd_core.c ****     return USBD_FAIL;
 213:Middlewares/ST/STM32_USB_Device_Library/Core/Src/usbd_core.c ****   }
 214:Middlewares/ST/STM32_USB_Device_Library/Core/Src/usbd_core.c **** 
 215:Middlewares/ST/STM32_USB_Device_Library/Core/Src/usbd_core.c ****   /* link the class to the USB Device handle */
 216:Middlewares/ST/STM32_USB_Device_Library/Core/Src/usbd_core.c ****   pdev->pClass[0] = pclass;
 193              		.loc 1 216 3 is_stmt 1 view .LVU59
 194              		.loc 1 216 19 is_stmt 0 view .LVU60
 195 000e C0F8B812 		str	r1, [r0, #696]
 217:Middlewares/ST/STM32_USB_Device_Library/Core/Src/usbd_core.c **** 
 218:Middlewares/ST/STM32_USB_Device_Library/Core/Src/usbd_core.c ****   /* Get Device Configuration Descriptor */
 219:Middlewares/ST/STM32_USB_Device_Library/Core/Src/usbd_core.c **** #ifdef USE_USB_HS
 220:Middlewares/ST/STM32_USB_Device_Library/Core/Src/usbd_core.c ****   if (pdev->pClass[pdev->classId]->GetHSConfigDescriptor != NULL)
 221:Middlewares/ST/STM32_USB_Device_Library/Core/Src/usbd_core.c ****   {
 222:Middlewares/ST/STM32_USB_Device_Library/Core/Src/usbd_core.c ****     pdev->pConfDesc = (void *)pdev->pClass[pdev->classId]->GetHSConfigDescriptor(&len);
 223:Middlewares/ST/STM32_USB_Device_Library/Core/Src/usbd_core.c ****   }
 224:Middlewares/ST/STM32_USB_Device_Library/Core/Src/usbd_core.c **** #else /* Default USE_USB_FS */
 225:Middlewares/ST/STM32_USB_Device_Library/Core/Src/usbd_core.c ****   if (pdev->pClass[pdev->classId]->GetFSConfigDescriptor != NULL)
 196              		.loc 1 225 3 is_stmt 1 view .LVU61
 197              		.loc 1 225 34 is_stmt 0 view .LVU62
 198 0012 CB6A     		ldr	r3, [r1, #44]
 199              		.loc 1 225 6 view .LVU63
 200 0014 23B1     		cbz	r3, .L14
 226:Middlewares/ST/STM32_USB_Device_Library/Core/Src/usbd_core.c ****   {
 227:Middlewares/ST/STM32_USB_Device_Library/Core/Src/usbd_core.c ****     pdev->pConfDesc = (void *)pdev->pClass[pdev->classId]->GetFSConfigDescriptor(&len);
 201              		.loc 1 227 5 is_stmt 1 view .LVU64
 202              		.loc 1 227 31 is_stmt 0 view .LVU65
 203 0016 0DF10600 		add	r0, sp, #6
 204              	.LVL11:
 205              		.loc 1 227 31 view .LVU66
 206 001a 9847     		blx	r3
 207              	.LVL12:
 208              		.loc 1 227 21 discriminator 1 view .LVU67
 209 001c C4F8D002 		str	r0, [r4, #720]
 210              	.L14:
 228:Middlewares/ST/STM32_USB_Device_Library/Core/Src/usbd_core.c ****   }
 229:Middlewares/ST/STM32_USB_Device_Library/Core/Src/usbd_core.c **** #endif /* USE_USB_FS */
 230:Middlewares/ST/STM32_USB_Device_Library/Core/Src/usbd_core.c **** 
 231:Middlewares/ST/STM32_USB_Device_Library/Core/Src/usbd_core.c ****   /* Increment the NumClasses */
 232:Middlewares/ST/STM32_USB_Device_Library/Core/Src/usbd_core.c ****   pdev->NumClasses++;
 211              		.loc 1 232 3 is_stmt 1 view .LVU68
 212              		.loc 1 232 7 is_stmt 0 view .LVU69
 213 0020 D4F8D832 		ldr	r3, [r4, #728]
 214              		.loc 1 232 19 view .LVU70
 215 0024 0133     		adds	r3, r3, #1
 216 0026 C4F8D832 		str	r3, [r4, #728]
 233:Middlewares/ST/STM32_USB_Device_Library/Core/Src/usbd_core.c **** 
 234:Middlewares/ST/STM32_USB_Device_Library/Core/Src/usbd_core.c ****   return USBD_OK;
 217              		.loc 1 234 3 is_stmt 1 view .LVU71
 218              		.loc 1 234 10 is_stmt 0 view .LVU72
 219 002a 0020     		movs	r0, #0
 220              	.LVL13:
 221              	.L13:
 235:Middlewares/ST/STM32_USB_Device_Library/Core/Src/usbd_core.c **** }
 222              		.loc 1 235 1 view .LVU73
 223 002c 02B0     		add	sp, sp, #8
 224              	.LCFI5:
ARM GAS  /tmp/cc78RUCQ.s 			page 9


 225              		.cfi_remember_state
 226              		.cfi_def_cfa_offset 8
 227              		@ sp needed
 228 002e 10BD     		pop	{r4, pc}
 229              	.LVL14:
 230              	.L15:
 231              	.LCFI6:
 232              		.cfi_restore_state
 212:Middlewares/ST/STM32_USB_Device_Library/Core/Src/usbd_core.c ****   }
 233              		.loc 1 212 12 view .LVU74
 234 0030 0320     		movs	r0, #3
 235              	.LVL15:
 212:Middlewares/ST/STM32_USB_Device_Library/Core/Src/usbd_core.c ****   }
 236              		.loc 1 212 12 view .LVU75
 237 0032 FBE7     		b	.L13
 238              		.cfi_endproc
 239              	.LFE68:
 241              		.section	.text.USBD_Start,"ax",%progbits
 242              		.align	1
 243              		.global	USBD_Start
 244              		.syntax unified
 245              		.thumb
 246              		.thumb_func
 248              	USBD_Start:
 249              	.LVL16:
 250              	.LFB69:
 236:Middlewares/ST/STM32_USB_Device_Library/Core/Src/usbd_core.c **** 
 237:Middlewares/ST/STM32_USB_Device_Library/Core/Src/usbd_core.c **** #ifdef USE_USBD_COMPOSITE
 238:Middlewares/ST/STM32_USB_Device_Library/Core/Src/usbd_core.c **** /**
 239:Middlewares/ST/STM32_USB_Device_Library/Core/Src/usbd_core.c ****   * @brief  USBD_RegisterClassComposite
 240:Middlewares/ST/STM32_USB_Device_Library/Core/Src/usbd_core.c ****   *         Link class driver to Device Core.
 241:Middlewares/ST/STM32_USB_Device_Library/Core/Src/usbd_core.c ****   * @param  pdev : Device Handle
 242:Middlewares/ST/STM32_USB_Device_Library/Core/Src/usbd_core.c ****   * @param  pclass: Class handle
 243:Middlewares/ST/STM32_USB_Device_Library/Core/Src/usbd_core.c ****   * @param  classtype: Class type
 244:Middlewares/ST/STM32_USB_Device_Library/Core/Src/usbd_core.c ****   * @param  EpAddr: Endpoint Address handle
 245:Middlewares/ST/STM32_USB_Device_Library/Core/Src/usbd_core.c ****   * @retval USBD Status
 246:Middlewares/ST/STM32_USB_Device_Library/Core/Src/usbd_core.c ****   */
 247:Middlewares/ST/STM32_USB_Device_Library/Core/Src/usbd_core.c **** USBD_StatusTypeDef USBD_RegisterClassComposite(USBD_HandleTypeDef *pdev, USBD_ClassTypeDef *pclass,
 248:Middlewares/ST/STM32_USB_Device_Library/Core/Src/usbd_core.c ****                                                USBD_CompositeClassTypeDef classtype, uint8_t *EpAdd
 249:Middlewares/ST/STM32_USB_Device_Library/Core/Src/usbd_core.c **** {
 250:Middlewares/ST/STM32_USB_Device_Library/Core/Src/usbd_core.c ****   USBD_StatusTypeDef ret = USBD_OK;
 251:Middlewares/ST/STM32_USB_Device_Library/Core/Src/usbd_core.c ****   uint16_t len = 0U;
 252:Middlewares/ST/STM32_USB_Device_Library/Core/Src/usbd_core.c **** 
 253:Middlewares/ST/STM32_USB_Device_Library/Core/Src/usbd_core.c ****   if ((pdev->classId < USBD_MAX_SUPPORTED_CLASS) && (pdev->NumClasses < USBD_MAX_SUPPORTED_CLASS))
 254:Middlewares/ST/STM32_USB_Device_Library/Core/Src/usbd_core.c ****   {
 255:Middlewares/ST/STM32_USB_Device_Library/Core/Src/usbd_core.c ****     if ((uint32_t)pclass != 0U)
 256:Middlewares/ST/STM32_USB_Device_Library/Core/Src/usbd_core.c ****     {
 257:Middlewares/ST/STM32_USB_Device_Library/Core/Src/usbd_core.c ****       /* Link the class to the USB Device handle */
 258:Middlewares/ST/STM32_USB_Device_Library/Core/Src/usbd_core.c ****       pdev->pClass[pdev->classId] = pclass;
 259:Middlewares/ST/STM32_USB_Device_Library/Core/Src/usbd_core.c ****       ret = USBD_OK;
 260:Middlewares/ST/STM32_USB_Device_Library/Core/Src/usbd_core.c **** 
 261:Middlewares/ST/STM32_USB_Device_Library/Core/Src/usbd_core.c ****       pdev->tclasslist[pdev->classId].EpAdd = EpAddr;
 262:Middlewares/ST/STM32_USB_Device_Library/Core/Src/usbd_core.c **** 
 263:Middlewares/ST/STM32_USB_Device_Library/Core/Src/usbd_core.c ****       /* Call the composite class builder */
 264:Middlewares/ST/STM32_USB_Device_Library/Core/Src/usbd_core.c ****       (void)USBD_CMPSIT_AddClass(pdev, pclass, classtype, 0);
 265:Middlewares/ST/STM32_USB_Device_Library/Core/Src/usbd_core.c **** 
 266:Middlewares/ST/STM32_USB_Device_Library/Core/Src/usbd_core.c ****       /* Increment the ClassId for the next occurrence */
ARM GAS  /tmp/cc78RUCQ.s 			page 10


 267:Middlewares/ST/STM32_USB_Device_Library/Core/Src/usbd_core.c ****       pdev->classId ++;
 268:Middlewares/ST/STM32_USB_Device_Library/Core/Src/usbd_core.c ****       pdev->NumClasses ++;
 269:Middlewares/ST/STM32_USB_Device_Library/Core/Src/usbd_core.c ****     }
 270:Middlewares/ST/STM32_USB_Device_Library/Core/Src/usbd_core.c ****     else
 271:Middlewares/ST/STM32_USB_Device_Library/Core/Src/usbd_core.c ****     {
 272:Middlewares/ST/STM32_USB_Device_Library/Core/Src/usbd_core.c **** #if (USBD_DEBUG_LEVEL > 1U)
 273:Middlewares/ST/STM32_USB_Device_Library/Core/Src/usbd_core.c ****       USBD_ErrLog("Invalid Class handle");
 274:Middlewares/ST/STM32_USB_Device_Library/Core/Src/usbd_core.c **** #endif /* (USBD_DEBUG_LEVEL > 1U) */
 275:Middlewares/ST/STM32_USB_Device_Library/Core/Src/usbd_core.c ****       ret = USBD_FAIL;
 276:Middlewares/ST/STM32_USB_Device_Library/Core/Src/usbd_core.c ****     }
 277:Middlewares/ST/STM32_USB_Device_Library/Core/Src/usbd_core.c ****   }
 278:Middlewares/ST/STM32_USB_Device_Library/Core/Src/usbd_core.c **** 
 279:Middlewares/ST/STM32_USB_Device_Library/Core/Src/usbd_core.c ****   if (ret == USBD_OK)
 280:Middlewares/ST/STM32_USB_Device_Library/Core/Src/usbd_core.c ****   {
 281:Middlewares/ST/STM32_USB_Device_Library/Core/Src/usbd_core.c ****     /* Get Device Configuration Descriptor */
 282:Middlewares/ST/STM32_USB_Device_Library/Core/Src/usbd_core.c **** #ifdef USE_USB_HS
 283:Middlewares/ST/STM32_USB_Device_Library/Core/Src/usbd_core.c ****     pdev->pConfDesc = USBD_CMPSIT.GetHSConfigDescriptor(&len);
 284:Middlewares/ST/STM32_USB_Device_Library/Core/Src/usbd_core.c **** #else /* Default USE_USB_FS */
 285:Middlewares/ST/STM32_USB_Device_Library/Core/Src/usbd_core.c ****     pdev->pConfDesc = USBD_CMPSIT.GetFSConfigDescriptor(&len);
 286:Middlewares/ST/STM32_USB_Device_Library/Core/Src/usbd_core.c **** #endif /* USE_USB_FS */
 287:Middlewares/ST/STM32_USB_Device_Library/Core/Src/usbd_core.c ****   }
 288:Middlewares/ST/STM32_USB_Device_Library/Core/Src/usbd_core.c **** 
 289:Middlewares/ST/STM32_USB_Device_Library/Core/Src/usbd_core.c ****   return ret;
 290:Middlewares/ST/STM32_USB_Device_Library/Core/Src/usbd_core.c **** }
 291:Middlewares/ST/STM32_USB_Device_Library/Core/Src/usbd_core.c **** 
 292:Middlewares/ST/STM32_USB_Device_Library/Core/Src/usbd_core.c **** /**
 293:Middlewares/ST/STM32_USB_Device_Library/Core/Src/usbd_core.c ****   * @brief  USBD_UnRegisterClassComposite
 294:Middlewares/ST/STM32_USB_Device_Library/Core/Src/usbd_core.c ****   *         UnLink all composite class drivers from Device Core.
 295:Middlewares/ST/STM32_USB_Device_Library/Core/Src/usbd_core.c ****   * @param  pdev: Device Handle
 296:Middlewares/ST/STM32_USB_Device_Library/Core/Src/usbd_core.c ****   * @retval USBD Status
 297:Middlewares/ST/STM32_USB_Device_Library/Core/Src/usbd_core.c ****   */
 298:Middlewares/ST/STM32_USB_Device_Library/Core/Src/usbd_core.c **** USBD_StatusTypeDef  USBD_UnRegisterClassComposite(USBD_HandleTypeDef *pdev)
 299:Middlewares/ST/STM32_USB_Device_Library/Core/Src/usbd_core.c **** {
 300:Middlewares/ST/STM32_USB_Device_Library/Core/Src/usbd_core.c ****   USBD_StatusTypeDef   ret = USBD_OK;
 301:Middlewares/ST/STM32_USB_Device_Library/Core/Src/usbd_core.c ****   uint8_t idx1;
 302:Middlewares/ST/STM32_USB_Device_Library/Core/Src/usbd_core.c ****   uint8_t idx2;
 303:Middlewares/ST/STM32_USB_Device_Library/Core/Src/usbd_core.c **** 
 304:Middlewares/ST/STM32_USB_Device_Library/Core/Src/usbd_core.c ****   /* Unroll all activated classes */
 305:Middlewares/ST/STM32_USB_Device_Library/Core/Src/usbd_core.c ****   for (idx1 = 0; idx1 < pdev->NumClasses; idx1++)
 306:Middlewares/ST/STM32_USB_Device_Library/Core/Src/usbd_core.c ****   {
 307:Middlewares/ST/STM32_USB_Device_Library/Core/Src/usbd_core.c ****     /* Check if the class correspond to the requested type and if it is active */
 308:Middlewares/ST/STM32_USB_Device_Library/Core/Src/usbd_core.c ****     if (pdev->tclasslist[idx1].Active == 1U)
 309:Middlewares/ST/STM32_USB_Device_Library/Core/Src/usbd_core.c ****     {
 310:Middlewares/ST/STM32_USB_Device_Library/Core/Src/usbd_core.c ****       /* Set the new class ID */
 311:Middlewares/ST/STM32_USB_Device_Library/Core/Src/usbd_core.c ****       pdev->classId = idx1;
 312:Middlewares/ST/STM32_USB_Device_Library/Core/Src/usbd_core.c **** 
 313:Middlewares/ST/STM32_USB_Device_Library/Core/Src/usbd_core.c ****       /* Free resources used by the selected class */
 314:Middlewares/ST/STM32_USB_Device_Library/Core/Src/usbd_core.c ****       if (pdev->pClass[pdev->classId] != NULL)
 315:Middlewares/ST/STM32_USB_Device_Library/Core/Src/usbd_core.c ****       {
 316:Middlewares/ST/STM32_USB_Device_Library/Core/Src/usbd_core.c ****         /* Free Class Resources */
 317:Middlewares/ST/STM32_USB_Device_Library/Core/Src/usbd_core.c ****         if (pdev->pClass[pdev->classId]->DeInit(pdev, (uint8_t)pdev->dev_config) != 0U)
 318:Middlewares/ST/STM32_USB_Device_Library/Core/Src/usbd_core.c ****         {
 319:Middlewares/ST/STM32_USB_Device_Library/Core/Src/usbd_core.c **** #if (USBD_DEBUG_LEVEL > 1U)
 320:Middlewares/ST/STM32_USB_Device_Library/Core/Src/usbd_core.c ****           USBD_ErrLog("Class DeInit didn't succeed!, can't unregister selected class");
 321:Middlewares/ST/STM32_USB_Device_Library/Core/Src/usbd_core.c **** #endif /* (USBD_DEBUG_LEVEL > 1U) */
 322:Middlewares/ST/STM32_USB_Device_Library/Core/Src/usbd_core.c **** 
 323:Middlewares/ST/STM32_USB_Device_Library/Core/Src/usbd_core.c ****           ret = USBD_FAIL;
ARM GAS  /tmp/cc78RUCQ.s 			page 11


 324:Middlewares/ST/STM32_USB_Device_Library/Core/Src/usbd_core.c ****         }
 325:Middlewares/ST/STM32_USB_Device_Library/Core/Src/usbd_core.c ****       }
 326:Middlewares/ST/STM32_USB_Device_Library/Core/Src/usbd_core.c **** 
 327:Middlewares/ST/STM32_USB_Device_Library/Core/Src/usbd_core.c ****       /* Free the class pointer */
 328:Middlewares/ST/STM32_USB_Device_Library/Core/Src/usbd_core.c ****       pdev->pClass[pdev->classId] = NULL;
 329:Middlewares/ST/STM32_USB_Device_Library/Core/Src/usbd_core.c **** 
 330:Middlewares/ST/STM32_USB_Device_Library/Core/Src/usbd_core.c ****       /* Free the class location in classes table and reset its parameters to zero */
 331:Middlewares/ST/STM32_USB_Device_Library/Core/Src/usbd_core.c ****       pdev->tclasslist[pdev->classId].ClassType = CLASS_TYPE_NONE;
 332:Middlewares/ST/STM32_USB_Device_Library/Core/Src/usbd_core.c ****       pdev->tclasslist[pdev->classId].ClassId = 0U;
 333:Middlewares/ST/STM32_USB_Device_Library/Core/Src/usbd_core.c ****       pdev->tclasslist[pdev->classId].Active = 0U;
 334:Middlewares/ST/STM32_USB_Device_Library/Core/Src/usbd_core.c ****       pdev->tclasslist[pdev->classId].NumEps = 0U;
 335:Middlewares/ST/STM32_USB_Device_Library/Core/Src/usbd_core.c ****       pdev->tclasslist[pdev->classId].NumIf = 0U;
 336:Middlewares/ST/STM32_USB_Device_Library/Core/Src/usbd_core.c ****       pdev->tclasslist[pdev->classId].CurrPcktSze = 0U;
 337:Middlewares/ST/STM32_USB_Device_Library/Core/Src/usbd_core.c **** 
 338:Middlewares/ST/STM32_USB_Device_Library/Core/Src/usbd_core.c ****       for (idx2 = 0U; idx2 < USBD_MAX_CLASS_ENDPOINTS; idx2++)
 339:Middlewares/ST/STM32_USB_Device_Library/Core/Src/usbd_core.c ****       {
 340:Middlewares/ST/STM32_USB_Device_Library/Core/Src/usbd_core.c ****         pdev->tclasslist[pdev->classId].Eps[idx2].add = 0U;
 341:Middlewares/ST/STM32_USB_Device_Library/Core/Src/usbd_core.c ****         pdev->tclasslist[pdev->classId].Eps[idx2].type = 0U;
 342:Middlewares/ST/STM32_USB_Device_Library/Core/Src/usbd_core.c ****         pdev->tclasslist[pdev->classId].Eps[idx2].size = 0U;
 343:Middlewares/ST/STM32_USB_Device_Library/Core/Src/usbd_core.c ****         pdev->tclasslist[pdev->classId].Eps[idx2].is_used = 0U;
 344:Middlewares/ST/STM32_USB_Device_Library/Core/Src/usbd_core.c ****       }
 345:Middlewares/ST/STM32_USB_Device_Library/Core/Src/usbd_core.c **** 
 346:Middlewares/ST/STM32_USB_Device_Library/Core/Src/usbd_core.c ****       for (idx2 = 0U; idx2 < USBD_MAX_CLASS_INTERFACES; idx2++)
 347:Middlewares/ST/STM32_USB_Device_Library/Core/Src/usbd_core.c ****       {
 348:Middlewares/ST/STM32_USB_Device_Library/Core/Src/usbd_core.c ****         pdev->tclasslist[pdev->classId].Ifs[idx2] = 0U;
 349:Middlewares/ST/STM32_USB_Device_Library/Core/Src/usbd_core.c ****       }
 350:Middlewares/ST/STM32_USB_Device_Library/Core/Src/usbd_core.c ****     }
 351:Middlewares/ST/STM32_USB_Device_Library/Core/Src/usbd_core.c ****   }
 352:Middlewares/ST/STM32_USB_Device_Library/Core/Src/usbd_core.c **** 
 353:Middlewares/ST/STM32_USB_Device_Library/Core/Src/usbd_core.c ****   /* Reset the configuration descriptor */
 354:Middlewares/ST/STM32_USB_Device_Library/Core/Src/usbd_core.c ****   (void)USBD_CMPST_ClearConfDesc(pdev);
 355:Middlewares/ST/STM32_USB_Device_Library/Core/Src/usbd_core.c **** 
 356:Middlewares/ST/STM32_USB_Device_Library/Core/Src/usbd_core.c ****   /* Reset the class ID and number of classes */
 357:Middlewares/ST/STM32_USB_Device_Library/Core/Src/usbd_core.c ****   pdev->classId = 0U;
 358:Middlewares/ST/STM32_USB_Device_Library/Core/Src/usbd_core.c ****   pdev->NumClasses = 0U;
 359:Middlewares/ST/STM32_USB_Device_Library/Core/Src/usbd_core.c **** 
 360:Middlewares/ST/STM32_USB_Device_Library/Core/Src/usbd_core.c ****   return ret;
 361:Middlewares/ST/STM32_USB_Device_Library/Core/Src/usbd_core.c **** }
 362:Middlewares/ST/STM32_USB_Device_Library/Core/Src/usbd_core.c **** #endif /* USE_USBD_COMPOSITE */
 363:Middlewares/ST/STM32_USB_Device_Library/Core/Src/usbd_core.c **** 
 364:Middlewares/ST/STM32_USB_Device_Library/Core/Src/usbd_core.c **** #if (USBD_USER_REGISTER_CALLBACK == 1U)
 365:Middlewares/ST/STM32_USB_Device_Library/Core/Src/usbd_core.c **** /**
 366:Middlewares/ST/STM32_USB_Device_Library/Core/Src/usbd_core.c ****   * @brief  USBD_RegisterDevStateCallback
 367:Middlewares/ST/STM32_USB_Device_Library/Core/Src/usbd_core.c ****   * @param  pdev : Device Handle
 368:Middlewares/ST/STM32_USB_Device_Library/Core/Src/usbd_core.c ****   * @param  pUserCallback: User Callback
 369:Middlewares/ST/STM32_USB_Device_Library/Core/Src/usbd_core.c ****   * @retval USBD Status
 370:Middlewares/ST/STM32_USB_Device_Library/Core/Src/usbd_core.c ****   */
 371:Middlewares/ST/STM32_USB_Device_Library/Core/Src/usbd_core.c **** USBD_StatusTypeDef USBD_RegisterDevStateCallback(USBD_HandleTypeDef *pdev, USBD_DevStateCallbackTyp
 372:Middlewares/ST/STM32_USB_Device_Library/Core/Src/usbd_core.c **** {
 373:Middlewares/ST/STM32_USB_Device_Library/Core/Src/usbd_core.c ****   pdev->DevStateCallback = pUserCallback;
 374:Middlewares/ST/STM32_USB_Device_Library/Core/Src/usbd_core.c **** 
 375:Middlewares/ST/STM32_USB_Device_Library/Core/Src/usbd_core.c ****   return USBD_OK;
 376:Middlewares/ST/STM32_USB_Device_Library/Core/Src/usbd_core.c **** }
 377:Middlewares/ST/STM32_USB_Device_Library/Core/Src/usbd_core.c **** #endif /* USBD_USER_REGISTER_CALLBACK */
 378:Middlewares/ST/STM32_USB_Device_Library/Core/Src/usbd_core.c **** 
 379:Middlewares/ST/STM32_USB_Device_Library/Core/Src/usbd_core.c **** /**
 380:Middlewares/ST/STM32_USB_Device_Library/Core/Src/usbd_core.c ****   * @brief  USBD_Start
ARM GAS  /tmp/cc78RUCQ.s 			page 12


 381:Middlewares/ST/STM32_USB_Device_Library/Core/Src/usbd_core.c ****   *         Start the USB Device Core.
 382:Middlewares/ST/STM32_USB_Device_Library/Core/Src/usbd_core.c ****   * @param  pdev: Device Handle
 383:Middlewares/ST/STM32_USB_Device_Library/Core/Src/usbd_core.c ****   * @retval USBD Status
 384:Middlewares/ST/STM32_USB_Device_Library/Core/Src/usbd_core.c ****   */
 385:Middlewares/ST/STM32_USB_Device_Library/Core/Src/usbd_core.c **** USBD_StatusTypeDef USBD_Start(USBD_HandleTypeDef *pdev)
 386:Middlewares/ST/STM32_USB_Device_Library/Core/Src/usbd_core.c **** {
 251              		.loc 1 386 1 is_stmt 1 view -0
 252              		.cfi_startproc
 253              		@ args = 0, pretend = 0, frame = 0
 254              		@ frame_needed = 0, uses_anonymous_args = 0
 255              		.loc 1 386 1 is_stmt 0 view .LVU77
 256 0000 08B5     		push	{r3, lr}
 257              	.LCFI7:
 258              		.cfi_def_cfa_offset 8
 259              		.cfi_offset 3, -8
 260              		.cfi_offset 14, -4
 387:Middlewares/ST/STM32_USB_Device_Library/Core/Src/usbd_core.c **** #ifdef USE_USBD_COMPOSITE
 388:Middlewares/ST/STM32_USB_Device_Library/Core/Src/usbd_core.c ****   pdev->classId = 0U;
 389:Middlewares/ST/STM32_USB_Device_Library/Core/Src/usbd_core.c **** #endif /* USE_USBD_COMPOSITE */
 390:Middlewares/ST/STM32_USB_Device_Library/Core/Src/usbd_core.c **** 
 391:Middlewares/ST/STM32_USB_Device_Library/Core/Src/usbd_core.c ****   /* Start the low level driver  */
 392:Middlewares/ST/STM32_USB_Device_Library/Core/Src/usbd_core.c ****   return USBD_LL_Start(pdev);
 261              		.loc 1 392 3 is_stmt 1 view .LVU78
 262              		.loc 1 392 10 is_stmt 0 view .LVU79
 263 0002 FFF7FEFF 		bl	USBD_LL_Start
 264              	.LVL17:
 393:Middlewares/ST/STM32_USB_Device_Library/Core/Src/usbd_core.c **** }
 265              		.loc 1 393 1 view .LVU80
 266 0006 08BD     		pop	{r3, pc}
 267              		.cfi_endproc
 268              	.LFE69:
 270              		.section	.text.USBD_Stop,"ax",%progbits
 271              		.align	1
 272              		.global	USBD_Stop
 273              		.syntax unified
 274              		.thumb
 275              		.thumb_func
 277              	USBD_Stop:
 278              	.LVL18:
 279              	.LFB70:
 394:Middlewares/ST/STM32_USB_Device_Library/Core/Src/usbd_core.c **** 
 395:Middlewares/ST/STM32_USB_Device_Library/Core/Src/usbd_core.c **** /**
 396:Middlewares/ST/STM32_USB_Device_Library/Core/Src/usbd_core.c ****   * @brief  USBD_Stop
 397:Middlewares/ST/STM32_USB_Device_Library/Core/Src/usbd_core.c ****   *         Stop the USB Device Core.
 398:Middlewares/ST/STM32_USB_Device_Library/Core/Src/usbd_core.c ****   * @param  pdev: Device Handle
 399:Middlewares/ST/STM32_USB_Device_Library/Core/Src/usbd_core.c ****   * @retval USBD Status
 400:Middlewares/ST/STM32_USB_Device_Library/Core/Src/usbd_core.c ****   */
 401:Middlewares/ST/STM32_USB_Device_Library/Core/Src/usbd_core.c **** USBD_StatusTypeDef USBD_Stop(USBD_HandleTypeDef *pdev)
 402:Middlewares/ST/STM32_USB_Device_Library/Core/Src/usbd_core.c **** {
 280              		.loc 1 402 1 is_stmt 1 view -0
 281              		.cfi_startproc
 282              		@ args = 0, pretend = 0, frame = 0
 283              		@ frame_needed = 0, uses_anonymous_args = 0
 284              		.loc 1 402 1 is_stmt 0 view .LVU82
 285 0000 10B5     		push	{r4, lr}
 286              	.LCFI8:
 287              		.cfi_def_cfa_offset 8
ARM GAS  /tmp/cc78RUCQ.s 			page 13


 288              		.cfi_offset 4, -8
 289              		.cfi_offset 14, -4
 290 0002 0446     		mov	r4, r0
 403:Middlewares/ST/STM32_USB_Device_Library/Core/Src/usbd_core.c ****   /* Disconnect USB Device */
 404:Middlewares/ST/STM32_USB_Device_Library/Core/Src/usbd_core.c ****   (void)USBD_LL_Stop(pdev);
 291              		.loc 1 404 3 is_stmt 1 view .LVU83
 292              		.loc 1 404 9 is_stmt 0 view .LVU84
 293 0004 FFF7FEFF 		bl	USBD_LL_Stop
 294              	.LVL19:
 405:Middlewares/ST/STM32_USB_Device_Library/Core/Src/usbd_core.c **** 
 406:Middlewares/ST/STM32_USB_Device_Library/Core/Src/usbd_core.c ****   /* Free Class Resources */
 407:Middlewares/ST/STM32_USB_Device_Library/Core/Src/usbd_core.c **** #ifdef USE_USBD_COMPOSITE
 408:Middlewares/ST/STM32_USB_Device_Library/Core/Src/usbd_core.c ****   /* Parse the table of classes in use */
 409:Middlewares/ST/STM32_USB_Device_Library/Core/Src/usbd_core.c ****   for (uint32_t i = 0U; i < USBD_MAX_SUPPORTED_CLASS; i++)
 410:Middlewares/ST/STM32_USB_Device_Library/Core/Src/usbd_core.c ****   {
 411:Middlewares/ST/STM32_USB_Device_Library/Core/Src/usbd_core.c ****     /* Check if current class is in use */
 412:Middlewares/ST/STM32_USB_Device_Library/Core/Src/usbd_core.c ****     if ((pdev->tclasslist[i].Active) == 1U)
 413:Middlewares/ST/STM32_USB_Device_Library/Core/Src/usbd_core.c ****     {
 414:Middlewares/ST/STM32_USB_Device_Library/Core/Src/usbd_core.c ****       if (pdev->pClass[i] != NULL)
 415:Middlewares/ST/STM32_USB_Device_Library/Core/Src/usbd_core.c ****       {
 416:Middlewares/ST/STM32_USB_Device_Library/Core/Src/usbd_core.c ****         pdev->classId = i;
 417:Middlewares/ST/STM32_USB_Device_Library/Core/Src/usbd_core.c ****         /* Free Class Resources */
 418:Middlewares/ST/STM32_USB_Device_Library/Core/Src/usbd_core.c ****         (void)pdev->pClass[i]->DeInit(pdev, (uint8_t)pdev->dev_config);
 419:Middlewares/ST/STM32_USB_Device_Library/Core/Src/usbd_core.c ****       }
 420:Middlewares/ST/STM32_USB_Device_Library/Core/Src/usbd_core.c ****     }
 421:Middlewares/ST/STM32_USB_Device_Library/Core/Src/usbd_core.c ****   }
 422:Middlewares/ST/STM32_USB_Device_Library/Core/Src/usbd_core.c **** 
 423:Middlewares/ST/STM32_USB_Device_Library/Core/Src/usbd_core.c ****   /* Reset the class ID */
 424:Middlewares/ST/STM32_USB_Device_Library/Core/Src/usbd_core.c ****   pdev->classId = 0U;
 425:Middlewares/ST/STM32_USB_Device_Library/Core/Src/usbd_core.c **** #else
 426:Middlewares/ST/STM32_USB_Device_Library/Core/Src/usbd_core.c ****   if (pdev->pClass[0] != NULL)
 295              		.loc 1 426 3 is_stmt 1 view .LVU85
 296              		.loc 1 426 19 is_stmt 0 view .LVU86
 297 0008 D4F8B832 		ldr	r3, [r4, #696]
 298              		.loc 1 426 6 view .LVU87
 299 000c 1BB1     		cbz	r3, .L20
 427:Middlewares/ST/STM32_USB_Device_Library/Core/Src/usbd_core.c ****   {
 428:Middlewares/ST/STM32_USB_Device_Library/Core/Src/usbd_core.c ****     (void)pdev->pClass[0]->DeInit(pdev, (uint8_t)pdev->dev_config);
 300              		.loc 1 428 5 is_stmt 1 view .LVU88
 301              		.loc 1 428 26 is_stmt 0 view .LVU89
 302 000e 5B68     		ldr	r3, [r3, #4]
 303              		.loc 1 428 11 view .LVU90
 304 0010 2179     		ldrb	r1, [r4, #4]	@ zero_extendqisi2
 305 0012 2046     		mov	r0, r4
 306 0014 9847     		blx	r3
 307              	.LVL20:
 308              	.L20:
 429:Middlewares/ST/STM32_USB_Device_Library/Core/Src/usbd_core.c ****   }
 430:Middlewares/ST/STM32_USB_Device_Library/Core/Src/usbd_core.c **** #endif /* USE_USBD_COMPOSITE */
 431:Middlewares/ST/STM32_USB_Device_Library/Core/Src/usbd_core.c **** 
 432:Middlewares/ST/STM32_USB_Device_Library/Core/Src/usbd_core.c ****   return USBD_OK;
 309              		.loc 1 432 3 is_stmt 1 view .LVU91
 433:Middlewares/ST/STM32_USB_Device_Library/Core/Src/usbd_core.c **** }
 310              		.loc 1 433 1 is_stmt 0 view .LVU92
 311 0016 0020     		movs	r0, #0
 312 0018 10BD     		pop	{r4, pc}
 313              		.loc 1 433 1 view .LVU93
ARM GAS  /tmp/cc78RUCQ.s 			page 14


 314              		.cfi_endproc
 315              	.LFE70:
 317              		.section	.text.USBD_RunTestMode,"ax",%progbits
 318              		.align	1
 319              		.global	USBD_RunTestMode
 320              		.syntax unified
 321              		.thumb
 322              		.thumb_func
 324              	USBD_RunTestMode:
 325              	.LVL21:
 326              	.LFB71:
 434:Middlewares/ST/STM32_USB_Device_Library/Core/Src/usbd_core.c **** 
 435:Middlewares/ST/STM32_USB_Device_Library/Core/Src/usbd_core.c **** /**
 436:Middlewares/ST/STM32_USB_Device_Library/Core/Src/usbd_core.c ****   * @brief  USBD_RunTestMode
 437:Middlewares/ST/STM32_USB_Device_Library/Core/Src/usbd_core.c ****   *         Launch test mode process
 438:Middlewares/ST/STM32_USB_Device_Library/Core/Src/usbd_core.c ****   * @param  pdev: device instance
 439:Middlewares/ST/STM32_USB_Device_Library/Core/Src/usbd_core.c ****   * @retval status
 440:Middlewares/ST/STM32_USB_Device_Library/Core/Src/usbd_core.c ****   */
 441:Middlewares/ST/STM32_USB_Device_Library/Core/Src/usbd_core.c **** USBD_StatusTypeDef USBD_RunTestMode(USBD_HandleTypeDef *pdev)
 442:Middlewares/ST/STM32_USB_Device_Library/Core/Src/usbd_core.c **** {
 327              		.loc 1 442 1 is_stmt 1 view -0
 328              		.cfi_startproc
 329              		@ args = 0, pretend = 0, frame = 0
 330              		@ frame_needed = 0, uses_anonymous_args = 0
 331              		@ link register save eliminated.
 443:Middlewares/ST/STM32_USB_Device_Library/Core/Src/usbd_core.c **** #ifdef USBD_HS_TESTMODE_ENABLE
 444:Middlewares/ST/STM32_USB_Device_Library/Core/Src/usbd_core.c ****   USBD_StatusTypeDef ret;
 445:Middlewares/ST/STM32_USB_Device_Library/Core/Src/usbd_core.c **** 
 446:Middlewares/ST/STM32_USB_Device_Library/Core/Src/usbd_core.c ****   /* Run USB HS test mode */
 447:Middlewares/ST/STM32_USB_Device_Library/Core/Src/usbd_core.c ****   ret = USBD_LL_SetTestMode(pdev, pdev->dev_test_mode);
 448:Middlewares/ST/STM32_USB_Device_Library/Core/Src/usbd_core.c **** 
 449:Middlewares/ST/STM32_USB_Device_Library/Core/Src/usbd_core.c ****   return ret;
 450:Middlewares/ST/STM32_USB_Device_Library/Core/Src/usbd_core.c **** #else
 451:Middlewares/ST/STM32_USB_Device_Library/Core/Src/usbd_core.c ****   /* Prevent unused argument compilation warning */
 452:Middlewares/ST/STM32_USB_Device_Library/Core/Src/usbd_core.c ****   UNUSED(pdev);
 332              		.loc 1 452 3 view .LVU95
 453:Middlewares/ST/STM32_USB_Device_Library/Core/Src/usbd_core.c **** 
 454:Middlewares/ST/STM32_USB_Device_Library/Core/Src/usbd_core.c ****   return USBD_OK;
 333              		.loc 1 454 3 view .LVU96
 455:Middlewares/ST/STM32_USB_Device_Library/Core/Src/usbd_core.c **** #endif /* USBD_HS_TESTMODE_ENABLE */
 456:Middlewares/ST/STM32_USB_Device_Library/Core/Src/usbd_core.c **** }
 334              		.loc 1 456 1 is_stmt 0 view .LVU97
 335 0000 0020     		movs	r0, #0
 336              	.LVL22:
 337              		.loc 1 456 1 view .LVU98
 338 0002 7047     		bx	lr
 339              		.cfi_endproc
 340              	.LFE71:
 342              		.section	.text.USBD_SetClassConfig,"ax",%progbits
 343              		.align	1
 344              		.global	USBD_SetClassConfig
 345              		.syntax unified
 346              		.thumb
 347              		.thumb_func
 349              	USBD_SetClassConfig:
 350              	.LVL23:
 351              	.LFB72:
ARM GAS  /tmp/cc78RUCQ.s 			page 15


 457:Middlewares/ST/STM32_USB_Device_Library/Core/Src/usbd_core.c **** 
 458:Middlewares/ST/STM32_USB_Device_Library/Core/Src/usbd_core.c **** /**
 459:Middlewares/ST/STM32_USB_Device_Library/Core/Src/usbd_core.c ****   * @brief  USBD_SetClassConfig
 460:Middlewares/ST/STM32_USB_Device_Library/Core/Src/usbd_core.c ****   *        Configure device and start the interface
 461:Middlewares/ST/STM32_USB_Device_Library/Core/Src/usbd_core.c ****   * @param  pdev: device instance
 462:Middlewares/ST/STM32_USB_Device_Library/Core/Src/usbd_core.c ****   * @param  cfgidx: configuration index
 463:Middlewares/ST/STM32_USB_Device_Library/Core/Src/usbd_core.c ****   * @retval status
 464:Middlewares/ST/STM32_USB_Device_Library/Core/Src/usbd_core.c ****   */
 465:Middlewares/ST/STM32_USB_Device_Library/Core/Src/usbd_core.c **** 
 466:Middlewares/ST/STM32_USB_Device_Library/Core/Src/usbd_core.c **** USBD_StatusTypeDef USBD_SetClassConfig(USBD_HandleTypeDef *pdev, uint8_t cfgidx)
 467:Middlewares/ST/STM32_USB_Device_Library/Core/Src/usbd_core.c **** {
 352              		.loc 1 467 1 is_stmt 1 view -0
 353              		.cfi_startproc
 354              		@ args = 0, pretend = 0, frame = 0
 355              		@ frame_needed = 0, uses_anonymous_args = 0
 356              		.loc 1 467 1 is_stmt 0 view .LVU100
 357 0000 08B5     		push	{r3, lr}
 358              	.LCFI9:
 359              		.cfi_def_cfa_offset 8
 360              		.cfi_offset 3, -8
 361              		.cfi_offset 14, -4
 468:Middlewares/ST/STM32_USB_Device_Library/Core/Src/usbd_core.c ****   USBD_StatusTypeDef ret = USBD_OK;
 362              		.loc 1 468 3 is_stmt 1 view .LVU101
 363              	.LVL24:
 469:Middlewares/ST/STM32_USB_Device_Library/Core/Src/usbd_core.c **** 
 470:Middlewares/ST/STM32_USB_Device_Library/Core/Src/usbd_core.c **** #ifdef USE_USBD_COMPOSITE
 471:Middlewares/ST/STM32_USB_Device_Library/Core/Src/usbd_core.c ****   /* Parse the table of classes in use */
 472:Middlewares/ST/STM32_USB_Device_Library/Core/Src/usbd_core.c ****   for (uint32_t i = 0U; i < USBD_MAX_SUPPORTED_CLASS; i++)
 473:Middlewares/ST/STM32_USB_Device_Library/Core/Src/usbd_core.c ****   {
 474:Middlewares/ST/STM32_USB_Device_Library/Core/Src/usbd_core.c ****     /* Check if current class is in use */
 475:Middlewares/ST/STM32_USB_Device_Library/Core/Src/usbd_core.c ****     if ((pdev->tclasslist[i].Active) == 1U)
 476:Middlewares/ST/STM32_USB_Device_Library/Core/Src/usbd_core.c ****     {
 477:Middlewares/ST/STM32_USB_Device_Library/Core/Src/usbd_core.c ****       if (pdev->pClass[i] != NULL)
 478:Middlewares/ST/STM32_USB_Device_Library/Core/Src/usbd_core.c ****       {
 479:Middlewares/ST/STM32_USB_Device_Library/Core/Src/usbd_core.c ****         pdev->classId = i;
 480:Middlewares/ST/STM32_USB_Device_Library/Core/Src/usbd_core.c ****         /* Set configuration  and Start the Class*/
 481:Middlewares/ST/STM32_USB_Device_Library/Core/Src/usbd_core.c ****         if (pdev->pClass[i]->Init(pdev, cfgidx) != 0U)
 482:Middlewares/ST/STM32_USB_Device_Library/Core/Src/usbd_core.c ****         {
 483:Middlewares/ST/STM32_USB_Device_Library/Core/Src/usbd_core.c ****           ret = USBD_FAIL;
 484:Middlewares/ST/STM32_USB_Device_Library/Core/Src/usbd_core.c ****         }
 485:Middlewares/ST/STM32_USB_Device_Library/Core/Src/usbd_core.c ****       }
 486:Middlewares/ST/STM32_USB_Device_Library/Core/Src/usbd_core.c ****     }
 487:Middlewares/ST/STM32_USB_Device_Library/Core/Src/usbd_core.c ****   }
 488:Middlewares/ST/STM32_USB_Device_Library/Core/Src/usbd_core.c **** #else
 489:Middlewares/ST/STM32_USB_Device_Library/Core/Src/usbd_core.c ****   if (pdev->pClass[0] != NULL)
 364              		.loc 1 489 3 view .LVU102
 365              		.loc 1 489 19 is_stmt 0 view .LVU103
 366 0002 D0F8B832 		ldr	r3, [r0, #696]
 367              		.loc 1 489 6 view .LVU104
 368 0006 13B1     		cbz	r3, .L25
 490:Middlewares/ST/STM32_USB_Device_Library/Core/Src/usbd_core.c ****   {
 491:Middlewares/ST/STM32_USB_Device_Library/Core/Src/usbd_core.c ****     /* Set configuration and Start the Class */
 492:Middlewares/ST/STM32_USB_Device_Library/Core/Src/usbd_core.c ****     ret = (USBD_StatusTypeDef)pdev->pClass[0]->Init(pdev, cfgidx);
 369              		.loc 1 492 5 is_stmt 1 view .LVU105
 370              		.loc 1 492 46 is_stmt 0 view .LVU106
 371 0008 1B68     		ldr	r3, [r3]
 372              		.loc 1 492 31 view .LVU107
ARM GAS  /tmp/cc78RUCQ.s 			page 16


 373 000a 9847     		blx	r3
 374              	.LVL25:
 375              	.L24:
 493:Middlewares/ST/STM32_USB_Device_Library/Core/Src/usbd_core.c ****   }
 494:Middlewares/ST/STM32_USB_Device_Library/Core/Src/usbd_core.c **** #endif /* USE_USBD_COMPOSITE */
 495:Middlewares/ST/STM32_USB_Device_Library/Core/Src/usbd_core.c **** 
 496:Middlewares/ST/STM32_USB_Device_Library/Core/Src/usbd_core.c ****   return ret;
 376              		.loc 1 496 3 is_stmt 1 view .LVU108
 497:Middlewares/ST/STM32_USB_Device_Library/Core/Src/usbd_core.c **** }
 377              		.loc 1 497 1 is_stmt 0 view .LVU109
 378 000c 08BD     		pop	{r3, pc}
 379              	.LVL26:
 380              	.L25:
 468:Middlewares/ST/STM32_USB_Device_Library/Core/Src/usbd_core.c **** 
 381              		.loc 1 468 22 view .LVU110
 382 000e 0020     		movs	r0, #0
 383              	.LVL27:
 468:Middlewares/ST/STM32_USB_Device_Library/Core/Src/usbd_core.c **** 
 384              		.loc 1 468 22 view .LVU111
 385 0010 FCE7     		b	.L24
 386              		.cfi_endproc
 387              	.LFE72:
 389              		.section	.text.USBD_ClrClassConfig,"ax",%progbits
 390              		.align	1
 391              		.global	USBD_ClrClassConfig
 392              		.syntax unified
 393              		.thumb
 394              		.thumb_func
 396              	USBD_ClrClassConfig:
 397              	.LVL28:
 398              	.LFB73:
 498:Middlewares/ST/STM32_USB_Device_Library/Core/Src/usbd_core.c **** 
 499:Middlewares/ST/STM32_USB_Device_Library/Core/Src/usbd_core.c **** /**
 500:Middlewares/ST/STM32_USB_Device_Library/Core/Src/usbd_core.c ****   * @brief  USBD_ClrClassConfig
 501:Middlewares/ST/STM32_USB_Device_Library/Core/Src/usbd_core.c ****   *         Clear current configuration
 502:Middlewares/ST/STM32_USB_Device_Library/Core/Src/usbd_core.c ****   * @param  pdev: device instance
 503:Middlewares/ST/STM32_USB_Device_Library/Core/Src/usbd_core.c ****   * @param  cfgidx: configuration index
 504:Middlewares/ST/STM32_USB_Device_Library/Core/Src/usbd_core.c ****   * @retval status
 505:Middlewares/ST/STM32_USB_Device_Library/Core/Src/usbd_core.c ****   */
 506:Middlewares/ST/STM32_USB_Device_Library/Core/Src/usbd_core.c **** USBD_StatusTypeDef USBD_ClrClassConfig(USBD_HandleTypeDef *pdev, uint8_t cfgidx)
 507:Middlewares/ST/STM32_USB_Device_Library/Core/Src/usbd_core.c **** {
 399              		.loc 1 507 1 is_stmt 1 view -0
 400              		.cfi_startproc
 401              		@ args = 0, pretend = 0, frame = 0
 402              		@ frame_needed = 0, uses_anonymous_args = 0
 403              		.loc 1 507 1 is_stmt 0 view .LVU113
 404 0000 08B5     		push	{r3, lr}
 405              	.LCFI10:
 406              		.cfi_def_cfa_offset 8
 407              		.cfi_offset 3, -8
 408              		.cfi_offset 14, -4
 508:Middlewares/ST/STM32_USB_Device_Library/Core/Src/usbd_core.c ****   USBD_StatusTypeDef ret = USBD_OK;
 409              		.loc 1 508 3 is_stmt 1 view .LVU114
 410              	.LVL29:
 509:Middlewares/ST/STM32_USB_Device_Library/Core/Src/usbd_core.c **** 
 510:Middlewares/ST/STM32_USB_Device_Library/Core/Src/usbd_core.c **** #ifdef USE_USBD_COMPOSITE
 511:Middlewares/ST/STM32_USB_Device_Library/Core/Src/usbd_core.c ****   /* Parse the table of classes in use */
ARM GAS  /tmp/cc78RUCQ.s 			page 17


 512:Middlewares/ST/STM32_USB_Device_Library/Core/Src/usbd_core.c ****   for (uint32_t i = 0U; i < USBD_MAX_SUPPORTED_CLASS; i++)
 513:Middlewares/ST/STM32_USB_Device_Library/Core/Src/usbd_core.c ****   {
 514:Middlewares/ST/STM32_USB_Device_Library/Core/Src/usbd_core.c ****     /* Check if current class is in use */
 515:Middlewares/ST/STM32_USB_Device_Library/Core/Src/usbd_core.c ****     if ((pdev->tclasslist[i].Active) == 1U)
 516:Middlewares/ST/STM32_USB_Device_Library/Core/Src/usbd_core.c ****     {
 517:Middlewares/ST/STM32_USB_Device_Library/Core/Src/usbd_core.c ****       if (pdev->pClass[i] != NULL)
 518:Middlewares/ST/STM32_USB_Device_Library/Core/Src/usbd_core.c ****       {
 519:Middlewares/ST/STM32_USB_Device_Library/Core/Src/usbd_core.c ****         pdev->classId = i;
 520:Middlewares/ST/STM32_USB_Device_Library/Core/Src/usbd_core.c ****         /* Clear configuration  and De-initialize the Class process */
 521:Middlewares/ST/STM32_USB_Device_Library/Core/Src/usbd_core.c ****         if (pdev->pClass[i]->DeInit(pdev, cfgidx) != 0U)
 522:Middlewares/ST/STM32_USB_Device_Library/Core/Src/usbd_core.c ****         {
 523:Middlewares/ST/STM32_USB_Device_Library/Core/Src/usbd_core.c ****           ret = USBD_FAIL;
 524:Middlewares/ST/STM32_USB_Device_Library/Core/Src/usbd_core.c ****         }
 525:Middlewares/ST/STM32_USB_Device_Library/Core/Src/usbd_core.c ****       }
 526:Middlewares/ST/STM32_USB_Device_Library/Core/Src/usbd_core.c ****     }
 527:Middlewares/ST/STM32_USB_Device_Library/Core/Src/usbd_core.c ****   }
 528:Middlewares/ST/STM32_USB_Device_Library/Core/Src/usbd_core.c **** #else
 529:Middlewares/ST/STM32_USB_Device_Library/Core/Src/usbd_core.c ****   /* Clear configuration  and De-initialize the Class process */
 530:Middlewares/ST/STM32_USB_Device_Library/Core/Src/usbd_core.c ****   if (pdev->pClass[0]->DeInit(pdev, cfgidx) != 0U)
 411              		.loc 1 530 3 view .LVU115
 412              		.loc 1 530 19 is_stmt 0 view .LVU116
 413 0002 D0F8B832 		ldr	r3, [r0, #696]
 414              		.loc 1 530 22 view .LVU117
 415 0006 5B68     		ldr	r3, [r3, #4]
 416              		.loc 1 530 7 view .LVU118
 417 0008 9847     		blx	r3
 418              	.LVL30:
 419              		.loc 1 530 6 discriminator 1 view .LVU119
 420 000a 00B9     		cbnz	r0, .L31
 421              	.L28:
 422              	.LVL31:
 531:Middlewares/ST/STM32_USB_Device_Library/Core/Src/usbd_core.c ****   {
 532:Middlewares/ST/STM32_USB_Device_Library/Core/Src/usbd_core.c ****     ret = USBD_FAIL;
 533:Middlewares/ST/STM32_USB_Device_Library/Core/Src/usbd_core.c ****   }
 534:Middlewares/ST/STM32_USB_Device_Library/Core/Src/usbd_core.c **** #endif /* USE_USBD_COMPOSITE */
 535:Middlewares/ST/STM32_USB_Device_Library/Core/Src/usbd_core.c **** 
 536:Middlewares/ST/STM32_USB_Device_Library/Core/Src/usbd_core.c ****   return ret;
 423              		.loc 1 536 3 is_stmt 1 view .LVU120
 537:Middlewares/ST/STM32_USB_Device_Library/Core/Src/usbd_core.c **** }
 424              		.loc 1 537 1 is_stmt 0 view .LVU121
 425 000c 08BD     		pop	{r3, pc}
 426              	.LVL32:
 427              	.L31:
 532:Middlewares/ST/STM32_USB_Device_Library/Core/Src/usbd_core.c ****   }
 428              		.loc 1 532 9 view .LVU122
 429 000e 0320     		movs	r0, #3
 430 0010 FCE7     		b	.L28
 431              		.cfi_endproc
 432              	.LFE73:
 434              		.section	.text.USBD_LL_SetupStage,"ax",%progbits
 435              		.align	1
 436              		.global	USBD_LL_SetupStage
 437              		.syntax unified
 438              		.thumb
 439              		.thumb_func
 441              	USBD_LL_SetupStage:
 442              	.LVL33:
ARM GAS  /tmp/cc78RUCQ.s 			page 18


 443              	.LFB74:
 538:Middlewares/ST/STM32_USB_Device_Library/Core/Src/usbd_core.c **** 
 539:Middlewares/ST/STM32_USB_Device_Library/Core/Src/usbd_core.c **** 
 540:Middlewares/ST/STM32_USB_Device_Library/Core/Src/usbd_core.c **** /**
 541:Middlewares/ST/STM32_USB_Device_Library/Core/Src/usbd_core.c ****   * @brief  USBD_LL_SetupStage
 542:Middlewares/ST/STM32_USB_Device_Library/Core/Src/usbd_core.c ****   *         Handle the setup stage
 543:Middlewares/ST/STM32_USB_Device_Library/Core/Src/usbd_core.c ****   * @param  pdev: device instance
 544:Middlewares/ST/STM32_USB_Device_Library/Core/Src/usbd_core.c ****   * @param  psetup: setup packet buffer pointer
 545:Middlewares/ST/STM32_USB_Device_Library/Core/Src/usbd_core.c ****   * @retval status
 546:Middlewares/ST/STM32_USB_Device_Library/Core/Src/usbd_core.c ****   */
 547:Middlewares/ST/STM32_USB_Device_Library/Core/Src/usbd_core.c **** USBD_StatusTypeDef USBD_LL_SetupStage(USBD_HandleTypeDef *pdev, uint8_t *psetup)
 548:Middlewares/ST/STM32_USB_Device_Library/Core/Src/usbd_core.c **** {
 444              		.loc 1 548 1 is_stmt 1 view -0
 445              		.cfi_startproc
 446              		@ args = 0, pretend = 0, frame = 0
 447              		@ frame_needed = 0, uses_anonymous_args = 0
 448              		.loc 1 548 1 is_stmt 0 view .LVU124
 449 0000 38B5     		push	{r3, r4, r5, lr}
 450              	.LCFI11:
 451              		.cfi_def_cfa_offset 16
 452              		.cfi_offset 3, -16
 453              		.cfi_offset 4, -12
 454              		.cfi_offset 5, -8
 455              		.cfi_offset 14, -4
 456 0002 0446     		mov	r4, r0
 549:Middlewares/ST/STM32_USB_Device_Library/Core/Src/usbd_core.c ****   USBD_StatusTypeDef ret;
 457              		.loc 1 549 3 is_stmt 1 view .LVU125
 550:Middlewares/ST/STM32_USB_Device_Library/Core/Src/usbd_core.c **** 
 551:Middlewares/ST/STM32_USB_Device_Library/Core/Src/usbd_core.c ****   USBD_ParseSetupRequest(&pdev->request, psetup);
 458              		.loc 1 551 3 view .LVU126
 459 0004 00F2AA25 		addw	r5, r0, #682
 460 0008 2846     		mov	r0, r5
 461              	.LVL34:
 462              		.loc 1 551 3 is_stmt 0 view .LVU127
 463 000a FFF7FEFF 		bl	USBD_ParseSetupRequest
 464              	.LVL35:
 552:Middlewares/ST/STM32_USB_Device_Library/Core/Src/usbd_core.c **** 
 553:Middlewares/ST/STM32_USB_Device_Library/Core/Src/usbd_core.c ****   pdev->ep0_state = USBD_EP0_SETUP;
 465              		.loc 1 553 3 is_stmt 1 view .LVU128
 466              		.loc 1 553 19 is_stmt 0 view .LVU129
 467 000e 0123     		movs	r3, #1
 468 0010 C4F89432 		str	r3, [r4, #660]
 554:Middlewares/ST/STM32_USB_Device_Library/Core/Src/usbd_core.c **** 
 555:Middlewares/ST/STM32_USB_Device_Library/Core/Src/usbd_core.c ****   pdev->ep0_data_len = pdev->request.wLength;
 469              		.loc 1 555 3 is_stmt 1 view .LVU130
 470              		.loc 1 555 37 is_stmt 0 view .LVU131
 471 0014 B4F8B032 		ldrh	r3, [r4, #688]
 472              		.loc 1 555 22 view .LVU132
 473 0018 C4F89832 		str	r3, [r4, #664]
 556:Middlewares/ST/STM32_USB_Device_Library/Core/Src/usbd_core.c **** 
 557:Middlewares/ST/STM32_USB_Device_Library/Core/Src/usbd_core.c ****   switch (pdev->request.bmRequest & 0x1FU)
 474              		.loc 1 557 3 is_stmt 1 view .LVU133
 475              		.loc 1 557 24 is_stmt 0 view .LVU134
 476 001c 94F8AA12 		ldrb	r1, [r4, #682]	@ zero_extendqisi2
 477 0020 01F01F03 		and	r3, r1, #31
 478              		.loc 1 557 3 view .LVU135
 479 0024 012B     		cmp	r3, #1
ARM GAS  /tmp/cc78RUCQ.s 			page 19


 480 0026 07D0     		beq	.L33
 481 0028 022B     		cmp	r3, #2
 482 002a 0AD0     		beq	.L34
 483 002c 73B9     		cbnz	r3, .L35
 558:Middlewares/ST/STM32_USB_Device_Library/Core/Src/usbd_core.c ****   {
 559:Middlewares/ST/STM32_USB_Device_Library/Core/Src/usbd_core.c ****     case USB_REQ_RECIPIENT_DEVICE:
 560:Middlewares/ST/STM32_USB_Device_Library/Core/Src/usbd_core.c ****       ret = USBD_StdDevReq(pdev, &pdev->request);
 484              		.loc 1 560 7 is_stmt 1 view .LVU136
 485              		.loc 1 560 13 is_stmt 0 view .LVU137
 486 002e 2946     		mov	r1, r5
 487 0030 2046     		mov	r0, r4
 488 0032 FFF7FEFF 		bl	USBD_StdDevReq
 489              	.LVL36:
 561:Middlewares/ST/STM32_USB_Device_Library/Core/Src/usbd_core.c ****       break;
 490              		.loc 1 561 7 is_stmt 1 view .LVU138
 491              	.L36:
 562:Middlewares/ST/STM32_USB_Device_Library/Core/Src/usbd_core.c **** 
 563:Middlewares/ST/STM32_USB_Device_Library/Core/Src/usbd_core.c ****     case USB_REQ_RECIPIENT_INTERFACE:
 564:Middlewares/ST/STM32_USB_Device_Library/Core/Src/usbd_core.c ****       ret = USBD_StdItfReq(pdev, &pdev->request);
 565:Middlewares/ST/STM32_USB_Device_Library/Core/Src/usbd_core.c ****       break;
 566:Middlewares/ST/STM32_USB_Device_Library/Core/Src/usbd_core.c **** 
 567:Middlewares/ST/STM32_USB_Device_Library/Core/Src/usbd_core.c ****     case USB_REQ_RECIPIENT_ENDPOINT:
 568:Middlewares/ST/STM32_USB_Device_Library/Core/Src/usbd_core.c ****       ret = USBD_StdEPReq(pdev, &pdev->request);
 569:Middlewares/ST/STM32_USB_Device_Library/Core/Src/usbd_core.c ****       break;
 570:Middlewares/ST/STM32_USB_Device_Library/Core/Src/usbd_core.c **** 
 571:Middlewares/ST/STM32_USB_Device_Library/Core/Src/usbd_core.c ****     default:
 572:Middlewares/ST/STM32_USB_Device_Library/Core/Src/usbd_core.c ****       ret = USBD_LL_StallEP(pdev, (pdev->request.bmRequest & 0x80U));
 573:Middlewares/ST/STM32_USB_Device_Library/Core/Src/usbd_core.c ****       break;
 574:Middlewares/ST/STM32_USB_Device_Library/Core/Src/usbd_core.c ****   }
 575:Middlewares/ST/STM32_USB_Device_Library/Core/Src/usbd_core.c **** 
 576:Middlewares/ST/STM32_USB_Device_Library/Core/Src/usbd_core.c ****   return ret;
 492              		.loc 1 576 3 view .LVU139
 577:Middlewares/ST/STM32_USB_Device_Library/Core/Src/usbd_core.c **** }
 493              		.loc 1 577 1 is_stmt 0 view .LVU140
 494 0036 38BD     		pop	{r3, r4, r5, pc}
 495              	.LVL37:
 496              	.L33:
 564:Middlewares/ST/STM32_USB_Device_Library/Core/Src/usbd_core.c ****       break;
 497              		.loc 1 564 7 is_stmt 1 view .LVU141
 564:Middlewares/ST/STM32_USB_Device_Library/Core/Src/usbd_core.c ****       break;
 498              		.loc 1 564 13 is_stmt 0 view .LVU142
 499 0038 2946     		mov	r1, r5
 500 003a 2046     		mov	r0, r4
 501 003c FFF7FEFF 		bl	USBD_StdItfReq
 502              	.LVL38:
 565:Middlewares/ST/STM32_USB_Device_Library/Core/Src/usbd_core.c **** 
 503              		.loc 1 565 7 is_stmt 1 view .LVU143
 504 0040 F9E7     		b	.L36
 505              	.LVL39:
 506              	.L34:
 568:Middlewares/ST/STM32_USB_Device_Library/Core/Src/usbd_core.c ****       break;
 507              		.loc 1 568 7 view .LVU144
 568:Middlewares/ST/STM32_USB_Device_Library/Core/Src/usbd_core.c ****       break;
 508              		.loc 1 568 13 is_stmt 0 view .LVU145
 509 0042 2946     		mov	r1, r5
 510 0044 2046     		mov	r0, r4
 511 0046 FFF7FEFF 		bl	USBD_StdEPReq
ARM GAS  /tmp/cc78RUCQ.s 			page 20


 512              	.LVL40:
 569:Middlewares/ST/STM32_USB_Device_Library/Core/Src/usbd_core.c **** 
 513              		.loc 1 569 7 is_stmt 1 view .LVU146
 514 004a F4E7     		b	.L36
 515              	.LVL41:
 516              	.L35:
 572:Middlewares/ST/STM32_USB_Device_Library/Core/Src/usbd_core.c ****       break;
 517              		.loc 1 572 7 view .LVU147
 572:Middlewares/ST/STM32_USB_Device_Library/Core/Src/usbd_core.c ****       break;
 518              		.loc 1 572 13 is_stmt 0 view .LVU148
 519 004c 01F08001 		and	r1, r1, #128
 520 0050 2046     		mov	r0, r4
 521 0052 FFF7FEFF 		bl	USBD_LL_StallEP
 522              	.LVL42:
 573:Middlewares/ST/STM32_USB_Device_Library/Core/Src/usbd_core.c ****   }
 523              		.loc 1 573 7 is_stmt 1 view .LVU149
 524 0056 EEE7     		b	.L36
 525              		.cfi_endproc
 526              	.LFE74:
 528              		.section	.text.USBD_LL_Reset,"ax",%progbits
 529              		.align	1
 530              		.global	USBD_LL_Reset
 531              		.syntax unified
 532              		.thumb
 533              		.thumb_func
 535              	USBD_LL_Reset:
 536              	.LVL43:
 537              	.LFB77:
 578:Middlewares/ST/STM32_USB_Device_Library/Core/Src/usbd_core.c **** 
 579:Middlewares/ST/STM32_USB_Device_Library/Core/Src/usbd_core.c **** /**
 580:Middlewares/ST/STM32_USB_Device_Library/Core/Src/usbd_core.c ****   * @brief  USBD_LL_DataOutStage
 581:Middlewares/ST/STM32_USB_Device_Library/Core/Src/usbd_core.c ****   *         Handle data OUT stage
 582:Middlewares/ST/STM32_USB_Device_Library/Core/Src/usbd_core.c ****   * @param  pdev: device instance
 583:Middlewares/ST/STM32_USB_Device_Library/Core/Src/usbd_core.c ****   * @param  epnum: endpoint index
 584:Middlewares/ST/STM32_USB_Device_Library/Core/Src/usbd_core.c ****   * @param  pdata: data pointer
 585:Middlewares/ST/STM32_USB_Device_Library/Core/Src/usbd_core.c ****   * @retval status
 586:Middlewares/ST/STM32_USB_Device_Library/Core/Src/usbd_core.c ****   */
 587:Middlewares/ST/STM32_USB_Device_Library/Core/Src/usbd_core.c **** USBD_StatusTypeDef USBD_LL_DataOutStage(USBD_HandleTypeDef *pdev,
 588:Middlewares/ST/STM32_USB_Device_Library/Core/Src/usbd_core.c ****                                         uint8_t epnum, uint8_t *pdata)
 589:Middlewares/ST/STM32_USB_Device_Library/Core/Src/usbd_core.c **** {
 590:Middlewares/ST/STM32_USB_Device_Library/Core/Src/usbd_core.c ****   USBD_EndpointTypeDef *pep;
 591:Middlewares/ST/STM32_USB_Device_Library/Core/Src/usbd_core.c ****   USBD_StatusTypeDef ret = USBD_OK;
 592:Middlewares/ST/STM32_USB_Device_Library/Core/Src/usbd_core.c ****   uint8_t idx;
 593:Middlewares/ST/STM32_USB_Device_Library/Core/Src/usbd_core.c **** 
 594:Middlewares/ST/STM32_USB_Device_Library/Core/Src/usbd_core.c ****   UNUSED(pdata);
 595:Middlewares/ST/STM32_USB_Device_Library/Core/Src/usbd_core.c **** 
 596:Middlewares/ST/STM32_USB_Device_Library/Core/Src/usbd_core.c ****   if (epnum == 0U)
 597:Middlewares/ST/STM32_USB_Device_Library/Core/Src/usbd_core.c ****   {
 598:Middlewares/ST/STM32_USB_Device_Library/Core/Src/usbd_core.c ****     pep = &pdev->ep_out[0];
 599:Middlewares/ST/STM32_USB_Device_Library/Core/Src/usbd_core.c **** 
 600:Middlewares/ST/STM32_USB_Device_Library/Core/Src/usbd_core.c ****     if (pdev->ep0_state == USBD_EP0_DATA_OUT)
 601:Middlewares/ST/STM32_USB_Device_Library/Core/Src/usbd_core.c ****     {
 602:Middlewares/ST/STM32_USB_Device_Library/Core/Src/usbd_core.c ****       if (pep->rem_length > pep->maxpacket)
 603:Middlewares/ST/STM32_USB_Device_Library/Core/Src/usbd_core.c ****       {
 604:Middlewares/ST/STM32_USB_Device_Library/Core/Src/usbd_core.c ****         pep->rem_length -= pep->maxpacket;
 605:Middlewares/ST/STM32_USB_Device_Library/Core/Src/usbd_core.c ****         pep->pbuffer += pep->maxpacket;
 606:Middlewares/ST/STM32_USB_Device_Library/Core/Src/usbd_core.c **** 
ARM GAS  /tmp/cc78RUCQ.s 			page 21


 607:Middlewares/ST/STM32_USB_Device_Library/Core/Src/usbd_core.c ****         (void)USBD_CtlContinueRx(pdev, pep->pbuffer, MAX(pep->rem_length, pep->maxpacket));
 608:Middlewares/ST/STM32_USB_Device_Library/Core/Src/usbd_core.c ****       }
 609:Middlewares/ST/STM32_USB_Device_Library/Core/Src/usbd_core.c ****       else
 610:Middlewares/ST/STM32_USB_Device_Library/Core/Src/usbd_core.c ****       {
 611:Middlewares/ST/STM32_USB_Device_Library/Core/Src/usbd_core.c ****         /* Find the class ID relative to the current request */
 612:Middlewares/ST/STM32_USB_Device_Library/Core/Src/usbd_core.c ****         switch (pdev->request.bmRequest & 0x1FU)
 613:Middlewares/ST/STM32_USB_Device_Library/Core/Src/usbd_core.c ****         {
 614:Middlewares/ST/STM32_USB_Device_Library/Core/Src/usbd_core.c ****           case USB_REQ_RECIPIENT_DEVICE:
 615:Middlewares/ST/STM32_USB_Device_Library/Core/Src/usbd_core.c ****             /* Device requests must be managed by the first instantiated class
 616:Middlewares/ST/STM32_USB_Device_Library/Core/Src/usbd_core.c ****                (or duplicated by all classes for simplicity) */
 617:Middlewares/ST/STM32_USB_Device_Library/Core/Src/usbd_core.c ****             idx = 0U;
 618:Middlewares/ST/STM32_USB_Device_Library/Core/Src/usbd_core.c ****             break;
 619:Middlewares/ST/STM32_USB_Device_Library/Core/Src/usbd_core.c **** 
 620:Middlewares/ST/STM32_USB_Device_Library/Core/Src/usbd_core.c ****           case USB_REQ_RECIPIENT_INTERFACE:
 621:Middlewares/ST/STM32_USB_Device_Library/Core/Src/usbd_core.c ****             idx = USBD_CoreFindIF(pdev, LOBYTE(pdev->request.wIndex));
 622:Middlewares/ST/STM32_USB_Device_Library/Core/Src/usbd_core.c ****             break;
 623:Middlewares/ST/STM32_USB_Device_Library/Core/Src/usbd_core.c **** 
 624:Middlewares/ST/STM32_USB_Device_Library/Core/Src/usbd_core.c ****           case USB_REQ_RECIPIENT_ENDPOINT:
 625:Middlewares/ST/STM32_USB_Device_Library/Core/Src/usbd_core.c ****             idx = USBD_CoreFindEP(pdev, LOBYTE(pdev->request.wIndex));
 626:Middlewares/ST/STM32_USB_Device_Library/Core/Src/usbd_core.c ****             break;
 627:Middlewares/ST/STM32_USB_Device_Library/Core/Src/usbd_core.c **** 
 628:Middlewares/ST/STM32_USB_Device_Library/Core/Src/usbd_core.c ****           default:
 629:Middlewares/ST/STM32_USB_Device_Library/Core/Src/usbd_core.c ****             /* Back to the first class in case of doubt */
 630:Middlewares/ST/STM32_USB_Device_Library/Core/Src/usbd_core.c ****             idx = 0U;
 631:Middlewares/ST/STM32_USB_Device_Library/Core/Src/usbd_core.c ****             break;
 632:Middlewares/ST/STM32_USB_Device_Library/Core/Src/usbd_core.c ****         }
 633:Middlewares/ST/STM32_USB_Device_Library/Core/Src/usbd_core.c **** 
 634:Middlewares/ST/STM32_USB_Device_Library/Core/Src/usbd_core.c ****         if (idx < USBD_MAX_SUPPORTED_CLASS)
 635:Middlewares/ST/STM32_USB_Device_Library/Core/Src/usbd_core.c ****         {
 636:Middlewares/ST/STM32_USB_Device_Library/Core/Src/usbd_core.c ****           /* Setup the class ID and route the request to the relative class function */
 637:Middlewares/ST/STM32_USB_Device_Library/Core/Src/usbd_core.c ****           if (pdev->dev_state == USBD_STATE_CONFIGURED)
 638:Middlewares/ST/STM32_USB_Device_Library/Core/Src/usbd_core.c ****           {
 639:Middlewares/ST/STM32_USB_Device_Library/Core/Src/usbd_core.c ****             if (pdev->pClass[idx]->EP0_RxReady != NULL)
 640:Middlewares/ST/STM32_USB_Device_Library/Core/Src/usbd_core.c ****             {
 641:Middlewares/ST/STM32_USB_Device_Library/Core/Src/usbd_core.c ****               pdev->classId = idx;
 642:Middlewares/ST/STM32_USB_Device_Library/Core/Src/usbd_core.c ****               pdev->pClass[idx]->EP0_RxReady(pdev);
 643:Middlewares/ST/STM32_USB_Device_Library/Core/Src/usbd_core.c ****             }
 644:Middlewares/ST/STM32_USB_Device_Library/Core/Src/usbd_core.c ****           }
 645:Middlewares/ST/STM32_USB_Device_Library/Core/Src/usbd_core.c ****         }
 646:Middlewares/ST/STM32_USB_Device_Library/Core/Src/usbd_core.c **** 
 647:Middlewares/ST/STM32_USB_Device_Library/Core/Src/usbd_core.c ****         (void)USBD_CtlSendStatus(pdev);
 648:Middlewares/ST/STM32_USB_Device_Library/Core/Src/usbd_core.c ****       }
 649:Middlewares/ST/STM32_USB_Device_Library/Core/Src/usbd_core.c ****     }
 650:Middlewares/ST/STM32_USB_Device_Library/Core/Src/usbd_core.c ****   }
 651:Middlewares/ST/STM32_USB_Device_Library/Core/Src/usbd_core.c ****   else
 652:Middlewares/ST/STM32_USB_Device_Library/Core/Src/usbd_core.c ****   {
 653:Middlewares/ST/STM32_USB_Device_Library/Core/Src/usbd_core.c ****     /* Get the class index relative to this interface */
 654:Middlewares/ST/STM32_USB_Device_Library/Core/Src/usbd_core.c ****     idx = USBD_CoreFindEP(pdev, (epnum & 0x7FU));
 655:Middlewares/ST/STM32_USB_Device_Library/Core/Src/usbd_core.c **** 
 656:Middlewares/ST/STM32_USB_Device_Library/Core/Src/usbd_core.c ****     if (((uint16_t)idx != 0xFFU) && (idx < USBD_MAX_SUPPORTED_CLASS))
 657:Middlewares/ST/STM32_USB_Device_Library/Core/Src/usbd_core.c ****     {
 658:Middlewares/ST/STM32_USB_Device_Library/Core/Src/usbd_core.c ****       /* Call the class data out function to manage the request */
 659:Middlewares/ST/STM32_USB_Device_Library/Core/Src/usbd_core.c ****       if (pdev->dev_state == USBD_STATE_CONFIGURED)
 660:Middlewares/ST/STM32_USB_Device_Library/Core/Src/usbd_core.c ****       {
 661:Middlewares/ST/STM32_USB_Device_Library/Core/Src/usbd_core.c ****         if (pdev->pClass[idx]->DataOut != NULL)
 662:Middlewares/ST/STM32_USB_Device_Library/Core/Src/usbd_core.c ****         {
 663:Middlewares/ST/STM32_USB_Device_Library/Core/Src/usbd_core.c ****           pdev->classId = idx;
ARM GAS  /tmp/cc78RUCQ.s 			page 22


 664:Middlewares/ST/STM32_USB_Device_Library/Core/Src/usbd_core.c ****           ret = (USBD_StatusTypeDef)pdev->pClass[idx]->DataOut(pdev, epnum);
 665:Middlewares/ST/STM32_USB_Device_Library/Core/Src/usbd_core.c ****         }
 666:Middlewares/ST/STM32_USB_Device_Library/Core/Src/usbd_core.c ****       }
 667:Middlewares/ST/STM32_USB_Device_Library/Core/Src/usbd_core.c ****       if (ret != USBD_OK)
 668:Middlewares/ST/STM32_USB_Device_Library/Core/Src/usbd_core.c ****       {
 669:Middlewares/ST/STM32_USB_Device_Library/Core/Src/usbd_core.c ****         return ret;
 670:Middlewares/ST/STM32_USB_Device_Library/Core/Src/usbd_core.c ****       }
 671:Middlewares/ST/STM32_USB_Device_Library/Core/Src/usbd_core.c ****     }
 672:Middlewares/ST/STM32_USB_Device_Library/Core/Src/usbd_core.c ****   }
 673:Middlewares/ST/STM32_USB_Device_Library/Core/Src/usbd_core.c **** 
 674:Middlewares/ST/STM32_USB_Device_Library/Core/Src/usbd_core.c ****   return USBD_OK;
 675:Middlewares/ST/STM32_USB_Device_Library/Core/Src/usbd_core.c **** }
 676:Middlewares/ST/STM32_USB_Device_Library/Core/Src/usbd_core.c **** 
 677:Middlewares/ST/STM32_USB_Device_Library/Core/Src/usbd_core.c **** /**
 678:Middlewares/ST/STM32_USB_Device_Library/Core/Src/usbd_core.c ****   * @brief  USBD_LL_DataInStage
 679:Middlewares/ST/STM32_USB_Device_Library/Core/Src/usbd_core.c ****   *         Handle data in stage
 680:Middlewares/ST/STM32_USB_Device_Library/Core/Src/usbd_core.c ****   * @param  pdev: device instance
 681:Middlewares/ST/STM32_USB_Device_Library/Core/Src/usbd_core.c ****   * @param  epnum: endpoint index
 682:Middlewares/ST/STM32_USB_Device_Library/Core/Src/usbd_core.c ****   * @param  pdata: data pointer
 683:Middlewares/ST/STM32_USB_Device_Library/Core/Src/usbd_core.c ****   * @retval status
 684:Middlewares/ST/STM32_USB_Device_Library/Core/Src/usbd_core.c ****   */
 685:Middlewares/ST/STM32_USB_Device_Library/Core/Src/usbd_core.c **** USBD_StatusTypeDef USBD_LL_DataInStage(USBD_HandleTypeDef *pdev,
 686:Middlewares/ST/STM32_USB_Device_Library/Core/Src/usbd_core.c ****                                        uint8_t epnum, uint8_t *pdata)
 687:Middlewares/ST/STM32_USB_Device_Library/Core/Src/usbd_core.c **** {
 688:Middlewares/ST/STM32_USB_Device_Library/Core/Src/usbd_core.c ****   USBD_EndpointTypeDef *pep;
 689:Middlewares/ST/STM32_USB_Device_Library/Core/Src/usbd_core.c ****   USBD_StatusTypeDef ret;
 690:Middlewares/ST/STM32_USB_Device_Library/Core/Src/usbd_core.c ****   uint8_t idx;
 691:Middlewares/ST/STM32_USB_Device_Library/Core/Src/usbd_core.c **** 
 692:Middlewares/ST/STM32_USB_Device_Library/Core/Src/usbd_core.c ****   UNUSED(pdata);
 693:Middlewares/ST/STM32_USB_Device_Library/Core/Src/usbd_core.c **** 
 694:Middlewares/ST/STM32_USB_Device_Library/Core/Src/usbd_core.c ****   if (epnum == 0U)
 695:Middlewares/ST/STM32_USB_Device_Library/Core/Src/usbd_core.c ****   {
 696:Middlewares/ST/STM32_USB_Device_Library/Core/Src/usbd_core.c ****     pep = &pdev->ep_in[0];
 697:Middlewares/ST/STM32_USB_Device_Library/Core/Src/usbd_core.c **** 
 698:Middlewares/ST/STM32_USB_Device_Library/Core/Src/usbd_core.c ****     if (pdev->ep0_state == USBD_EP0_DATA_IN)
 699:Middlewares/ST/STM32_USB_Device_Library/Core/Src/usbd_core.c ****     {
 700:Middlewares/ST/STM32_USB_Device_Library/Core/Src/usbd_core.c ****       if (pep->rem_length > pep->maxpacket)
 701:Middlewares/ST/STM32_USB_Device_Library/Core/Src/usbd_core.c ****       {
 702:Middlewares/ST/STM32_USB_Device_Library/Core/Src/usbd_core.c ****         pep->rem_length -= pep->maxpacket;
 703:Middlewares/ST/STM32_USB_Device_Library/Core/Src/usbd_core.c ****         pep->pbuffer += pep->maxpacket;
 704:Middlewares/ST/STM32_USB_Device_Library/Core/Src/usbd_core.c **** 
 705:Middlewares/ST/STM32_USB_Device_Library/Core/Src/usbd_core.c ****         (void)USBD_CtlContinueSendData(pdev, pep->pbuffer, pep->rem_length);
 706:Middlewares/ST/STM32_USB_Device_Library/Core/Src/usbd_core.c **** 
 707:Middlewares/ST/STM32_USB_Device_Library/Core/Src/usbd_core.c ****         /* Prepare endpoint for premature end of transfer */
 708:Middlewares/ST/STM32_USB_Device_Library/Core/Src/usbd_core.c ****         (void)USBD_LL_PrepareReceive(pdev, 0U, NULL, 0U);
 709:Middlewares/ST/STM32_USB_Device_Library/Core/Src/usbd_core.c ****       }
 710:Middlewares/ST/STM32_USB_Device_Library/Core/Src/usbd_core.c ****       else
 711:Middlewares/ST/STM32_USB_Device_Library/Core/Src/usbd_core.c ****       {
 712:Middlewares/ST/STM32_USB_Device_Library/Core/Src/usbd_core.c ****         /* last packet is MPS multiple, so send ZLP packet */
 713:Middlewares/ST/STM32_USB_Device_Library/Core/Src/usbd_core.c ****         if ((pep->maxpacket == pep->rem_length) &&
 714:Middlewares/ST/STM32_USB_Device_Library/Core/Src/usbd_core.c ****             (pep->total_length >= pep->maxpacket) &&
 715:Middlewares/ST/STM32_USB_Device_Library/Core/Src/usbd_core.c ****             (pep->total_length < pdev->ep0_data_len))
 716:Middlewares/ST/STM32_USB_Device_Library/Core/Src/usbd_core.c ****         {
 717:Middlewares/ST/STM32_USB_Device_Library/Core/Src/usbd_core.c ****           (void)USBD_CtlContinueSendData(pdev, NULL, 0U);
 718:Middlewares/ST/STM32_USB_Device_Library/Core/Src/usbd_core.c ****           pdev->ep0_data_len = 0U;
 719:Middlewares/ST/STM32_USB_Device_Library/Core/Src/usbd_core.c **** 
 720:Middlewares/ST/STM32_USB_Device_Library/Core/Src/usbd_core.c ****           /* Prepare endpoint for premature end of transfer */
ARM GAS  /tmp/cc78RUCQ.s 			page 23


 721:Middlewares/ST/STM32_USB_Device_Library/Core/Src/usbd_core.c ****           (void)USBD_LL_PrepareReceive(pdev, 0U, NULL, 0U);
 722:Middlewares/ST/STM32_USB_Device_Library/Core/Src/usbd_core.c ****         }
 723:Middlewares/ST/STM32_USB_Device_Library/Core/Src/usbd_core.c ****         else
 724:Middlewares/ST/STM32_USB_Device_Library/Core/Src/usbd_core.c ****         {
 725:Middlewares/ST/STM32_USB_Device_Library/Core/Src/usbd_core.c ****           if (pdev->dev_state == USBD_STATE_CONFIGURED)
 726:Middlewares/ST/STM32_USB_Device_Library/Core/Src/usbd_core.c ****           {
 727:Middlewares/ST/STM32_USB_Device_Library/Core/Src/usbd_core.c ****             if (pdev->pClass[0]->EP0_TxSent != NULL)
 728:Middlewares/ST/STM32_USB_Device_Library/Core/Src/usbd_core.c ****             {
 729:Middlewares/ST/STM32_USB_Device_Library/Core/Src/usbd_core.c ****               pdev->classId = 0U;
 730:Middlewares/ST/STM32_USB_Device_Library/Core/Src/usbd_core.c ****               pdev->pClass[0]->EP0_TxSent(pdev);
 731:Middlewares/ST/STM32_USB_Device_Library/Core/Src/usbd_core.c ****             }
 732:Middlewares/ST/STM32_USB_Device_Library/Core/Src/usbd_core.c ****           }
 733:Middlewares/ST/STM32_USB_Device_Library/Core/Src/usbd_core.c ****           (void)USBD_LL_StallEP(pdev, 0x80U);
 734:Middlewares/ST/STM32_USB_Device_Library/Core/Src/usbd_core.c ****           (void)USBD_CtlReceiveStatus(pdev);
 735:Middlewares/ST/STM32_USB_Device_Library/Core/Src/usbd_core.c ****         }
 736:Middlewares/ST/STM32_USB_Device_Library/Core/Src/usbd_core.c ****       }
 737:Middlewares/ST/STM32_USB_Device_Library/Core/Src/usbd_core.c ****     }
 738:Middlewares/ST/STM32_USB_Device_Library/Core/Src/usbd_core.c **** 
 739:Middlewares/ST/STM32_USB_Device_Library/Core/Src/usbd_core.c ****     if (pdev->dev_test_mode != 0U)
 740:Middlewares/ST/STM32_USB_Device_Library/Core/Src/usbd_core.c ****     {
 741:Middlewares/ST/STM32_USB_Device_Library/Core/Src/usbd_core.c ****       (void)USBD_RunTestMode(pdev);
 742:Middlewares/ST/STM32_USB_Device_Library/Core/Src/usbd_core.c ****       pdev->dev_test_mode = 0U;
 743:Middlewares/ST/STM32_USB_Device_Library/Core/Src/usbd_core.c ****     }
 744:Middlewares/ST/STM32_USB_Device_Library/Core/Src/usbd_core.c ****   }
 745:Middlewares/ST/STM32_USB_Device_Library/Core/Src/usbd_core.c ****   else
 746:Middlewares/ST/STM32_USB_Device_Library/Core/Src/usbd_core.c ****   {
 747:Middlewares/ST/STM32_USB_Device_Library/Core/Src/usbd_core.c ****     /* Get the class index relative to this interface */
 748:Middlewares/ST/STM32_USB_Device_Library/Core/Src/usbd_core.c ****     idx = USBD_CoreFindEP(pdev, ((uint8_t)epnum | 0x80U));
 749:Middlewares/ST/STM32_USB_Device_Library/Core/Src/usbd_core.c **** 
 750:Middlewares/ST/STM32_USB_Device_Library/Core/Src/usbd_core.c ****     if (((uint16_t)idx != 0xFFU) && (idx < USBD_MAX_SUPPORTED_CLASS))
 751:Middlewares/ST/STM32_USB_Device_Library/Core/Src/usbd_core.c ****     {
 752:Middlewares/ST/STM32_USB_Device_Library/Core/Src/usbd_core.c ****       /* Call the class data out function to manage the request */
 753:Middlewares/ST/STM32_USB_Device_Library/Core/Src/usbd_core.c ****       if (pdev->dev_state == USBD_STATE_CONFIGURED)
 754:Middlewares/ST/STM32_USB_Device_Library/Core/Src/usbd_core.c ****       {
 755:Middlewares/ST/STM32_USB_Device_Library/Core/Src/usbd_core.c ****         if (pdev->pClass[idx]->DataIn != NULL)
 756:Middlewares/ST/STM32_USB_Device_Library/Core/Src/usbd_core.c ****         {
 757:Middlewares/ST/STM32_USB_Device_Library/Core/Src/usbd_core.c ****           pdev->classId = idx;
 758:Middlewares/ST/STM32_USB_Device_Library/Core/Src/usbd_core.c ****           ret = (USBD_StatusTypeDef)pdev->pClass[idx]->DataIn(pdev, epnum);
 759:Middlewares/ST/STM32_USB_Device_Library/Core/Src/usbd_core.c **** 
 760:Middlewares/ST/STM32_USB_Device_Library/Core/Src/usbd_core.c ****           if (ret != USBD_OK)
 761:Middlewares/ST/STM32_USB_Device_Library/Core/Src/usbd_core.c ****           {
 762:Middlewares/ST/STM32_USB_Device_Library/Core/Src/usbd_core.c ****             return ret;
 763:Middlewares/ST/STM32_USB_Device_Library/Core/Src/usbd_core.c ****           }
 764:Middlewares/ST/STM32_USB_Device_Library/Core/Src/usbd_core.c ****         }
 765:Middlewares/ST/STM32_USB_Device_Library/Core/Src/usbd_core.c ****       }
 766:Middlewares/ST/STM32_USB_Device_Library/Core/Src/usbd_core.c ****     }
 767:Middlewares/ST/STM32_USB_Device_Library/Core/Src/usbd_core.c ****   }
 768:Middlewares/ST/STM32_USB_Device_Library/Core/Src/usbd_core.c **** 
 769:Middlewares/ST/STM32_USB_Device_Library/Core/Src/usbd_core.c ****   return USBD_OK;
 770:Middlewares/ST/STM32_USB_Device_Library/Core/Src/usbd_core.c **** }
 771:Middlewares/ST/STM32_USB_Device_Library/Core/Src/usbd_core.c **** 
 772:Middlewares/ST/STM32_USB_Device_Library/Core/Src/usbd_core.c **** /**
 773:Middlewares/ST/STM32_USB_Device_Library/Core/Src/usbd_core.c ****   * @brief  USBD_LL_Reset
 774:Middlewares/ST/STM32_USB_Device_Library/Core/Src/usbd_core.c ****   *         Handle Reset event
 775:Middlewares/ST/STM32_USB_Device_Library/Core/Src/usbd_core.c ****   * @param  pdev: device instance
 776:Middlewares/ST/STM32_USB_Device_Library/Core/Src/usbd_core.c ****   * @retval status
 777:Middlewares/ST/STM32_USB_Device_Library/Core/Src/usbd_core.c ****   */
ARM GAS  /tmp/cc78RUCQ.s 			page 24


 778:Middlewares/ST/STM32_USB_Device_Library/Core/Src/usbd_core.c **** USBD_StatusTypeDef USBD_LL_Reset(USBD_HandleTypeDef *pdev)
 779:Middlewares/ST/STM32_USB_Device_Library/Core/Src/usbd_core.c **** {
 538              		.loc 1 779 1 view -0
 539              		.cfi_startproc
 540              		@ args = 0, pretend = 0, frame = 0
 541              		@ frame_needed = 0, uses_anonymous_args = 0
 542              		.loc 1 779 1 is_stmt 0 view .LVU151
 543 0000 F8B5     		push	{r3, r4, r5, r6, r7, lr}
 544              	.LCFI12:
 545              		.cfi_def_cfa_offset 24
 546              		.cfi_offset 3, -24
 547              		.cfi_offset 4, -20
 548              		.cfi_offset 5, -16
 549              		.cfi_offset 6, -12
 550              		.cfi_offset 7, -8
 551              		.cfi_offset 14, -4
 552 0002 0446     		mov	r4, r0
 780:Middlewares/ST/STM32_USB_Device_Library/Core/Src/usbd_core.c ****   USBD_StatusTypeDef ret = USBD_OK;
 553              		.loc 1 780 3 is_stmt 1 view .LVU152
 554              	.LVL44:
 781:Middlewares/ST/STM32_USB_Device_Library/Core/Src/usbd_core.c **** 
 782:Middlewares/ST/STM32_USB_Device_Library/Core/Src/usbd_core.c ****   /* Upon Reset call user call back */
 783:Middlewares/ST/STM32_USB_Device_Library/Core/Src/usbd_core.c ****   pdev->dev_state = USBD_STATE_DEFAULT;
 555              		.loc 1 783 3 view .LVU153
 556              		.loc 1 783 19 is_stmt 0 view .LVU154
 557 0004 0123     		movs	r3, #1
 558 0006 80F89C32 		strb	r3, [r0, #668]
 784:Middlewares/ST/STM32_USB_Device_Library/Core/Src/usbd_core.c ****   pdev->ep0_state = USBD_EP0_IDLE;
 559              		.loc 1 784 3 is_stmt 1 view .LVU155
 560              		.loc 1 784 19 is_stmt 0 view .LVU156
 561 000a 0023     		movs	r3, #0
 562 000c C0F89432 		str	r3, [r0, #660]
 785:Middlewares/ST/STM32_USB_Device_Library/Core/Src/usbd_core.c ****   pdev->dev_config = 0U;
 563              		.loc 1 785 3 is_stmt 1 view .LVU157
 564              		.loc 1 785 20 is_stmt 0 view .LVU158
 565 0010 4360     		str	r3, [r0, #4]
 786:Middlewares/ST/STM32_USB_Device_Library/Core/Src/usbd_core.c ****   pdev->dev_remote_wakeup = 0U;
 566              		.loc 1 786 3 is_stmt 1 view .LVU159
 567              		.loc 1 786 27 is_stmt 0 view .LVU160
 568 0012 C0F8A432 		str	r3, [r0, #676]
 787:Middlewares/ST/STM32_USB_Device_Library/Core/Src/usbd_core.c ****   pdev->dev_test_mode = 0U;
 569              		.loc 1 787 3 is_stmt 1 view .LVU161
 570              		.loc 1 787 23 is_stmt 0 view .LVU162
 571 0016 80F8A032 		strb	r3, [r0, #672]
 788:Middlewares/ST/STM32_USB_Device_Library/Core/Src/usbd_core.c **** 
 789:Middlewares/ST/STM32_USB_Device_Library/Core/Src/usbd_core.c **** #ifdef USE_USBD_COMPOSITE
 790:Middlewares/ST/STM32_USB_Device_Library/Core/Src/usbd_core.c ****   /* Parse the table of classes in use */
 791:Middlewares/ST/STM32_USB_Device_Library/Core/Src/usbd_core.c ****   for (uint32_t i = 0U; i < USBD_MAX_SUPPORTED_CLASS; i++)
 792:Middlewares/ST/STM32_USB_Device_Library/Core/Src/usbd_core.c ****   {
 793:Middlewares/ST/STM32_USB_Device_Library/Core/Src/usbd_core.c ****     /* Check if current class is in use */
 794:Middlewares/ST/STM32_USB_Device_Library/Core/Src/usbd_core.c ****     if ((pdev->tclasslist[i].Active) == 1U)
 795:Middlewares/ST/STM32_USB_Device_Library/Core/Src/usbd_core.c ****     {
 796:Middlewares/ST/STM32_USB_Device_Library/Core/Src/usbd_core.c ****       if (pdev->pClass[i] != NULL)
 797:Middlewares/ST/STM32_USB_Device_Library/Core/Src/usbd_core.c ****       {
 798:Middlewares/ST/STM32_USB_Device_Library/Core/Src/usbd_core.c ****         pdev->classId = i;
 799:Middlewares/ST/STM32_USB_Device_Library/Core/Src/usbd_core.c ****         /* Clear configuration  and De-initialize the Class process*/
 800:Middlewares/ST/STM32_USB_Device_Library/Core/Src/usbd_core.c **** 
ARM GAS  /tmp/cc78RUCQ.s 			page 25


 801:Middlewares/ST/STM32_USB_Device_Library/Core/Src/usbd_core.c ****         if (pdev->pClass[i]->DeInit != NULL)
 802:Middlewares/ST/STM32_USB_Device_Library/Core/Src/usbd_core.c ****         {
 803:Middlewares/ST/STM32_USB_Device_Library/Core/Src/usbd_core.c ****           if (pdev->pClass[i]->DeInit(pdev, (uint8_t)pdev->dev_config) != USBD_OK)
 804:Middlewares/ST/STM32_USB_Device_Library/Core/Src/usbd_core.c ****           {
 805:Middlewares/ST/STM32_USB_Device_Library/Core/Src/usbd_core.c ****             ret = USBD_FAIL;
 806:Middlewares/ST/STM32_USB_Device_Library/Core/Src/usbd_core.c ****           }
 807:Middlewares/ST/STM32_USB_Device_Library/Core/Src/usbd_core.c ****         }
 808:Middlewares/ST/STM32_USB_Device_Library/Core/Src/usbd_core.c ****       }
 809:Middlewares/ST/STM32_USB_Device_Library/Core/Src/usbd_core.c ****     }
 810:Middlewares/ST/STM32_USB_Device_Library/Core/Src/usbd_core.c ****   }
 811:Middlewares/ST/STM32_USB_Device_Library/Core/Src/usbd_core.c **** #else
 812:Middlewares/ST/STM32_USB_Device_Library/Core/Src/usbd_core.c **** 
 813:Middlewares/ST/STM32_USB_Device_Library/Core/Src/usbd_core.c ****   if (pdev->pClass[0] != NULL)
 572              		.loc 1 813 3 is_stmt 1 view .LVU163
 573              		.loc 1 813 19 is_stmt 0 view .LVU164
 574 001a D0F8B832 		ldr	r3, [r0, #696]
 575              		.loc 1 813 6 view .LVU165
 576 001e E3B1     		cbz	r3, .L40
 814:Middlewares/ST/STM32_USB_Device_Library/Core/Src/usbd_core.c ****   {
 815:Middlewares/ST/STM32_USB_Device_Library/Core/Src/usbd_core.c ****     if (pdev->pClass[0]->DeInit != NULL)
 577              		.loc 1 815 5 is_stmt 1 view .LVU166
 578              		.loc 1 815 24 is_stmt 0 view .LVU167
 579 0020 5B68     		ldr	r3, [r3, #4]
 580              		.loc 1 815 8 view .LVU168
 581 0022 E3B1     		cbz	r3, .L41
 816:Middlewares/ST/STM32_USB_Device_Library/Core/Src/usbd_core.c ****     {
 817:Middlewares/ST/STM32_USB_Device_Library/Core/Src/usbd_core.c ****       if (pdev->pClass[0]->DeInit(pdev, (uint8_t)pdev->dev_config) != USBD_OK)
 582              		.loc 1 817 7 is_stmt 1 view .LVU169
 583              		.loc 1 817 11 is_stmt 0 view .LVU170
 584 0024 0021     		movs	r1, #0
 585 0026 9847     		blx	r3
 586              	.LVL45:
 587              		.loc 1 817 10 discriminator 1 view .LVU171
 588 0028 0746     		mov	r7, r0
 589 002a D0B9     		cbnz	r0, .L44
 590              	.L39:
 591              	.LVL46:
 818:Middlewares/ST/STM32_USB_Device_Library/Core/Src/usbd_core.c ****       {
 819:Middlewares/ST/STM32_USB_Device_Library/Core/Src/usbd_core.c ****         ret = USBD_FAIL;
 820:Middlewares/ST/STM32_USB_Device_Library/Core/Src/usbd_core.c ****       }
 821:Middlewares/ST/STM32_USB_Device_Library/Core/Src/usbd_core.c ****     }
 822:Middlewares/ST/STM32_USB_Device_Library/Core/Src/usbd_core.c ****   }
 823:Middlewares/ST/STM32_USB_Device_Library/Core/Src/usbd_core.c **** #endif /* USE_USBD_COMPOSITE */
 824:Middlewares/ST/STM32_USB_Device_Library/Core/Src/usbd_core.c **** 
 825:Middlewares/ST/STM32_USB_Device_Library/Core/Src/usbd_core.c ****   /* Open EP0 OUT */
 826:Middlewares/ST/STM32_USB_Device_Library/Core/Src/usbd_core.c ****   (void)USBD_LL_OpenEP(pdev, 0x00U, USBD_EP_TYPE_CTRL, USB_MAX_EP0_SIZE);
 592              		.loc 1 826 3 is_stmt 1 view .LVU172
 593              		.loc 1 826 9 is_stmt 0 view .LVU173
 594 002c 4023     		movs	r3, #64
 595 002e 0022     		movs	r2, #0
 596 0030 1146     		mov	r1, r2
 597 0032 2046     		mov	r0, r4
 598 0034 FFF7FEFF 		bl	USBD_LL_OpenEP
 599              	.LVL47:
 827:Middlewares/ST/STM32_USB_Device_Library/Core/Src/usbd_core.c ****   pdev->ep_out[0x00U & 0xFU].is_used = 1U;
 600              		.loc 1 827 3 is_stmt 1 view .LVU174
 601              		.loc 1 827 38 is_stmt 0 view .LVU175
ARM GAS  /tmp/cc78RUCQ.s 			page 26


 602 0038 0126     		movs	r6, #1
 603 003a 84F86361 		strb	r6, [r4, #355]
 828:Middlewares/ST/STM32_USB_Device_Library/Core/Src/usbd_core.c **** 
 829:Middlewares/ST/STM32_USB_Device_Library/Core/Src/usbd_core.c ****   pdev->ep_out[0].maxpacket = USB_MAX_EP0_SIZE;
 604              		.loc 1 829 3 is_stmt 1 view .LVU176
 605              		.loc 1 829 29 is_stmt 0 view .LVU177
 606 003e 4025     		movs	r5, #64
 607 0040 A4F86051 		strh	r5, [r4, #352]	@ movhi
 830:Middlewares/ST/STM32_USB_Device_Library/Core/Src/usbd_core.c **** 
 831:Middlewares/ST/STM32_USB_Device_Library/Core/Src/usbd_core.c ****   /* Open EP0 IN */
 832:Middlewares/ST/STM32_USB_Device_Library/Core/Src/usbd_core.c ****   (void)USBD_LL_OpenEP(pdev, 0x80U, USBD_EP_TYPE_CTRL, USB_MAX_EP0_SIZE);
 608              		.loc 1 832 3 is_stmt 1 view .LVU178
 609              		.loc 1 832 9 is_stmt 0 view .LVU179
 610 0044 2B46     		mov	r3, r5
 611 0046 0022     		movs	r2, #0
 612 0048 8021     		movs	r1, #128
 613 004a 2046     		mov	r0, r4
 614 004c FFF7FEFF 		bl	USBD_LL_OpenEP
 615              	.LVL48:
 833:Middlewares/ST/STM32_USB_Device_Library/Core/Src/usbd_core.c ****   pdev->ep_in[0x80U & 0xFU].is_used = 1U;
 616              		.loc 1 833 3 is_stmt 1 view .LVU180
 617              		.loc 1 833 37 is_stmt 0 view .LVU181
 618 0050 84F82360 		strb	r6, [r4, #35]
 834:Middlewares/ST/STM32_USB_Device_Library/Core/Src/usbd_core.c **** 
 835:Middlewares/ST/STM32_USB_Device_Library/Core/Src/usbd_core.c ****   pdev->ep_in[0].maxpacket = USB_MAX_EP0_SIZE;
 619              		.loc 1 835 3 is_stmt 1 view .LVU182
 620              		.loc 1 835 28 is_stmt 0 view .LVU183
 621 0054 2584     		strh	r5, [r4, #32]	@ movhi
 836:Middlewares/ST/STM32_USB_Device_Library/Core/Src/usbd_core.c **** 
 837:Middlewares/ST/STM32_USB_Device_Library/Core/Src/usbd_core.c ****   return ret;
 622              		.loc 1 837 3 is_stmt 1 view .LVU184
 838:Middlewares/ST/STM32_USB_Device_Library/Core/Src/usbd_core.c **** }
 623              		.loc 1 838 1 is_stmt 0 view .LVU185
 624 0056 3846     		mov	r0, r7
 625 0058 F8BD     		pop	{r3, r4, r5, r6, r7, pc}
 626              	.LVL49:
 627              	.L40:
 780:Middlewares/ST/STM32_USB_Device_Library/Core/Src/usbd_core.c **** 
 628              		.loc 1 780 22 view .LVU186
 629 005a 0027     		movs	r7, #0
 630 005c E6E7     		b	.L39
 631              	.L41:
 632 005e 0027     		movs	r7, #0
 633 0060 E4E7     		b	.L39
 634              	.LVL50:
 635              	.L44:
 819:Middlewares/ST/STM32_USB_Device_Library/Core/Src/usbd_core.c ****       }
 636              		.loc 1 819 13 view .LVU187
 637 0062 0327     		movs	r7, #3
 638 0064 E2E7     		b	.L39
 639              		.cfi_endproc
 640              	.LFE77:
 642              		.section	.text.USBD_LL_SetSpeed,"ax",%progbits
 643              		.align	1
 644              		.global	USBD_LL_SetSpeed
 645              		.syntax unified
 646              		.thumb
ARM GAS  /tmp/cc78RUCQ.s 			page 27


 647              		.thumb_func
 649              	USBD_LL_SetSpeed:
 650              	.LVL51:
 651              	.LFB78:
 839:Middlewares/ST/STM32_USB_Device_Library/Core/Src/usbd_core.c **** 
 840:Middlewares/ST/STM32_USB_Device_Library/Core/Src/usbd_core.c **** /**
 841:Middlewares/ST/STM32_USB_Device_Library/Core/Src/usbd_core.c ****   * @brief  USBD_LL_SetSpeed
 842:Middlewares/ST/STM32_USB_Device_Library/Core/Src/usbd_core.c ****   *         Handle Reset event
 843:Middlewares/ST/STM32_USB_Device_Library/Core/Src/usbd_core.c ****   * @param  pdev: device instance
 844:Middlewares/ST/STM32_USB_Device_Library/Core/Src/usbd_core.c ****   * @retval status
 845:Middlewares/ST/STM32_USB_Device_Library/Core/Src/usbd_core.c ****   */
 846:Middlewares/ST/STM32_USB_Device_Library/Core/Src/usbd_core.c **** USBD_StatusTypeDef USBD_LL_SetSpeed(USBD_HandleTypeDef *pdev,
 847:Middlewares/ST/STM32_USB_Device_Library/Core/Src/usbd_core.c ****                                     USBD_SpeedTypeDef speed)
 848:Middlewares/ST/STM32_USB_Device_Library/Core/Src/usbd_core.c **** {
 652              		.loc 1 848 1 is_stmt 1 view -0
 653              		.cfi_startproc
 654              		@ args = 0, pretend = 0, frame = 0
 655              		@ frame_needed = 0, uses_anonymous_args = 0
 656              		@ link register save eliminated.
 849:Middlewares/ST/STM32_USB_Device_Library/Core/Src/usbd_core.c ****   pdev->dev_speed = speed;
 657              		.loc 1 849 3 view .LVU189
 658              		.loc 1 849 19 is_stmt 0 view .LVU190
 659 0000 0174     		strb	r1, [r0, #16]
 850:Middlewares/ST/STM32_USB_Device_Library/Core/Src/usbd_core.c **** 
 851:Middlewares/ST/STM32_USB_Device_Library/Core/Src/usbd_core.c ****   return USBD_OK;
 660              		.loc 1 851 3 is_stmt 1 view .LVU191
 852:Middlewares/ST/STM32_USB_Device_Library/Core/Src/usbd_core.c **** }
 661              		.loc 1 852 1 is_stmt 0 view .LVU192
 662 0002 0020     		movs	r0, #0
 663              	.LVL52:
 664              		.loc 1 852 1 view .LVU193
 665 0004 7047     		bx	lr
 666              		.cfi_endproc
 667              	.LFE78:
 669              		.section	.text.USBD_LL_Suspend,"ax",%progbits
 670              		.align	1
 671              		.global	USBD_LL_Suspend
 672              		.syntax unified
 673              		.thumb
 674              		.thumb_func
 676              	USBD_LL_Suspend:
 677              	.LVL53:
 678              	.LFB79:
 853:Middlewares/ST/STM32_USB_Device_Library/Core/Src/usbd_core.c **** 
 854:Middlewares/ST/STM32_USB_Device_Library/Core/Src/usbd_core.c **** /**
 855:Middlewares/ST/STM32_USB_Device_Library/Core/Src/usbd_core.c ****   * @brief  USBD_LL_Suspend
 856:Middlewares/ST/STM32_USB_Device_Library/Core/Src/usbd_core.c ****   *         Handle Suspend event
 857:Middlewares/ST/STM32_USB_Device_Library/Core/Src/usbd_core.c ****   * @param  pdev: device instance
 858:Middlewares/ST/STM32_USB_Device_Library/Core/Src/usbd_core.c ****   * @retval status
 859:Middlewares/ST/STM32_USB_Device_Library/Core/Src/usbd_core.c ****   */
 860:Middlewares/ST/STM32_USB_Device_Library/Core/Src/usbd_core.c **** USBD_StatusTypeDef USBD_LL_Suspend(USBD_HandleTypeDef *pdev)
 861:Middlewares/ST/STM32_USB_Device_Library/Core/Src/usbd_core.c **** {
 679              		.loc 1 861 1 is_stmt 1 view -0
 680              		.cfi_startproc
 681              		@ args = 0, pretend = 0, frame = 0
 682              		@ frame_needed = 0, uses_anonymous_args = 0
 683              		@ link register save eliminated.
ARM GAS  /tmp/cc78RUCQ.s 			page 28


 862:Middlewares/ST/STM32_USB_Device_Library/Core/Src/usbd_core.c ****   if (pdev->dev_state != USBD_STATE_SUSPENDED)
 684              		.loc 1 862 3 view .LVU195
 685              		.loc 1 862 11 is_stmt 0 view .LVU196
 686 0000 90F89C32 		ldrb	r3, [r0, #668]	@ zero_extendqisi2
 687 0004 DBB2     		uxtb	r3, r3
 688              		.loc 1 862 6 view .LVU197
 689 0006 042B     		cmp	r3, #4
 690 0008 04D0     		beq	.L47
 863:Middlewares/ST/STM32_USB_Device_Library/Core/Src/usbd_core.c ****   {
 864:Middlewares/ST/STM32_USB_Device_Library/Core/Src/usbd_core.c ****     pdev->dev_old_state = pdev->dev_state;
 691              		.loc 1 864 5 is_stmt 1 view .LVU198
 692              		.loc 1 864 31 is_stmt 0 view .LVU199
 693 000a 90F89C32 		ldrb	r3, [r0, #668]	@ zero_extendqisi2
 694 000e DBB2     		uxtb	r3, r3
 695              		.loc 1 864 25 view .LVU200
 696 0010 80F89D32 		strb	r3, [r0, #669]
 697              	.L47:
 865:Middlewares/ST/STM32_USB_Device_Library/Core/Src/usbd_core.c ****   }
 866:Middlewares/ST/STM32_USB_Device_Library/Core/Src/usbd_core.c **** 
 867:Middlewares/ST/STM32_USB_Device_Library/Core/Src/usbd_core.c ****   pdev->dev_state = USBD_STATE_SUSPENDED;
 698              		.loc 1 867 3 is_stmt 1 view .LVU201
 699              		.loc 1 867 19 is_stmt 0 view .LVU202
 700 0014 0423     		movs	r3, #4
 701 0016 80F89C32 		strb	r3, [r0, #668]
 868:Middlewares/ST/STM32_USB_Device_Library/Core/Src/usbd_core.c **** 
 869:Middlewares/ST/STM32_USB_Device_Library/Core/Src/usbd_core.c ****   return USBD_OK;
 702              		.loc 1 869 3 is_stmt 1 view .LVU203
 870:Middlewares/ST/STM32_USB_Device_Library/Core/Src/usbd_core.c **** }
 703              		.loc 1 870 1 is_stmt 0 view .LVU204
 704 001a 0020     		movs	r0, #0
 705              	.LVL54:
 706              		.loc 1 870 1 view .LVU205
 707 001c 7047     		bx	lr
 708              		.cfi_endproc
 709              	.LFE79:
 711              		.section	.text.USBD_LL_Resume,"ax",%progbits
 712              		.align	1
 713              		.global	USBD_LL_Resume
 714              		.syntax unified
 715              		.thumb
 716              		.thumb_func
 718              	USBD_LL_Resume:
 719              	.LVL55:
 720              	.LFB80:
 871:Middlewares/ST/STM32_USB_Device_Library/Core/Src/usbd_core.c **** 
 872:Middlewares/ST/STM32_USB_Device_Library/Core/Src/usbd_core.c **** /**
 873:Middlewares/ST/STM32_USB_Device_Library/Core/Src/usbd_core.c ****   * @brief  USBD_LL_Resume
 874:Middlewares/ST/STM32_USB_Device_Library/Core/Src/usbd_core.c ****   *         Handle Resume event
 875:Middlewares/ST/STM32_USB_Device_Library/Core/Src/usbd_core.c ****   * @param  pdev: device instance
 876:Middlewares/ST/STM32_USB_Device_Library/Core/Src/usbd_core.c ****   * @retval status
 877:Middlewares/ST/STM32_USB_Device_Library/Core/Src/usbd_core.c ****   */
 878:Middlewares/ST/STM32_USB_Device_Library/Core/Src/usbd_core.c **** USBD_StatusTypeDef USBD_LL_Resume(USBD_HandleTypeDef *pdev)
 879:Middlewares/ST/STM32_USB_Device_Library/Core/Src/usbd_core.c **** {
 721              		.loc 1 879 1 is_stmt 1 view -0
 722              		.cfi_startproc
 723              		@ args = 0, pretend = 0, frame = 0
 724              		@ frame_needed = 0, uses_anonymous_args = 0
ARM GAS  /tmp/cc78RUCQ.s 			page 29


 725              		@ link register save eliminated.
 880:Middlewares/ST/STM32_USB_Device_Library/Core/Src/usbd_core.c ****   if (pdev->dev_state == USBD_STATE_SUSPENDED)
 726              		.loc 1 880 3 view .LVU207
 727              		.loc 1 880 11 is_stmt 0 view .LVU208
 728 0000 90F89C32 		ldrb	r3, [r0, #668]	@ zero_extendqisi2
 729 0004 DBB2     		uxtb	r3, r3
 730              		.loc 1 880 6 view .LVU209
 731 0006 042B     		cmp	r3, #4
 732 0008 01D0     		beq	.L50
 733              	.L49:
 881:Middlewares/ST/STM32_USB_Device_Library/Core/Src/usbd_core.c ****   {
 882:Middlewares/ST/STM32_USB_Device_Library/Core/Src/usbd_core.c ****     pdev->dev_state = pdev->dev_old_state;
 883:Middlewares/ST/STM32_USB_Device_Library/Core/Src/usbd_core.c ****   }
 884:Middlewares/ST/STM32_USB_Device_Library/Core/Src/usbd_core.c **** 
 885:Middlewares/ST/STM32_USB_Device_Library/Core/Src/usbd_core.c ****   return USBD_OK;
 734              		.loc 1 885 3 is_stmt 1 view .LVU210
 886:Middlewares/ST/STM32_USB_Device_Library/Core/Src/usbd_core.c **** }
 735              		.loc 1 886 1 is_stmt 0 view .LVU211
 736 000a 0020     		movs	r0, #0
 737              	.LVL56:
 738              		.loc 1 886 1 view .LVU212
 739 000c 7047     		bx	lr
 740              	.LVL57:
 741              	.L50:
 882:Middlewares/ST/STM32_USB_Device_Library/Core/Src/usbd_core.c ****   }
 742              		.loc 1 882 5 is_stmt 1 view .LVU213
 882:Middlewares/ST/STM32_USB_Device_Library/Core/Src/usbd_core.c ****   }
 743              		.loc 1 882 27 is_stmt 0 view .LVU214
 744 000e 90F89D32 		ldrb	r3, [r0, #669]	@ zero_extendqisi2
 745 0012 DBB2     		uxtb	r3, r3
 882:Middlewares/ST/STM32_USB_Device_Library/Core/Src/usbd_core.c ****   }
 746              		.loc 1 882 21 view .LVU215
 747 0014 80F89C32 		strb	r3, [r0, #668]
 748 0018 F7E7     		b	.L49
 749              		.cfi_endproc
 750              	.LFE80:
 752              		.section	.text.USBD_LL_SOF,"ax",%progbits
 753              		.align	1
 754              		.global	USBD_LL_SOF
 755              		.syntax unified
 756              		.thumb
 757              		.thumb_func
 759              	USBD_LL_SOF:
 760              	.LVL58:
 761              	.LFB81:
 887:Middlewares/ST/STM32_USB_Device_Library/Core/Src/usbd_core.c **** 
 888:Middlewares/ST/STM32_USB_Device_Library/Core/Src/usbd_core.c **** /**
 889:Middlewares/ST/STM32_USB_Device_Library/Core/Src/usbd_core.c ****   * @brief  USBD_LL_SOF
 890:Middlewares/ST/STM32_USB_Device_Library/Core/Src/usbd_core.c ****   *         Handle SOF event
 891:Middlewares/ST/STM32_USB_Device_Library/Core/Src/usbd_core.c ****   * @param  pdev: device instance
 892:Middlewares/ST/STM32_USB_Device_Library/Core/Src/usbd_core.c ****   * @retval status
 893:Middlewares/ST/STM32_USB_Device_Library/Core/Src/usbd_core.c ****   */
 894:Middlewares/ST/STM32_USB_Device_Library/Core/Src/usbd_core.c **** USBD_StatusTypeDef USBD_LL_SOF(USBD_HandleTypeDef *pdev)
 895:Middlewares/ST/STM32_USB_Device_Library/Core/Src/usbd_core.c **** {
 762              		.loc 1 895 1 is_stmt 1 view -0
 763              		.cfi_startproc
 764              		@ args = 0, pretend = 0, frame = 0
ARM GAS  /tmp/cc78RUCQ.s 			page 30


 765              		@ frame_needed = 0, uses_anonymous_args = 0
 766              		.loc 1 895 1 is_stmt 0 view .LVU217
 767 0000 08B5     		push	{r3, lr}
 768              	.LCFI13:
 769              		.cfi_def_cfa_offset 8
 770              		.cfi_offset 3, -8
 771              		.cfi_offset 14, -4
 896:Middlewares/ST/STM32_USB_Device_Library/Core/Src/usbd_core.c ****   /* The SOF event can be distributed for all classes that support it */
 897:Middlewares/ST/STM32_USB_Device_Library/Core/Src/usbd_core.c ****   if (pdev->dev_state == USBD_STATE_CONFIGURED)
 772              		.loc 1 897 3 is_stmt 1 view .LVU218
 773              		.loc 1 897 11 is_stmt 0 view .LVU219
 774 0002 90F89C32 		ldrb	r3, [r0, #668]	@ zero_extendqisi2
 775 0006 DBB2     		uxtb	r3, r3
 776              		.loc 1 897 6 view .LVU220
 777 0008 032B     		cmp	r3, #3
 778 000a 01D0     		beq	.L54
 779              	.LVL59:
 780              	.L52:
 898:Middlewares/ST/STM32_USB_Device_Library/Core/Src/usbd_core.c ****   {
 899:Middlewares/ST/STM32_USB_Device_Library/Core/Src/usbd_core.c **** #ifdef USE_USBD_COMPOSITE
 900:Middlewares/ST/STM32_USB_Device_Library/Core/Src/usbd_core.c ****     /* Parse the table of classes in use */
 901:Middlewares/ST/STM32_USB_Device_Library/Core/Src/usbd_core.c ****     for (uint32_t i = 0; i < USBD_MAX_SUPPORTED_CLASS; i++)
 902:Middlewares/ST/STM32_USB_Device_Library/Core/Src/usbd_core.c ****     {
 903:Middlewares/ST/STM32_USB_Device_Library/Core/Src/usbd_core.c ****       /* Check if current class is in use */
 904:Middlewares/ST/STM32_USB_Device_Library/Core/Src/usbd_core.c ****       if ((pdev->tclasslist[i].Active) == 1U)
 905:Middlewares/ST/STM32_USB_Device_Library/Core/Src/usbd_core.c ****       {
 906:Middlewares/ST/STM32_USB_Device_Library/Core/Src/usbd_core.c ****         if (pdev->pClass[i] != NULL)
 907:Middlewares/ST/STM32_USB_Device_Library/Core/Src/usbd_core.c ****         {
 908:Middlewares/ST/STM32_USB_Device_Library/Core/Src/usbd_core.c ****           if (pdev->pClass[i]->SOF != NULL)
 909:Middlewares/ST/STM32_USB_Device_Library/Core/Src/usbd_core.c ****           {
 910:Middlewares/ST/STM32_USB_Device_Library/Core/Src/usbd_core.c ****             pdev->classId = i;
 911:Middlewares/ST/STM32_USB_Device_Library/Core/Src/usbd_core.c ****             (void)pdev->pClass[i]->SOF(pdev);
 912:Middlewares/ST/STM32_USB_Device_Library/Core/Src/usbd_core.c ****           }
 913:Middlewares/ST/STM32_USB_Device_Library/Core/Src/usbd_core.c ****         }
 914:Middlewares/ST/STM32_USB_Device_Library/Core/Src/usbd_core.c ****       }
 915:Middlewares/ST/STM32_USB_Device_Library/Core/Src/usbd_core.c ****     }
 916:Middlewares/ST/STM32_USB_Device_Library/Core/Src/usbd_core.c **** #else
 917:Middlewares/ST/STM32_USB_Device_Library/Core/Src/usbd_core.c ****     if (pdev->pClass[0] != NULL)
 918:Middlewares/ST/STM32_USB_Device_Library/Core/Src/usbd_core.c ****     {
 919:Middlewares/ST/STM32_USB_Device_Library/Core/Src/usbd_core.c ****       if (pdev->pClass[0]->SOF != NULL)
 920:Middlewares/ST/STM32_USB_Device_Library/Core/Src/usbd_core.c ****       {
 921:Middlewares/ST/STM32_USB_Device_Library/Core/Src/usbd_core.c ****         (void)pdev->pClass[0]->SOF(pdev);
 922:Middlewares/ST/STM32_USB_Device_Library/Core/Src/usbd_core.c ****       }
 923:Middlewares/ST/STM32_USB_Device_Library/Core/Src/usbd_core.c ****     }
 924:Middlewares/ST/STM32_USB_Device_Library/Core/Src/usbd_core.c **** #endif /* USE_USBD_COMPOSITE */
 925:Middlewares/ST/STM32_USB_Device_Library/Core/Src/usbd_core.c ****   }
 926:Middlewares/ST/STM32_USB_Device_Library/Core/Src/usbd_core.c **** 
 927:Middlewares/ST/STM32_USB_Device_Library/Core/Src/usbd_core.c ****   return USBD_OK;
 781              		.loc 1 927 3 is_stmt 1 view .LVU221
 928:Middlewares/ST/STM32_USB_Device_Library/Core/Src/usbd_core.c **** }
 782              		.loc 1 928 1 is_stmt 0 view .LVU222
 783 000c 0020     		movs	r0, #0
 784 000e 08BD     		pop	{r3, pc}
 785              	.LVL60:
 786              	.L54:
 917:Middlewares/ST/STM32_USB_Device_Library/Core/Src/usbd_core.c ****     {
 787              		.loc 1 917 5 is_stmt 1 view .LVU223
ARM GAS  /tmp/cc78RUCQ.s 			page 31


 917:Middlewares/ST/STM32_USB_Device_Library/Core/Src/usbd_core.c ****     {
 788              		.loc 1 917 21 is_stmt 0 view .LVU224
 789 0010 D0F8B832 		ldr	r3, [r0, #696]
 917:Middlewares/ST/STM32_USB_Device_Library/Core/Src/usbd_core.c ****     {
 790              		.loc 1 917 8 view .LVU225
 791 0014 002B     		cmp	r3, #0
 792 0016 F9D0     		beq	.L52
 919:Middlewares/ST/STM32_USB_Device_Library/Core/Src/usbd_core.c ****       {
 793              		.loc 1 919 7 is_stmt 1 view .LVU226
 919:Middlewares/ST/STM32_USB_Device_Library/Core/Src/usbd_core.c ****       {
 794              		.loc 1 919 26 is_stmt 0 view .LVU227
 795 0018 DB69     		ldr	r3, [r3, #28]
 919:Middlewares/ST/STM32_USB_Device_Library/Core/Src/usbd_core.c ****       {
 796              		.loc 1 919 10 view .LVU228
 797 001a 002B     		cmp	r3, #0
 798 001c F6D0     		beq	.L52
 921:Middlewares/ST/STM32_USB_Device_Library/Core/Src/usbd_core.c ****       }
 799              		.loc 1 921 9 is_stmt 1 view .LVU229
 921:Middlewares/ST/STM32_USB_Device_Library/Core/Src/usbd_core.c ****       }
 800              		.loc 1 921 15 is_stmt 0 view .LVU230
 801 001e 9847     		blx	r3
 802              	.LVL61:
 921:Middlewares/ST/STM32_USB_Device_Library/Core/Src/usbd_core.c ****       }
 803              		.loc 1 921 15 view .LVU231
 804 0020 F4E7     		b	.L52
 805              		.cfi_endproc
 806              	.LFE81:
 808              		.section	.text.USBD_LL_IsoINIncomplete,"ax",%progbits
 809              		.align	1
 810              		.global	USBD_LL_IsoINIncomplete
 811              		.syntax unified
 812              		.thumb
 813              		.thumb_func
 815              	USBD_LL_IsoINIncomplete:
 816              	.LVL62:
 817              	.LFB82:
 929:Middlewares/ST/STM32_USB_Device_Library/Core/Src/usbd_core.c **** 
 930:Middlewares/ST/STM32_USB_Device_Library/Core/Src/usbd_core.c **** /**
 931:Middlewares/ST/STM32_USB_Device_Library/Core/Src/usbd_core.c ****   * @brief  USBD_LL_IsoINIncomplete
 932:Middlewares/ST/STM32_USB_Device_Library/Core/Src/usbd_core.c ****   *         Handle iso in incomplete event
 933:Middlewares/ST/STM32_USB_Device_Library/Core/Src/usbd_core.c ****   * @param  pdev: device instance
 934:Middlewares/ST/STM32_USB_Device_Library/Core/Src/usbd_core.c ****   * @param  epnum: Endpoint number
 935:Middlewares/ST/STM32_USB_Device_Library/Core/Src/usbd_core.c ****   * @retval status
 936:Middlewares/ST/STM32_USB_Device_Library/Core/Src/usbd_core.c ****   */
 937:Middlewares/ST/STM32_USB_Device_Library/Core/Src/usbd_core.c **** USBD_StatusTypeDef USBD_LL_IsoINIncomplete(USBD_HandleTypeDef *pdev,
 938:Middlewares/ST/STM32_USB_Device_Library/Core/Src/usbd_core.c ****                                            uint8_t epnum)
 939:Middlewares/ST/STM32_USB_Device_Library/Core/Src/usbd_core.c **** {
 818              		.loc 1 939 1 is_stmt 1 view -0
 819              		.cfi_startproc
 820              		@ args = 0, pretend = 0, frame = 0
 821              		@ frame_needed = 0, uses_anonymous_args = 0
 822              		.loc 1 939 1 is_stmt 0 view .LVU233
 823 0000 08B5     		push	{r3, lr}
 824              	.LCFI14:
 825              		.cfi_def_cfa_offset 8
 826              		.cfi_offset 3, -8
 827              		.cfi_offset 14, -4
ARM GAS  /tmp/cc78RUCQ.s 			page 32


 940:Middlewares/ST/STM32_USB_Device_Library/Core/Src/usbd_core.c ****   if (pdev->pClass[pdev->classId] == NULL)
 828              		.loc 1 940 3 is_stmt 1 view .LVU234
 829              		.loc 1 940 24 is_stmt 0 view .LVU235
 830 0002 D0F8D432 		ldr	r3, [r0, #724]
 831              		.loc 1 940 19 view .LVU236
 832 0006 AE33     		adds	r3, r3, #174
 833 0008 50F82320 		ldr	r2, [r0, r3, lsl #2]
 834              		.loc 1 940 6 view .LVU237
 835 000c 5AB1     		cbz	r2, .L57
 941:Middlewares/ST/STM32_USB_Device_Library/Core/Src/usbd_core.c ****   {
 942:Middlewares/ST/STM32_USB_Device_Library/Core/Src/usbd_core.c ****     return USBD_FAIL;
 943:Middlewares/ST/STM32_USB_Device_Library/Core/Src/usbd_core.c ****   }
 944:Middlewares/ST/STM32_USB_Device_Library/Core/Src/usbd_core.c **** 
 945:Middlewares/ST/STM32_USB_Device_Library/Core/Src/usbd_core.c ****   if (pdev->dev_state == USBD_STATE_CONFIGURED)
 836              		.loc 1 945 3 is_stmt 1 view .LVU238
 837              		.loc 1 945 11 is_stmt 0 view .LVU239
 838 000e 90F89C32 		ldrb	r3, [r0, #668]	@ zero_extendqisi2
 839 0012 DBB2     		uxtb	r3, r3
 840              		.loc 1 945 6 view .LVU240
 841 0014 032B     		cmp	r3, #3
 842 0016 01D0     		beq	.L61
 946:Middlewares/ST/STM32_USB_Device_Library/Core/Src/usbd_core.c ****   {
 947:Middlewares/ST/STM32_USB_Device_Library/Core/Src/usbd_core.c ****     if (pdev->pClass[pdev->classId]->IsoINIncomplete != NULL)
 948:Middlewares/ST/STM32_USB_Device_Library/Core/Src/usbd_core.c ****     {
 949:Middlewares/ST/STM32_USB_Device_Library/Core/Src/usbd_core.c ****       (void)pdev->pClass[pdev->classId]->IsoINIncomplete(pdev, epnum);
 950:Middlewares/ST/STM32_USB_Device_Library/Core/Src/usbd_core.c ****     }
 951:Middlewares/ST/STM32_USB_Device_Library/Core/Src/usbd_core.c ****   }
 952:Middlewares/ST/STM32_USB_Device_Library/Core/Src/usbd_core.c **** 
 953:Middlewares/ST/STM32_USB_Device_Library/Core/Src/usbd_core.c ****   return USBD_OK;
 843              		.loc 1 953 10 view .LVU241
 844 0018 0020     		movs	r0, #0
 845              	.LVL63:
 846              	.L56:
 954:Middlewares/ST/STM32_USB_Device_Library/Core/Src/usbd_core.c **** }
 847              		.loc 1 954 1 view .LVU242
 848 001a 08BD     		pop	{r3, pc}
 849              	.LVL64:
 850              	.L61:
 947:Middlewares/ST/STM32_USB_Device_Library/Core/Src/usbd_core.c ****     {
 851              		.loc 1 947 5 is_stmt 1 view .LVU243
 947:Middlewares/ST/STM32_USB_Device_Library/Core/Src/usbd_core.c ****     {
 852              		.loc 1 947 36 is_stmt 0 view .LVU244
 853 001c 136A     		ldr	r3, [r2, #32]
 947:Middlewares/ST/STM32_USB_Device_Library/Core/Src/usbd_core.c ****     {
 854              		.loc 1 947 8 view .LVU245
 855 001e 23B1     		cbz	r3, .L59
 949:Middlewares/ST/STM32_USB_Device_Library/Core/Src/usbd_core.c ****     }
 856              		.loc 1 949 7 is_stmt 1 view .LVU246
 949:Middlewares/ST/STM32_USB_Device_Library/Core/Src/usbd_core.c ****     }
 857              		.loc 1 949 13 is_stmt 0 view .LVU247
 858 0020 9847     		blx	r3
 859              	.LVL65:
 953:Middlewares/ST/STM32_USB_Device_Library/Core/Src/usbd_core.c **** }
 860              		.loc 1 953 10 view .LVU248
 861 0022 0020     		movs	r0, #0
 862 0024 F9E7     		b	.L56
 863              	.LVL66:
ARM GAS  /tmp/cc78RUCQ.s 			page 33


 864              	.L57:
 942:Middlewares/ST/STM32_USB_Device_Library/Core/Src/usbd_core.c ****   }
 865              		.loc 1 942 12 view .LVU249
 866 0026 0320     		movs	r0, #3
 867              	.LVL67:
 942:Middlewares/ST/STM32_USB_Device_Library/Core/Src/usbd_core.c ****   }
 868              		.loc 1 942 12 view .LVU250
 869 0028 F7E7     		b	.L56
 870              	.LVL68:
 871              	.L59:
 953:Middlewares/ST/STM32_USB_Device_Library/Core/Src/usbd_core.c **** }
 872              		.loc 1 953 10 view .LVU251
 873 002a 0020     		movs	r0, #0
 874              	.LVL69:
 953:Middlewares/ST/STM32_USB_Device_Library/Core/Src/usbd_core.c **** }
 875              		.loc 1 953 10 view .LVU252
 876 002c F5E7     		b	.L56
 877              		.cfi_endproc
 878              	.LFE82:
 880              		.section	.text.USBD_LL_IsoOUTIncomplete,"ax",%progbits
 881              		.align	1
 882              		.global	USBD_LL_IsoOUTIncomplete
 883              		.syntax unified
 884              		.thumb
 885              		.thumb_func
 887              	USBD_LL_IsoOUTIncomplete:
 888              	.LVL70:
 889              	.LFB83:
 955:Middlewares/ST/STM32_USB_Device_Library/Core/Src/usbd_core.c **** 
 956:Middlewares/ST/STM32_USB_Device_Library/Core/Src/usbd_core.c **** /**
 957:Middlewares/ST/STM32_USB_Device_Library/Core/Src/usbd_core.c ****   * @brief  USBD_LL_IsoOUTIncomplete
 958:Middlewares/ST/STM32_USB_Device_Library/Core/Src/usbd_core.c ****   *         Handle iso out incomplete event
 959:Middlewares/ST/STM32_USB_Device_Library/Core/Src/usbd_core.c ****   * @param  pdev: device instance
 960:Middlewares/ST/STM32_USB_Device_Library/Core/Src/usbd_core.c ****   * @param  epnum: Endpoint number
 961:Middlewares/ST/STM32_USB_Device_Library/Core/Src/usbd_core.c ****   * @retval status
 962:Middlewares/ST/STM32_USB_Device_Library/Core/Src/usbd_core.c ****   */
 963:Middlewares/ST/STM32_USB_Device_Library/Core/Src/usbd_core.c **** USBD_StatusTypeDef USBD_LL_IsoOUTIncomplete(USBD_HandleTypeDef *pdev,
 964:Middlewares/ST/STM32_USB_Device_Library/Core/Src/usbd_core.c ****                                             uint8_t epnum)
 965:Middlewares/ST/STM32_USB_Device_Library/Core/Src/usbd_core.c **** {
 890              		.loc 1 965 1 is_stmt 1 view -0
 891              		.cfi_startproc
 892              		@ args = 0, pretend = 0, frame = 0
 893              		@ frame_needed = 0, uses_anonymous_args = 0
 894              		.loc 1 965 1 is_stmt 0 view .LVU254
 895 0000 08B5     		push	{r3, lr}
 896              	.LCFI15:
 897              		.cfi_def_cfa_offset 8
 898              		.cfi_offset 3, -8
 899              		.cfi_offset 14, -4
 966:Middlewares/ST/STM32_USB_Device_Library/Core/Src/usbd_core.c ****   if (pdev->pClass[pdev->classId] == NULL)
 900              		.loc 1 966 3 is_stmt 1 view .LVU255
 901              		.loc 1 966 24 is_stmt 0 view .LVU256
 902 0002 D0F8D432 		ldr	r3, [r0, #724]
 903              		.loc 1 966 19 view .LVU257
 904 0006 AE33     		adds	r3, r3, #174
 905 0008 50F82320 		ldr	r2, [r0, r3, lsl #2]
 906              		.loc 1 966 6 view .LVU258
ARM GAS  /tmp/cc78RUCQ.s 			page 34


 907 000c 5AB1     		cbz	r2, .L64
 967:Middlewares/ST/STM32_USB_Device_Library/Core/Src/usbd_core.c ****   {
 968:Middlewares/ST/STM32_USB_Device_Library/Core/Src/usbd_core.c ****     return USBD_FAIL;
 969:Middlewares/ST/STM32_USB_Device_Library/Core/Src/usbd_core.c ****   }
 970:Middlewares/ST/STM32_USB_Device_Library/Core/Src/usbd_core.c **** 
 971:Middlewares/ST/STM32_USB_Device_Library/Core/Src/usbd_core.c ****   if (pdev->dev_state == USBD_STATE_CONFIGURED)
 908              		.loc 1 971 3 is_stmt 1 view .LVU259
 909              		.loc 1 971 11 is_stmt 0 view .LVU260
 910 000e 90F89C32 		ldrb	r3, [r0, #668]	@ zero_extendqisi2
 911 0012 DBB2     		uxtb	r3, r3
 912              		.loc 1 971 6 view .LVU261
 913 0014 032B     		cmp	r3, #3
 914 0016 01D0     		beq	.L68
 972:Middlewares/ST/STM32_USB_Device_Library/Core/Src/usbd_core.c ****   {
 973:Middlewares/ST/STM32_USB_Device_Library/Core/Src/usbd_core.c ****     if (pdev->pClass[pdev->classId]->IsoOUTIncomplete != NULL)
 974:Middlewares/ST/STM32_USB_Device_Library/Core/Src/usbd_core.c ****     {
 975:Middlewares/ST/STM32_USB_Device_Library/Core/Src/usbd_core.c ****       (void)pdev->pClass[pdev->classId]->IsoOUTIncomplete(pdev, epnum);
 976:Middlewares/ST/STM32_USB_Device_Library/Core/Src/usbd_core.c ****     }
 977:Middlewares/ST/STM32_USB_Device_Library/Core/Src/usbd_core.c ****   }
 978:Middlewares/ST/STM32_USB_Device_Library/Core/Src/usbd_core.c **** 
 979:Middlewares/ST/STM32_USB_Device_Library/Core/Src/usbd_core.c ****   return USBD_OK;
 915              		.loc 1 979 10 view .LVU262
 916 0018 0020     		movs	r0, #0
 917              	.LVL71:
 918              	.L63:
 980:Middlewares/ST/STM32_USB_Device_Library/Core/Src/usbd_core.c **** }
 919              		.loc 1 980 1 view .LVU263
 920 001a 08BD     		pop	{r3, pc}
 921              	.LVL72:
 922              	.L68:
 973:Middlewares/ST/STM32_USB_Device_Library/Core/Src/usbd_core.c ****     {
 923              		.loc 1 973 5 is_stmt 1 view .LVU264
 973:Middlewares/ST/STM32_USB_Device_Library/Core/Src/usbd_core.c ****     {
 924              		.loc 1 973 36 is_stmt 0 view .LVU265
 925 001c 536A     		ldr	r3, [r2, #36]
 973:Middlewares/ST/STM32_USB_Device_Library/Core/Src/usbd_core.c ****     {
 926              		.loc 1 973 8 view .LVU266
 927 001e 23B1     		cbz	r3, .L66
 975:Middlewares/ST/STM32_USB_Device_Library/Core/Src/usbd_core.c ****     }
 928              		.loc 1 975 7 is_stmt 1 view .LVU267
 975:Middlewares/ST/STM32_USB_Device_Library/Core/Src/usbd_core.c ****     }
 929              		.loc 1 975 13 is_stmt 0 view .LVU268
 930 0020 9847     		blx	r3
 931              	.LVL73:
 979:Middlewares/ST/STM32_USB_Device_Library/Core/Src/usbd_core.c **** }
 932              		.loc 1 979 10 view .LVU269
 933 0022 0020     		movs	r0, #0
 934 0024 F9E7     		b	.L63
 935              	.LVL74:
 936              	.L64:
 968:Middlewares/ST/STM32_USB_Device_Library/Core/Src/usbd_core.c ****   }
 937              		.loc 1 968 12 view .LVU270
 938 0026 0320     		movs	r0, #3
 939              	.LVL75:
 968:Middlewares/ST/STM32_USB_Device_Library/Core/Src/usbd_core.c ****   }
 940              		.loc 1 968 12 view .LVU271
 941 0028 F7E7     		b	.L63
ARM GAS  /tmp/cc78RUCQ.s 			page 35


 942              	.LVL76:
 943              	.L66:
 979:Middlewares/ST/STM32_USB_Device_Library/Core/Src/usbd_core.c **** }
 944              		.loc 1 979 10 view .LVU272
 945 002a 0020     		movs	r0, #0
 946              	.LVL77:
 979:Middlewares/ST/STM32_USB_Device_Library/Core/Src/usbd_core.c **** }
 947              		.loc 1 979 10 view .LVU273
 948 002c F5E7     		b	.L63
 949              		.cfi_endproc
 950              	.LFE83:
 952              		.section	.text.USBD_LL_DevConnected,"ax",%progbits
 953              		.align	1
 954              		.global	USBD_LL_DevConnected
 955              		.syntax unified
 956              		.thumb
 957              		.thumb_func
 959              	USBD_LL_DevConnected:
 960              	.LVL78:
 961              	.LFB84:
 981:Middlewares/ST/STM32_USB_Device_Library/Core/Src/usbd_core.c **** 
 982:Middlewares/ST/STM32_USB_Device_Library/Core/Src/usbd_core.c **** /**
 983:Middlewares/ST/STM32_USB_Device_Library/Core/Src/usbd_core.c ****   * @brief  USBD_LL_DevConnected
 984:Middlewares/ST/STM32_USB_Device_Library/Core/Src/usbd_core.c ****   *         Handle device connection event
 985:Middlewares/ST/STM32_USB_Device_Library/Core/Src/usbd_core.c ****   * @param  pdev: device instance
 986:Middlewares/ST/STM32_USB_Device_Library/Core/Src/usbd_core.c ****   * @retval status
 987:Middlewares/ST/STM32_USB_Device_Library/Core/Src/usbd_core.c ****   */
 988:Middlewares/ST/STM32_USB_Device_Library/Core/Src/usbd_core.c **** USBD_StatusTypeDef USBD_LL_DevConnected(USBD_HandleTypeDef *pdev)
 989:Middlewares/ST/STM32_USB_Device_Library/Core/Src/usbd_core.c **** {
 962              		.loc 1 989 1 is_stmt 1 view -0
 963              		.cfi_startproc
 964              		@ args = 0, pretend = 0, frame = 0
 965              		@ frame_needed = 0, uses_anonymous_args = 0
 966              		@ link register save eliminated.
 990:Middlewares/ST/STM32_USB_Device_Library/Core/Src/usbd_core.c ****   /* Prevent unused argument compilation warning */
 991:Middlewares/ST/STM32_USB_Device_Library/Core/Src/usbd_core.c ****   UNUSED(pdev);
 967              		.loc 1 991 3 view .LVU275
 992:Middlewares/ST/STM32_USB_Device_Library/Core/Src/usbd_core.c **** 
 993:Middlewares/ST/STM32_USB_Device_Library/Core/Src/usbd_core.c ****   return USBD_OK;
 968              		.loc 1 993 3 view .LVU276
 994:Middlewares/ST/STM32_USB_Device_Library/Core/Src/usbd_core.c **** }
 969              		.loc 1 994 1 is_stmt 0 view .LVU277
 970 0000 0020     		movs	r0, #0
 971              	.LVL79:
 972              		.loc 1 994 1 view .LVU278
 973 0002 7047     		bx	lr
 974              		.cfi_endproc
 975              	.LFE84:
 977              		.section	.text.USBD_LL_DevDisconnected,"ax",%progbits
 978              		.align	1
 979              		.global	USBD_LL_DevDisconnected
 980              		.syntax unified
 981              		.thumb
 982              		.thumb_func
 984              	USBD_LL_DevDisconnected:
 985              	.LVL80:
 986              	.LFB85:
ARM GAS  /tmp/cc78RUCQ.s 			page 36


 995:Middlewares/ST/STM32_USB_Device_Library/Core/Src/usbd_core.c **** 
 996:Middlewares/ST/STM32_USB_Device_Library/Core/Src/usbd_core.c **** /**
 997:Middlewares/ST/STM32_USB_Device_Library/Core/Src/usbd_core.c ****   * @brief  USBD_LL_DevDisconnected
 998:Middlewares/ST/STM32_USB_Device_Library/Core/Src/usbd_core.c ****   *         Handle device disconnection event
 999:Middlewares/ST/STM32_USB_Device_Library/Core/Src/usbd_core.c ****   * @param  pdev: device instance
1000:Middlewares/ST/STM32_USB_Device_Library/Core/Src/usbd_core.c ****   * @retval status
1001:Middlewares/ST/STM32_USB_Device_Library/Core/Src/usbd_core.c ****   */
1002:Middlewares/ST/STM32_USB_Device_Library/Core/Src/usbd_core.c **** USBD_StatusTypeDef USBD_LL_DevDisconnected(USBD_HandleTypeDef *pdev)
1003:Middlewares/ST/STM32_USB_Device_Library/Core/Src/usbd_core.c **** {
 987              		.loc 1 1003 1 is_stmt 1 view -0
 988              		.cfi_startproc
 989              		@ args = 0, pretend = 0, frame = 0
 990              		@ frame_needed = 0, uses_anonymous_args = 0
 991              		.loc 1 1003 1 is_stmt 0 view .LVU280
 992 0000 08B5     		push	{r3, lr}
 993              	.LCFI16:
 994              		.cfi_def_cfa_offset 8
 995              		.cfi_offset 3, -8
 996              		.cfi_offset 14, -4
1004:Middlewares/ST/STM32_USB_Device_Library/Core/Src/usbd_core.c ****   USBD_StatusTypeDef   ret = USBD_OK;
 997              		.loc 1 1004 3 is_stmt 1 view .LVU281
 998              	.LVL81:
1005:Middlewares/ST/STM32_USB_Device_Library/Core/Src/usbd_core.c **** 
1006:Middlewares/ST/STM32_USB_Device_Library/Core/Src/usbd_core.c ****   /* Free Class Resources */
1007:Middlewares/ST/STM32_USB_Device_Library/Core/Src/usbd_core.c ****   pdev->dev_state = USBD_STATE_DEFAULT;
 999              		.loc 1 1007 3 view .LVU282
 1000              		.loc 1 1007 19 is_stmt 0 view .LVU283
 1001 0002 0123     		movs	r3, #1
 1002 0004 80F89C32 		strb	r3, [r0, #668]
1008:Middlewares/ST/STM32_USB_Device_Library/Core/Src/usbd_core.c **** 
1009:Middlewares/ST/STM32_USB_Device_Library/Core/Src/usbd_core.c **** #ifdef USE_USBD_COMPOSITE
1010:Middlewares/ST/STM32_USB_Device_Library/Core/Src/usbd_core.c ****   /* Parse the table of classes in use */
1011:Middlewares/ST/STM32_USB_Device_Library/Core/Src/usbd_core.c ****   for (uint32_t i = 0; i < USBD_MAX_SUPPORTED_CLASS; i++)
1012:Middlewares/ST/STM32_USB_Device_Library/Core/Src/usbd_core.c ****   {
1013:Middlewares/ST/STM32_USB_Device_Library/Core/Src/usbd_core.c ****     /* Check if current class is in use */
1014:Middlewares/ST/STM32_USB_Device_Library/Core/Src/usbd_core.c ****     if ((pdev->tclasslist[i].Active) == 1U)
1015:Middlewares/ST/STM32_USB_Device_Library/Core/Src/usbd_core.c ****     {
1016:Middlewares/ST/STM32_USB_Device_Library/Core/Src/usbd_core.c ****       if (pdev->pClass[i] != NULL)
1017:Middlewares/ST/STM32_USB_Device_Library/Core/Src/usbd_core.c ****       {
1018:Middlewares/ST/STM32_USB_Device_Library/Core/Src/usbd_core.c ****         pdev->classId = i;
1019:Middlewares/ST/STM32_USB_Device_Library/Core/Src/usbd_core.c ****         /* Clear configuration  and De-initialize the Class process*/
1020:Middlewares/ST/STM32_USB_Device_Library/Core/Src/usbd_core.c ****         if (pdev->pClass[i]->DeInit(pdev, (uint8_t)pdev->dev_config) != 0U)
1021:Middlewares/ST/STM32_USB_Device_Library/Core/Src/usbd_core.c ****         {
1022:Middlewares/ST/STM32_USB_Device_Library/Core/Src/usbd_core.c ****           ret = USBD_FAIL;
1023:Middlewares/ST/STM32_USB_Device_Library/Core/Src/usbd_core.c ****         }
1024:Middlewares/ST/STM32_USB_Device_Library/Core/Src/usbd_core.c ****       }
1025:Middlewares/ST/STM32_USB_Device_Library/Core/Src/usbd_core.c ****     }
1026:Middlewares/ST/STM32_USB_Device_Library/Core/Src/usbd_core.c ****   }
1027:Middlewares/ST/STM32_USB_Device_Library/Core/Src/usbd_core.c **** #else
1028:Middlewares/ST/STM32_USB_Device_Library/Core/Src/usbd_core.c ****   if (pdev->pClass[0] != NULL)
 1003              		.loc 1 1028 3 is_stmt 1 view .LVU284
 1004              		.loc 1 1028 19 is_stmt 0 view .LVU285
 1005 0008 D0F8B832 		ldr	r3, [r0, #696]
 1006              		.loc 1 1028 6 view .LVU286
 1007 000c 23B1     		cbz	r3, .L72
1029:Middlewares/ST/STM32_USB_Device_Library/Core/Src/usbd_core.c ****   {
1030:Middlewares/ST/STM32_USB_Device_Library/Core/Src/usbd_core.c ****     if (pdev->pClass[0]->DeInit(pdev, (uint8_t)pdev->dev_config) != 0U)
ARM GAS  /tmp/cc78RUCQ.s 			page 37


 1008              		.loc 1 1030 5 is_stmt 1 view .LVU287
 1009              		.loc 1 1030 24 is_stmt 0 view .LVU288
 1010 000e 5B68     		ldr	r3, [r3, #4]
 1011              		.loc 1 1030 9 view .LVU289
 1012 0010 0179     		ldrb	r1, [r0, #4]	@ zero_extendqisi2
 1013 0012 9847     		blx	r3
 1014              	.LVL82:
 1015              		.loc 1 1030 8 discriminator 1 view .LVU290
 1016 0014 10B9     		cbnz	r0, .L75
 1017              	.L71:
 1018              	.LVL83:
1031:Middlewares/ST/STM32_USB_Device_Library/Core/Src/usbd_core.c ****     {
1032:Middlewares/ST/STM32_USB_Device_Library/Core/Src/usbd_core.c ****       ret = USBD_FAIL;
1033:Middlewares/ST/STM32_USB_Device_Library/Core/Src/usbd_core.c ****     }
1034:Middlewares/ST/STM32_USB_Device_Library/Core/Src/usbd_core.c ****   }
1035:Middlewares/ST/STM32_USB_Device_Library/Core/Src/usbd_core.c **** #endif /* USE_USBD_COMPOSITE */
1036:Middlewares/ST/STM32_USB_Device_Library/Core/Src/usbd_core.c **** 
1037:Middlewares/ST/STM32_USB_Device_Library/Core/Src/usbd_core.c ****   return ret;
 1019              		.loc 1 1037 3 is_stmt 1 view .LVU291
1038:Middlewares/ST/STM32_USB_Device_Library/Core/Src/usbd_core.c **** }
 1020              		.loc 1 1038 1 is_stmt 0 view .LVU292
 1021 0016 08BD     		pop	{r3, pc}
 1022              	.LVL84:
 1023              	.L72:
1004:Middlewares/ST/STM32_USB_Device_Library/Core/Src/usbd_core.c **** 
 1024              		.loc 1 1004 24 view .LVU293
 1025 0018 0020     		movs	r0, #0
 1026              	.LVL85:
1004:Middlewares/ST/STM32_USB_Device_Library/Core/Src/usbd_core.c **** 
 1027              		.loc 1 1004 24 view .LVU294
 1028 001a FCE7     		b	.L71
 1029              	.L75:
1032:Middlewares/ST/STM32_USB_Device_Library/Core/Src/usbd_core.c ****     }
 1030              		.loc 1 1032 11 view .LVU295
 1031 001c 0320     		movs	r0, #3
 1032 001e FAE7     		b	.L71
 1033              		.cfi_endproc
 1034              	.LFE85:
 1036              		.section	.text.USBD_CoreFindIF,"ax",%progbits
 1037              		.align	1
 1038              		.global	USBD_CoreFindIF
 1039              		.syntax unified
 1040              		.thumb
 1041              		.thumb_func
 1043              	USBD_CoreFindIF:
 1044              	.LVL86:
 1045              	.LFB86:
1039:Middlewares/ST/STM32_USB_Device_Library/Core/Src/usbd_core.c **** 
1040:Middlewares/ST/STM32_USB_Device_Library/Core/Src/usbd_core.c **** /**
1041:Middlewares/ST/STM32_USB_Device_Library/Core/Src/usbd_core.c ****   * @brief  USBD_CoreFindIF
1042:Middlewares/ST/STM32_USB_Device_Library/Core/Src/usbd_core.c ****   *         return the class index relative to the selected interface
1043:Middlewares/ST/STM32_USB_Device_Library/Core/Src/usbd_core.c ****   * @param  pdev: device instance
1044:Middlewares/ST/STM32_USB_Device_Library/Core/Src/usbd_core.c ****   * @param  index : selected interface number
1045:Middlewares/ST/STM32_USB_Device_Library/Core/Src/usbd_core.c ****   * @retval index of the class using the selected interface number. OxFF if no class found.
1046:Middlewares/ST/STM32_USB_Device_Library/Core/Src/usbd_core.c ****   */
1047:Middlewares/ST/STM32_USB_Device_Library/Core/Src/usbd_core.c **** uint8_t USBD_CoreFindIF(USBD_HandleTypeDef *pdev, uint8_t index)
1048:Middlewares/ST/STM32_USB_Device_Library/Core/Src/usbd_core.c **** {
ARM GAS  /tmp/cc78RUCQ.s 			page 38


 1046              		.loc 1 1048 1 is_stmt 1 view -0
 1047              		.cfi_startproc
 1048              		@ args = 0, pretend = 0, frame = 0
 1049              		@ frame_needed = 0, uses_anonymous_args = 0
 1050              		@ link register save eliminated.
1049:Middlewares/ST/STM32_USB_Device_Library/Core/Src/usbd_core.c **** #ifdef USE_USBD_COMPOSITE
1050:Middlewares/ST/STM32_USB_Device_Library/Core/Src/usbd_core.c ****   /* Parse the table of classes in use */
1051:Middlewares/ST/STM32_USB_Device_Library/Core/Src/usbd_core.c ****   for (uint32_t i = 0U; i < USBD_MAX_SUPPORTED_CLASS; i++)
1052:Middlewares/ST/STM32_USB_Device_Library/Core/Src/usbd_core.c ****   {
1053:Middlewares/ST/STM32_USB_Device_Library/Core/Src/usbd_core.c ****     /* Check if current class is in use */
1054:Middlewares/ST/STM32_USB_Device_Library/Core/Src/usbd_core.c ****     if ((pdev->tclasslist[i].Active) == 1U)
1055:Middlewares/ST/STM32_USB_Device_Library/Core/Src/usbd_core.c ****     {
1056:Middlewares/ST/STM32_USB_Device_Library/Core/Src/usbd_core.c ****       /* Parse all interfaces listed in the current class */
1057:Middlewares/ST/STM32_USB_Device_Library/Core/Src/usbd_core.c ****       for (uint32_t j = 0U; j < pdev->tclasslist[i].NumIf; j++)
1058:Middlewares/ST/STM32_USB_Device_Library/Core/Src/usbd_core.c ****       {
1059:Middlewares/ST/STM32_USB_Device_Library/Core/Src/usbd_core.c ****         /* Check if requested Interface matches the current class interface */
1060:Middlewares/ST/STM32_USB_Device_Library/Core/Src/usbd_core.c ****         if (pdev->tclasslist[i].Ifs[j] == index)
1061:Middlewares/ST/STM32_USB_Device_Library/Core/Src/usbd_core.c ****         {
1062:Middlewares/ST/STM32_USB_Device_Library/Core/Src/usbd_core.c ****           if (pdev->pClass[i]->Setup != NULL)
1063:Middlewares/ST/STM32_USB_Device_Library/Core/Src/usbd_core.c ****           {
1064:Middlewares/ST/STM32_USB_Device_Library/Core/Src/usbd_core.c ****             return (uint8_t)i;
1065:Middlewares/ST/STM32_USB_Device_Library/Core/Src/usbd_core.c ****           }
1066:Middlewares/ST/STM32_USB_Device_Library/Core/Src/usbd_core.c ****         }
1067:Middlewares/ST/STM32_USB_Device_Library/Core/Src/usbd_core.c ****       }
1068:Middlewares/ST/STM32_USB_Device_Library/Core/Src/usbd_core.c ****     }
1069:Middlewares/ST/STM32_USB_Device_Library/Core/Src/usbd_core.c ****   }
1070:Middlewares/ST/STM32_USB_Device_Library/Core/Src/usbd_core.c **** 
1071:Middlewares/ST/STM32_USB_Device_Library/Core/Src/usbd_core.c ****   return 0xFFU;
1072:Middlewares/ST/STM32_USB_Device_Library/Core/Src/usbd_core.c **** #else
1073:Middlewares/ST/STM32_USB_Device_Library/Core/Src/usbd_core.c ****   UNUSED(pdev);
 1051              		.loc 1 1073 3 view .LVU297
1074:Middlewares/ST/STM32_USB_Device_Library/Core/Src/usbd_core.c ****   UNUSED(index);
 1052              		.loc 1 1074 3 view .LVU298
1075:Middlewares/ST/STM32_USB_Device_Library/Core/Src/usbd_core.c **** 
1076:Middlewares/ST/STM32_USB_Device_Library/Core/Src/usbd_core.c ****   return 0x00U;
 1053              		.loc 1 1076 3 view .LVU299
1077:Middlewares/ST/STM32_USB_Device_Library/Core/Src/usbd_core.c **** #endif /* USE_USBD_COMPOSITE */
1078:Middlewares/ST/STM32_USB_Device_Library/Core/Src/usbd_core.c **** }
 1054              		.loc 1 1078 1 is_stmt 0 view .LVU300
 1055 0000 0020     		movs	r0, #0
 1056              	.LVL87:
 1057              		.loc 1 1078 1 view .LVU301
 1058 0002 7047     		bx	lr
 1059              		.cfi_endproc
 1060              	.LFE86:
 1062              		.section	.text.USBD_CoreFindEP,"ax",%progbits
 1063              		.align	1
 1064              		.global	USBD_CoreFindEP
 1065              		.syntax unified
 1066              		.thumb
 1067              		.thumb_func
 1069              	USBD_CoreFindEP:
 1070              	.LVL88:
 1071              	.LFB87:
1079:Middlewares/ST/STM32_USB_Device_Library/Core/Src/usbd_core.c **** 
1080:Middlewares/ST/STM32_USB_Device_Library/Core/Src/usbd_core.c **** /**
1081:Middlewares/ST/STM32_USB_Device_Library/Core/Src/usbd_core.c ****   * @brief  USBD_CoreFindEP
ARM GAS  /tmp/cc78RUCQ.s 			page 39


1082:Middlewares/ST/STM32_USB_Device_Library/Core/Src/usbd_core.c ****   *         return the class index relative to the selected endpoint
1083:Middlewares/ST/STM32_USB_Device_Library/Core/Src/usbd_core.c ****   * @param  pdev: device instance
1084:Middlewares/ST/STM32_USB_Device_Library/Core/Src/usbd_core.c ****   * @param  index : selected endpoint number
1085:Middlewares/ST/STM32_USB_Device_Library/Core/Src/usbd_core.c ****   * @retval index of the class using the selected endpoint number. 0xFF if no class found.
1086:Middlewares/ST/STM32_USB_Device_Library/Core/Src/usbd_core.c ****   */
1087:Middlewares/ST/STM32_USB_Device_Library/Core/Src/usbd_core.c **** uint8_t USBD_CoreFindEP(USBD_HandleTypeDef *pdev, uint8_t index)
1088:Middlewares/ST/STM32_USB_Device_Library/Core/Src/usbd_core.c **** {
 1072              		.loc 1 1088 1 is_stmt 1 view -0
 1073              		.cfi_startproc
 1074              		@ args = 0, pretend = 0, frame = 0
 1075              		@ frame_needed = 0, uses_anonymous_args = 0
 1076              		@ link register save eliminated.
1089:Middlewares/ST/STM32_USB_Device_Library/Core/Src/usbd_core.c **** #ifdef USE_USBD_COMPOSITE
1090:Middlewares/ST/STM32_USB_Device_Library/Core/Src/usbd_core.c ****   /* Parse the table of classes in use */
1091:Middlewares/ST/STM32_USB_Device_Library/Core/Src/usbd_core.c ****   for (uint32_t i = 0U; i < USBD_MAX_SUPPORTED_CLASS; i++)
1092:Middlewares/ST/STM32_USB_Device_Library/Core/Src/usbd_core.c ****   {
1093:Middlewares/ST/STM32_USB_Device_Library/Core/Src/usbd_core.c ****     /* Check if current class is in use */
1094:Middlewares/ST/STM32_USB_Device_Library/Core/Src/usbd_core.c ****     if ((pdev->tclasslist[i].Active) == 1U)
1095:Middlewares/ST/STM32_USB_Device_Library/Core/Src/usbd_core.c ****     {
1096:Middlewares/ST/STM32_USB_Device_Library/Core/Src/usbd_core.c ****       /* Parse all endpoints listed in the current class */
1097:Middlewares/ST/STM32_USB_Device_Library/Core/Src/usbd_core.c ****       for (uint32_t j = 0U; j < pdev->tclasslist[i].NumEps; j++)
1098:Middlewares/ST/STM32_USB_Device_Library/Core/Src/usbd_core.c ****       {
1099:Middlewares/ST/STM32_USB_Device_Library/Core/Src/usbd_core.c ****         /* Check if requested endpoint matches the current class endpoint */
1100:Middlewares/ST/STM32_USB_Device_Library/Core/Src/usbd_core.c ****         if (pdev->tclasslist[i].Eps[j].add == index)
1101:Middlewares/ST/STM32_USB_Device_Library/Core/Src/usbd_core.c ****         {
1102:Middlewares/ST/STM32_USB_Device_Library/Core/Src/usbd_core.c ****           if (pdev->pClass[i]->Setup != NULL)
1103:Middlewares/ST/STM32_USB_Device_Library/Core/Src/usbd_core.c ****           {
1104:Middlewares/ST/STM32_USB_Device_Library/Core/Src/usbd_core.c ****             return (uint8_t)i;
1105:Middlewares/ST/STM32_USB_Device_Library/Core/Src/usbd_core.c ****           }
1106:Middlewares/ST/STM32_USB_Device_Library/Core/Src/usbd_core.c ****         }
1107:Middlewares/ST/STM32_USB_Device_Library/Core/Src/usbd_core.c ****       }
1108:Middlewares/ST/STM32_USB_Device_Library/Core/Src/usbd_core.c ****     }
1109:Middlewares/ST/STM32_USB_Device_Library/Core/Src/usbd_core.c ****   }
1110:Middlewares/ST/STM32_USB_Device_Library/Core/Src/usbd_core.c **** 
1111:Middlewares/ST/STM32_USB_Device_Library/Core/Src/usbd_core.c ****   return 0xFFU;
1112:Middlewares/ST/STM32_USB_Device_Library/Core/Src/usbd_core.c **** #else
1113:Middlewares/ST/STM32_USB_Device_Library/Core/Src/usbd_core.c ****   UNUSED(pdev);
 1077              		.loc 1 1113 3 view .LVU303
1114:Middlewares/ST/STM32_USB_Device_Library/Core/Src/usbd_core.c ****   UNUSED(index);
 1078              		.loc 1 1114 3 view .LVU304
1115:Middlewares/ST/STM32_USB_Device_Library/Core/Src/usbd_core.c **** 
1116:Middlewares/ST/STM32_USB_Device_Library/Core/Src/usbd_core.c ****   return 0x00U;
 1079              		.loc 1 1116 3 view .LVU305
1117:Middlewares/ST/STM32_USB_Device_Library/Core/Src/usbd_core.c **** #endif /* USE_USBD_COMPOSITE */
1118:Middlewares/ST/STM32_USB_Device_Library/Core/Src/usbd_core.c **** }
 1080              		.loc 1 1118 1 is_stmt 0 view .LVU306
 1081 0000 0020     		movs	r0, #0
 1082              	.LVL89:
 1083              		.loc 1 1118 1 view .LVU307
 1084 0002 7047     		bx	lr
 1085              		.cfi_endproc
 1086              	.LFE87:
 1088              		.section	.text.USBD_LL_DataOutStage,"ax",%progbits
 1089              		.align	1
 1090              		.global	USBD_LL_DataOutStage
 1091              		.syntax unified
 1092              		.thumb
ARM GAS  /tmp/cc78RUCQ.s 			page 40


 1093              		.thumb_func
 1095              	USBD_LL_DataOutStage:
 1096              	.LVL90:
 1097              	.LFB75:
 589:Middlewares/ST/STM32_USB_Device_Library/Core/Src/usbd_core.c ****   USBD_EndpointTypeDef *pep;
 1098              		.loc 1 589 1 is_stmt 1 view -0
 1099              		.cfi_startproc
 1100              		@ args = 0, pretend = 0, frame = 0
 1101              		@ frame_needed = 0, uses_anonymous_args = 0
 589:Middlewares/ST/STM32_USB_Device_Library/Core/Src/usbd_core.c ****   USBD_EndpointTypeDef *pep;
 1102              		.loc 1 589 1 is_stmt 0 view .LVU309
 1103 0000 38B5     		push	{r3, r4, r5, lr}
 1104              	.LCFI17:
 1105              		.cfi_def_cfa_offset 16
 1106              		.cfi_offset 3, -16
 1107              		.cfi_offset 4, -12
 1108              		.cfi_offset 5, -8
 1109              		.cfi_offset 14, -4
 1110 0002 0446     		mov	r4, r0
 590:Middlewares/ST/STM32_USB_Device_Library/Core/Src/usbd_core.c ****   USBD_StatusTypeDef ret = USBD_OK;
 1111              		.loc 1 590 3 is_stmt 1 view .LVU310
 591:Middlewares/ST/STM32_USB_Device_Library/Core/Src/usbd_core.c ****   uint8_t idx;
 1112              		.loc 1 591 3 view .LVU311
 1113              	.LVL91:
 592:Middlewares/ST/STM32_USB_Device_Library/Core/Src/usbd_core.c **** 
 1114              		.loc 1 592 3 view .LVU312
 594:Middlewares/ST/STM32_USB_Device_Library/Core/Src/usbd_core.c **** 
 1115              		.loc 1 594 3 view .LVU313
 596:Middlewares/ST/STM32_USB_Device_Library/Core/Src/usbd_core.c ****   {
 1116              		.loc 1 596 3 view .LVU314
 596:Middlewares/ST/STM32_USB_Device_Library/Core/Src/usbd_core.c ****   {
 1117              		.loc 1 596 6 is_stmt 0 view .LVU315
 1118 0004 0D46     		mov	r5, r1
 1119 0006 0029     		cmp	r1, #0
 1120 0008 45D1     		bne	.L79
 598:Middlewares/ST/STM32_USB_Device_Library/Core/Src/usbd_core.c **** 
 1121              		.loc 1 598 5 is_stmt 1 view .LVU316
 1122              	.LVL92:
 600:Middlewares/ST/STM32_USB_Device_Library/Core/Src/usbd_core.c ****     {
 1123              		.loc 1 600 5 view .LVU317
 600:Middlewares/ST/STM32_USB_Device_Library/Core/Src/usbd_core.c ****     {
 1124              		.loc 1 600 13 is_stmt 0 view .LVU318
 1125 000a D0F89432 		ldr	r3, [r0, #660]
 600:Middlewares/ST/STM32_USB_Device_Library/Core/Src/usbd_core.c ****     {
 1126              		.loc 1 600 8 view .LVU319
 1127 000e 032B     		cmp	r3, #3
 1128 0010 01D0     		beq	.L90
 674:Middlewares/ST/STM32_USB_Device_Library/Core/Src/usbd_core.c **** }
 1129              		.loc 1 674 10 view .LVU320
 1130 0012 0846     		mov	r0, r1
 1131              	.LVL93:
 1132              	.L80:
 675:Middlewares/ST/STM32_USB_Device_Library/Core/Src/usbd_core.c **** 
 1133              		.loc 1 675 1 view .LVU321
 1134 0014 38BD     		pop	{r3, r4, r5, pc}
 1135              	.LVL94:
 1136              	.L90:
ARM GAS  /tmp/cc78RUCQ.s 			page 41


 602:Middlewares/ST/STM32_USB_Device_Library/Core/Src/usbd_core.c ****       {
 1137              		.loc 1 602 7 is_stmt 1 view .LVU322
 602:Middlewares/ST/STM32_USB_Device_Library/Core/Src/usbd_core.c ****       {
 1138              		.loc 1 602 14 is_stmt 0 view .LVU323
 1139 0016 D0F85831 		ldr	r3, [r0, #344]
 602:Middlewares/ST/STM32_USB_Device_Library/Core/Src/usbd_core.c ****       {
 1140              		.loc 1 602 32 view .LVU324
 1141 001a B0F86021 		ldrh	r2, [r0, #352]
 1142              	.LVL95:
 602:Middlewares/ST/STM32_USB_Device_Library/Core/Src/usbd_core.c ****       {
 1143              		.loc 1 602 10 view .LVU325
 1144 001e 9342     		cmp	r3, r2
 1145 0020 09D8     		bhi	.L91
 612:Middlewares/ST/STM32_USB_Device_Library/Core/Src/usbd_core.c ****         {
 1146              		.loc 1 612 9 is_stmt 1 view .LVU326
 612:Middlewares/ST/STM32_USB_Device_Library/Core/Src/usbd_core.c ****         {
 1147              		.loc 1 612 30 is_stmt 0 view .LVU327
 1148 0022 90F8AA32 		ldrb	r3, [r0, #682]	@ zero_extendqisi2
 1149 0026 03F01F03 		and	r3, r3, #31
 612:Middlewares/ST/STM32_USB_Device_Library/Core/Src/usbd_core.c ****         {
 1150              		.loc 1 612 9 view .LVU328
 1151 002a 012B     		cmp	r3, #1
 1152 002c 12D0     		beq	.L82
 1153 002e 022B     		cmp	r3, #2
 1154 0030 1FD0     		beq	.L83
 1155 0032 0846     		mov	r0, r1
 1156              	.LVL96:
 612:Middlewares/ST/STM32_USB_Device_Library/Core/Src/usbd_core.c ****         {
 1157              		.loc 1 612 9 view .LVU329
 1158 0034 13E0     		b	.L84
 1159              	.LVL97:
 1160              	.L91:
 604:Middlewares/ST/STM32_USB_Device_Library/Core/Src/usbd_core.c ****         pep->pbuffer += pep->maxpacket;
 1161              		.loc 1 604 9 is_stmt 1 view .LVU330
 604:Middlewares/ST/STM32_USB_Device_Library/Core/Src/usbd_core.c ****         pep->pbuffer += pep->maxpacket;
 1162              		.loc 1 604 25 is_stmt 0 view .LVU331
 1163 0036 9B1A     		subs	r3, r3, r2
 1164 0038 C0F85831 		str	r3, [r0, #344]
 605:Middlewares/ST/STM32_USB_Device_Library/Core/Src/usbd_core.c **** 
 1165              		.loc 1 605 9 is_stmt 1 view .LVU332
 605:Middlewares/ST/STM32_USB_Device_Library/Core/Src/usbd_core.c **** 
 1166              		.loc 1 605 12 is_stmt 0 view .LVU333
 1167 003c D0F86411 		ldr	r1, [r0, #356]
 1168              	.LVL98:
 605:Middlewares/ST/STM32_USB_Device_Library/Core/Src/usbd_core.c **** 
 1169              		.loc 1 605 22 view .LVU334
 1170 0040 1144     		add	r1, r1, r2
 1171 0042 C0F86411 		str	r1, [r0, #356]
 607:Middlewares/ST/STM32_USB_Device_Library/Core/Src/usbd_core.c ****       }
 1172              		.loc 1 607 9 is_stmt 1 view .LVU335
 607:Middlewares/ST/STM32_USB_Device_Library/Core/Src/usbd_core.c ****       }
 1173              		.loc 1 607 15 is_stmt 0 view .LVU336
 1174 0046 9A42     		cmp	r2, r3
 1175 0048 38BF     		it	cc
 1176 004a 1A46     		movcc	r2, r3
 1177 004c FFF7FEFF 		bl	USBD_CtlContinueRx
 1178              	.LVL99:
ARM GAS  /tmp/cc78RUCQ.s 			page 42


 674:Middlewares/ST/STM32_USB_Device_Library/Core/Src/usbd_core.c **** }
 1179              		.loc 1 674 10 view .LVU337
 1180 0050 2846     		mov	r0, r5
 1181 0052 DFE7     		b	.L80
 1182              	.LVL100:
 1183              	.L82:
 621:Middlewares/ST/STM32_USB_Device_Library/Core/Src/usbd_core.c ****             break;
 1184              		.loc 1 621 13 is_stmt 1 view .LVU338
 621:Middlewares/ST/STM32_USB_Device_Library/Core/Src/usbd_core.c ****             break;
 1185              		.loc 1 621 19 is_stmt 0 view .LVU339
 1186 0054 90F8AE12 		ldrb	r1, [r0, #686]	@ zero_extendqisi2
 1187              	.LVL101:
 621:Middlewares/ST/STM32_USB_Device_Library/Core/Src/usbd_core.c ****             break;
 1188              		.loc 1 621 19 view .LVU340
 1189 0058 FFF7FEFF 		bl	USBD_CoreFindIF
 1190              	.LVL102:
 622:Middlewares/ST/STM32_USB_Device_Library/Core/Src/usbd_core.c **** 
 1191              		.loc 1 622 13 is_stmt 1 view .LVU341
 1192              	.L85:
 634:Middlewares/ST/STM32_USB_Device_Library/Core/Src/usbd_core.c ****         {
 1193              		.loc 1 634 9 view .LVU342
 634:Middlewares/ST/STM32_USB_Device_Library/Core/Src/usbd_core.c ****         {
 1194              		.loc 1 634 12 is_stmt 0 view .LVU343
 1195 005c 20B9     		cbnz	r0, .L86
 1196              	.LVL103:
 1197              	.L84:
 637:Middlewares/ST/STM32_USB_Device_Library/Core/Src/usbd_core.c ****           {
 1198              		.loc 1 637 11 is_stmt 1 view .LVU344
 637:Middlewares/ST/STM32_USB_Device_Library/Core/Src/usbd_core.c ****           {
 1199              		.loc 1 637 19 is_stmt 0 view .LVU345
 1200 005e 94F89C32 		ldrb	r3, [r4, #668]	@ zero_extendqisi2
 1201 0062 DBB2     		uxtb	r3, r3
 637:Middlewares/ST/STM32_USB_Device_Library/Core/Src/usbd_core.c ****           {
 1202              		.loc 1 637 14 view .LVU346
 1203 0064 032B     		cmp	r3, #3
 1204 0066 09D0     		beq	.L92
 1205              	.L86:
 647:Middlewares/ST/STM32_USB_Device_Library/Core/Src/usbd_core.c ****       }
 1206              		.loc 1 647 9 is_stmt 1 view .LVU347
 647:Middlewares/ST/STM32_USB_Device_Library/Core/Src/usbd_core.c ****       }
 1207              		.loc 1 647 15 is_stmt 0 view .LVU348
 1208 0068 2046     		mov	r0, r4
 1209 006a FFF7FEFF 		bl	USBD_CtlSendStatus
 1210              	.LVL104:
 674:Middlewares/ST/STM32_USB_Device_Library/Core/Src/usbd_core.c **** }
 1211              		.loc 1 674 10 view .LVU349
 1212 006e 2846     		mov	r0, r5
 1213 0070 D0E7     		b	.L80
 1214              	.LVL105:
 1215              	.L83:
 625:Middlewares/ST/STM32_USB_Device_Library/Core/Src/usbd_core.c ****             break;
 1216              		.loc 1 625 13 is_stmt 1 view .LVU350
 625:Middlewares/ST/STM32_USB_Device_Library/Core/Src/usbd_core.c ****             break;
 1217              		.loc 1 625 19 is_stmt 0 view .LVU351
 1218 0072 90F8AE12 		ldrb	r1, [r0, #686]	@ zero_extendqisi2
 1219              	.LVL106:
 625:Middlewares/ST/STM32_USB_Device_Library/Core/Src/usbd_core.c ****             break;
ARM GAS  /tmp/cc78RUCQ.s 			page 43


 1220              		.loc 1 625 19 view .LVU352
 1221 0076 FFF7FEFF 		bl	USBD_CoreFindEP
 1222              	.LVL107:
 626:Middlewares/ST/STM32_USB_Device_Library/Core/Src/usbd_core.c **** 
 1223              		.loc 1 626 13 is_stmt 1 view .LVU353
 1224 007a EFE7     		b	.L85
 1225              	.LVL108:
 1226              	.L92:
 639:Middlewares/ST/STM32_USB_Device_Library/Core/Src/usbd_core.c ****             {
 1227              		.loc 1 639 13 view .LVU354
 639:Middlewares/ST/STM32_USB_Device_Library/Core/Src/usbd_core.c ****             {
 1228              		.loc 1 639 29 is_stmt 0 view .LVU355
 1229 007c 00F1AE03 		add	r3, r0, #174
 1230 0080 54F82330 		ldr	r3, [r4, r3, lsl #2]
 639:Middlewares/ST/STM32_USB_Device_Library/Core/Src/usbd_core.c ****             {
 1231              		.loc 1 639 34 view .LVU356
 1232 0084 1A69     		ldr	r2, [r3, #16]
 639:Middlewares/ST/STM32_USB_Device_Library/Core/Src/usbd_core.c ****             {
 1233              		.loc 1 639 16 view .LVU357
 1234 0086 002A     		cmp	r2, #0
 1235 0088 EED0     		beq	.L86
 641:Middlewares/ST/STM32_USB_Device_Library/Core/Src/usbd_core.c ****               pdev->pClass[idx]->EP0_RxReady(pdev);
 1236              		.loc 1 641 15 is_stmt 1 view .LVU358
 641:Middlewares/ST/STM32_USB_Device_Library/Core/Src/usbd_core.c ****               pdev->pClass[idx]->EP0_RxReady(pdev);
 1237              		.loc 1 641 29 is_stmt 0 view .LVU359
 1238 008a C4F8D402 		str	r0, [r4, #724]
 642:Middlewares/ST/STM32_USB_Device_Library/Core/Src/usbd_core.c ****             }
 1239              		.loc 1 642 15 is_stmt 1 view .LVU360
 642:Middlewares/ST/STM32_USB_Device_Library/Core/Src/usbd_core.c ****             }
 1240              		.loc 1 642 32 is_stmt 0 view .LVU361
 1241 008e 1B69     		ldr	r3, [r3, #16]
 642:Middlewares/ST/STM32_USB_Device_Library/Core/Src/usbd_core.c ****             }
 1242              		.loc 1 642 15 view .LVU362
 1243 0090 2046     		mov	r0, r4
 1244 0092 9847     		blx	r3
 1245              	.LVL109:
 1246 0094 E8E7     		b	.L86
 1247              	.LVL110:
 1248              	.L79:
 654:Middlewares/ST/STM32_USB_Device_Library/Core/Src/usbd_core.c **** 
 1249              		.loc 1 654 5 is_stmt 1 view .LVU363
 654:Middlewares/ST/STM32_USB_Device_Library/Core/Src/usbd_core.c **** 
 1250              		.loc 1 654 11 is_stmt 0 view .LVU364
 1251 0096 01F07F01 		and	r1, r1, #127
 1252              	.LVL111:
 654:Middlewares/ST/STM32_USB_Device_Library/Core/Src/usbd_core.c **** 
 1253              		.loc 1 654 11 view .LVU365
 1254 009a FFF7FEFF 		bl	USBD_CoreFindEP
 1255              	.LVL112:
 656:Middlewares/ST/STM32_USB_Device_Library/Core/Src/usbd_core.c ****     {
 1256              		.loc 1 656 5 is_stmt 1 view .LVU366
 656:Middlewares/ST/STM32_USB_Device_Library/Core/Src/usbd_core.c ****     {
 1257              		.loc 1 656 8 is_stmt 0 view .LVU367
 1258 009e 90B9     		cbnz	r0, .L88
 659:Middlewares/ST/STM32_USB_Device_Library/Core/Src/usbd_core.c ****       {
 1259              		.loc 1 659 7 is_stmt 1 view .LVU368
 659:Middlewares/ST/STM32_USB_Device_Library/Core/Src/usbd_core.c ****       {
ARM GAS  /tmp/cc78RUCQ.s 			page 44


 1260              		.loc 1 659 15 is_stmt 0 view .LVU369
 1261 00a0 94F89C32 		ldrb	r3, [r4, #668]	@ zero_extendqisi2
 1262 00a4 DBB2     		uxtb	r3, r3
 659:Middlewares/ST/STM32_USB_Device_Library/Core/Src/usbd_core.c ****       {
 1263              		.loc 1 659 10 view .LVU370
 1264 00a6 032B     		cmp	r3, #3
 1265 00a8 B4D1     		bne	.L80
 661:Middlewares/ST/STM32_USB_Device_Library/Core/Src/usbd_core.c ****         {
 1266              		.loc 1 661 9 is_stmt 1 view .LVU371
 661:Middlewares/ST/STM32_USB_Device_Library/Core/Src/usbd_core.c ****         {
 1267              		.loc 1 661 25 is_stmt 0 view .LVU372
 1268 00aa 00F1AE03 		add	r3, r0, #174
 1269 00ae 54F82330 		ldr	r3, [r4, r3, lsl #2]
 661:Middlewares/ST/STM32_USB_Device_Library/Core/Src/usbd_core.c ****         {
 1270              		.loc 1 661 30 view .LVU373
 1271 00b2 9A69     		ldr	r2, [r3, #24]
 661:Middlewares/ST/STM32_USB_Device_Library/Core/Src/usbd_core.c ****         {
 1272              		.loc 1 661 12 view .LVU374
 1273 00b4 002A     		cmp	r2, #0
 1274 00b6 ADD0     		beq	.L80
 663:Middlewares/ST/STM32_USB_Device_Library/Core/Src/usbd_core.c ****           ret = (USBD_StatusTypeDef)pdev->pClass[idx]->DataOut(pdev, epnum);
 1275              		.loc 1 663 11 is_stmt 1 view .LVU375
 663:Middlewares/ST/STM32_USB_Device_Library/Core/Src/usbd_core.c ****           ret = (USBD_StatusTypeDef)pdev->pClass[idx]->DataOut(pdev, epnum);
 1276              		.loc 1 663 25 is_stmt 0 view .LVU376
 1277 00b8 C4F8D402 		str	r0, [r4, #724]
 664:Middlewares/ST/STM32_USB_Device_Library/Core/Src/usbd_core.c ****         }
 1278              		.loc 1 664 11 is_stmt 1 view .LVU377
 664:Middlewares/ST/STM32_USB_Device_Library/Core/Src/usbd_core.c ****         }
 1279              		.loc 1 664 54 is_stmt 0 view .LVU378
 1280 00bc 9B69     		ldr	r3, [r3, #24]
 664:Middlewares/ST/STM32_USB_Device_Library/Core/Src/usbd_core.c ****         }
 1281              		.loc 1 664 37 view .LVU379
 1282 00be 2946     		mov	r1, r5
 1283 00c0 2046     		mov	r0, r4
 1284              	.LVL113:
 664:Middlewares/ST/STM32_USB_Device_Library/Core/Src/usbd_core.c ****         }
 1285              		.loc 1 664 37 view .LVU380
 1286 00c2 9847     		blx	r3
 1287              	.LVL114:
 667:Middlewares/ST/STM32_USB_Device_Library/Core/Src/usbd_core.c ****       {
 1288              		.loc 1 667 7 is_stmt 1 view .LVU381
 1289 00c4 A6E7     		b	.L80
 1290              	.LVL115:
 1291              	.L88:
 674:Middlewares/ST/STM32_USB_Device_Library/Core/Src/usbd_core.c **** }
 1292              		.loc 1 674 10 is_stmt 0 view .LVU382
 1293 00c6 0020     		movs	r0, #0
 1294              	.LVL116:
 674:Middlewares/ST/STM32_USB_Device_Library/Core/Src/usbd_core.c **** }
 1295              		.loc 1 674 10 view .LVU383
 1296 00c8 A4E7     		b	.L80
 1297              		.cfi_endproc
 1298              	.LFE75:
 1300              		.section	.text.USBD_LL_DataInStage,"ax",%progbits
 1301              		.align	1
 1302              		.global	USBD_LL_DataInStage
 1303              		.syntax unified
ARM GAS  /tmp/cc78RUCQ.s 			page 45


 1304              		.thumb
 1305              		.thumb_func
 1307              	USBD_LL_DataInStage:
 1308              	.LVL117:
 1309              	.LFB76:
 687:Middlewares/ST/STM32_USB_Device_Library/Core/Src/usbd_core.c ****   USBD_EndpointTypeDef *pep;
 1310              		.loc 1 687 1 is_stmt 1 view -0
 1311              		.cfi_startproc
 1312              		@ args = 0, pretend = 0, frame = 0
 1313              		@ frame_needed = 0, uses_anonymous_args = 0
 687:Middlewares/ST/STM32_USB_Device_Library/Core/Src/usbd_core.c ****   USBD_EndpointTypeDef *pep;
 1314              		.loc 1 687 1 is_stmt 0 view .LVU385
 1315 0000 38B5     		push	{r3, r4, r5, lr}
 1316              	.LCFI18:
 1317              		.cfi_def_cfa_offset 16
 1318              		.cfi_offset 3, -16
 1319              		.cfi_offset 4, -12
 1320              		.cfi_offset 5, -8
 1321              		.cfi_offset 14, -4
 1322 0002 0446     		mov	r4, r0
 688:Middlewares/ST/STM32_USB_Device_Library/Core/Src/usbd_core.c ****   USBD_StatusTypeDef ret;
 1323              		.loc 1 688 3 is_stmt 1 view .LVU386
 689:Middlewares/ST/STM32_USB_Device_Library/Core/Src/usbd_core.c ****   uint8_t idx;
 1324              		.loc 1 689 3 view .LVU387
 690:Middlewares/ST/STM32_USB_Device_Library/Core/Src/usbd_core.c **** 
 1325              		.loc 1 690 3 view .LVU388
 692:Middlewares/ST/STM32_USB_Device_Library/Core/Src/usbd_core.c **** 
 1326              		.loc 1 692 3 view .LVU389
 694:Middlewares/ST/STM32_USB_Device_Library/Core/Src/usbd_core.c ****   {
 1327              		.loc 1 694 3 view .LVU390
 694:Middlewares/ST/STM32_USB_Device_Library/Core/Src/usbd_core.c ****   {
 1328              		.loc 1 694 6 is_stmt 0 view .LVU391
 1329 0004 0D46     		mov	r5, r1
 1330 0006 0029     		cmp	r1, #0
 1331 0008 4CD1     		bne	.L94
 696:Middlewares/ST/STM32_USB_Device_Library/Core/Src/usbd_core.c **** 
 1332              		.loc 1 696 5 is_stmt 1 view .LVU392
 1333              	.LVL118:
 698:Middlewares/ST/STM32_USB_Device_Library/Core/Src/usbd_core.c ****     {
 1334              		.loc 1 698 5 view .LVU393
 698:Middlewares/ST/STM32_USB_Device_Library/Core/Src/usbd_core.c ****     {
 1335              		.loc 1 698 13 is_stmt 0 view .LVU394
 1336 000a D0F89432 		ldr	r3, [r0, #660]
 698:Middlewares/ST/STM32_USB_Device_Library/Core/Src/usbd_core.c ****     {
 1337              		.loc 1 698 8 view .LVU395
 1338 000e 022B     		cmp	r3, #2
 1339 0010 07D0     		beq	.L102
 1340              	.LVL119:
 1341              	.L95:
 739:Middlewares/ST/STM32_USB_Device_Library/Core/Src/usbd_core.c ****     {
 1342              		.loc 1 739 5 is_stmt 1 view .LVU396
 739:Middlewares/ST/STM32_USB_Device_Library/Core/Src/usbd_core.c ****     {
 1343              		.loc 1 739 13 is_stmt 0 view .LVU397
 1344 0012 94F8A002 		ldrb	r0, [r4, #672]	@ zero_extendqisi2
 739:Middlewares/ST/STM32_USB_Device_Library/Core/Src/usbd_core.c ****     {
 1345              		.loc 1 739 8 view .LVU398
 1346 0016 18B1     		cbz	r0, .L99
ARM GAS  /tmp/cc78RUCQ.s 			page 46


 741:Middlewares/ST/STM32_USB_Device_Library/Core/Src/usbd_core.c ****       pdev->dev_test_mode = 0U;
 1347              		.loc 1 741 7 is_stmt 1 view .LVU399
 742:Middlewares/ST/STM32_USB_Device_Library/Core/Src/usbd_core.c ****     }
 1348              		.loc 1 742 7 view .LVU400
 742:Middlewares/ST/STM32_USB_Device_Library/Core/Src/usbd_core.c ****     }
 1349              		.loc 1 742 27 is_stmt 0 view .LVU401
 1350 0018 0023     		movs	r3, #0
 1351 001a 84F8A032 		strb	r3, [r4, #672]
 769:Middlewares/ST/STM32_USB_Device_Library/Core/Src/usbd_core.c **** }
 1352              		.loc 1 769 10 view .LVU402
 1353 001e 2846     		mov	r0, r5
 1354              	.LVL120:
 1355              	.L99:
 770:Middlewares/ST/STM32_USB_Device_Library/Core/Src/usbd_core.c **** 
 1356              		.loc 1 770 1 view .LVU403
 1357 0020 38BD     		pop	{r3, r4, r5, pc}
 1358              	.LVL121:
 1359              	.L102:
 700:Middlewares/ST/STM32_USB_Device_Library/Core/Src/usbd_core.c ****       {
 1360              		.loc 1 700 7 is_stmt 1 view .LVU404
 700:Middlewares/ST/STM32_USB_Device_Library/Core/Src/usbd_core.c ****       {
 1361              		.loc 1 700 14 is_stmt 0 view .LVU405
 1362 0022 8269     		ldr	r2, [r0, #24]
 1363              	.LVL122:
 700:Middlewares/ST/STM32_USB_Device_Library/Core/Src/usbd_core.c ****       {
 1364              		.loc 1 700 32 view .LVU406
 1365 0024 038C     		ldrh	r3, [r0, #32]
 700:Middlewares/ST/STM32_USB_Device_Library/Core/Src/usbd_core.c ****       {
 1366              		.loc 1 700 10 view .LVU407
 1367 0026 9A42     		cmp	r2, r3
 1368 0028 0ED8     		bhi	.L103
 713:Middlewares/ST/STM32_USB_Device_Library/Core/Src/usbd_core.c ****             (pep->total_length >= pep->maxpacket) &&
 1369              		.loc 1 713 9 is_stmt 1 view .LVU408
 713:Middlewares/ST/STM32_USB_Device_Library/Core/Src/usbd_core.c ****             (pep->total_length >= pep->maxpacket) &&
 1370              		.loc 1 713 12 is_stmt 0 view .LVU409
 1371 002a 9A42     		cmp	r2, r3
 1372 002c 1AD0     		beq	.L104
 1373              	.L97:
 725:Middlewares/ST/STM32_USB_Device_Library/Core/Src/usbd_core.c ****           {
 1374              		.loc 1 725 11 is_stmt 1 view .LVU410
 725:Middlewares/ST/STM32_USB_Device_Library/Core/Src/usbd_core.c ****           {
 1375              		.loc 1 725 19 is_stmt 0 view .LVU411
 1376 002e 94F89C32 		ldrb	r3, [r4, #668]	@ zero_extendqisi2
 1377 0032 DBB2     		uxtb	r3, r3
 725:Middlewares/ST/STM32_USB_Device_Library/Core/Src/usbd_core.c ****           {
 1378              		.loc 1 725 14 view .LVU412
 1379 0034 032B     		cmp	r3, #3
 1380 0036 29D0     		beq	.L105
 1381              	.LVL123:
 1382              	.L98:
 733:Middlewares/ST/STM32_USB_Device_Library/Core/Src/usbd_core.c ****           (void)USBD_CtlReceiveStatus(pdev);
 1383              		.loc 1 733 11 is_stmt 1 view .LVU413
 733:Middlewares/ST/STM32_USB_Device_Library/Core/Src/usbd_core.c ****           (void)USBD_CtlReceiveStatus(pdev);
 1384              		.loc 1 733 17 is_stmt 0 view .LVU414
 1385 0038 8021     		movs	r1, #128
 1386 003a 2046     		mov	r0, r4
 1387 003c FFF7FEFF 		bl	USBD_LL_StallEP
ARM GAS  /tmp/cc78RUCQ.s 			page 47


 1388              	.LVL124:
 734:Middlewares/ST/STM32_USB_Device_Library/Core/Src/usbd_core.c ****         }
 1389              		.loc 1 734 11 is_stmt 1 view .LVU415
 734:Middlewares/ST/STM32_USB_Device_Library/Core/Src/usbd_core.c ****         }
 1390              		.loc 1 734 17 is_stmt 0 view .LVU416
 1391 0040 2046     		mov	r0, r4
 1392 0042 FFF7FEFF 		bl	USBD_CtlReceiveStatus
 1393              	.LVL125:
 1394 0046 E4E7     		b	.L95
 1395              	.LVL126:
 1396              	.L103:
 702:Middlewares/ST/STM32_USB_Device_Library/Core/Src/usbd_core.c ****         pep->pbuffer += pep->maxpacket;
 1397              		.loc 1 702 9 is_stmt 1 view .LVU417
 702:Middlewares/ST/STM32_USB_Device_Library/Core/Src/usbd_core.c ****         pep->pbuffer += pep->maxpacket;
 1398              		.loc 1 702 25 is_stmt 0 view .LVU418
 1399 0048 D21A     		subs	r2, r2, r3
 1400 004a 8261     		str	r2, [r0, #24]
 703:Middlewares/ST/STM32_USB_Device_Library/Core/Src/usbd_core.c **** 
 1401              		.loc 1 703 9 is_stmt 1 view .LVU419
 703:Middlewares/ST/STM32_USB_Device_Library/Core/Src/usbd_core.c **** 
 1402              		.loc 1 703 12 is_stmt 0 view .LVU420
 1403 004c 416A     		ldr	r1, [r0, #36]
 1404              	.LVL127:
 703:Middlewares/ST/STM32_USB_Device_Library/Core/Src/usbd_core.c **** 
 1405              		.loc 1 703 22 view .LVU421
 1406 004e 1944     		add	r1, r1, r3
 1407 0050 4162     		str	r1, [r0, #36]
 705:Middlewares/ST/STM32_USB_Device_Library/Core/Src/usbd_core.c **** 
 1408              		.loc 1 705 9 is_stmt 1 view .LVU422
 705:Middlewares/ST/STM32_USB_Device_Library/Core/Src/usbd_core.c **** 
 1409              		.loc 1 705 15 is_stmt 0 view .LVU423
 1410 0052 FFF7FEFF 		bl	USBD_CtlContinueSendData
 1411              	.LVL128:
 708:Middlewares/ST/STM32_USB_Device_Library/Core/Src/usbd_core.c ****       }
 1412              		.loc 1 708 9 is_stmt 1 view .LVU424
 708:Middlewares/ST/STM32_USB_Device_Library/Core/Src/usbd_core.c ****       }
 1413              		.loc 1 708 15 is_stmt 0 view .LVU425
 1414 0056 0023     		movs	r3, #0
 1415 0058 1A46     		mov	r2, r3
 1416 005a 1946     		mov	r1, r3
 1417 005c 2046     		mov	r0, r4
 1418 005e FFF7FEFF 		bl	USBD_LL_PrepareReceive
 1419              	.LVL129:
 1420 0062 D6E7     		b	.L95
 1421              	.LVL130:
 1422              	.L104:
 714:Middlewares/ST/STM32_USB_Device_Library/Core/Src/usbd_core.c ****             (pep->total_length < pdev->ep0_data_len))
 1423              		.loc 1 714 17 view .LVU426
 1424 0064 4269     		ldr	r2, [r0, #20]
 713:Middlewares/ST/STM32_USB_Device_Library/Core/Src/usbd_core.c ****             (pep->total_length >= pep->maxpacket) &&
 1425              		.loc 1 713 49 discriminator 1 view .LVU427
 1426 0066 9342     		cmp	r3, r2
 1427 0068 E1D8     		bhi	.L97
 715:Middlewares/ST/STM32_USB_Device_Library/Core/Src/usbd_core.c ****         {
 1428              		.loc 1 715 38 view .LVU428
 1429 006a D0F89832 		ldr	r3, [r0, #664]
 714:Middlewares/ST/STM32_USB_Device_Library/Core/Src/usbd_core.c ****             (pep->total_length < pdev->ep0_data_len))
ARM GAS  /tmp/cc78RUCQ.s 			page 48


 1430              		.loc 1 714 51 view .LVU429
 1431 006e 9A42     		cmp	r2, r3
 1432 0070 DDD2     		bcs	.L97
 717:Middlewares/ST/STM32_USB_Device_Library/Core/Src/usbd_core.c ****           pdev->ep0_data_len = 0U;
 1433              		.loc 1 717 11 is_stmt 1 view .LVU430
 717:Middlewares/ST/STM32_USB_Device_Library/Core/Src/usbd_core.c ****           pdev->ep0_data_len = 0U;
 1434              		.loc 1 717 17 is_stmt 0 view .LVU431
 1435 0072 0022     		movs	r2, #0
 1436 0074 1146     		mov	r1, r2
 1437              	.LVL131:
 717:Middlewares/ST/STM32_USB_Device_Library/Core/Src/usbd_core.c ****           pdev->ep0_data_len = 0U;
 1438              		.loc 1 717 17 view .LVU432
 1439 0076 FFF7FEFF 		bl	USBD_CtlContinueSendData
 1440              	.LVL132:
 718:Middlewares/ST/STM32_USB_Device_Library/Core/Src/usbd_core.c **** 
 1441              		.loc 1 718 11 is_stmt 1 view .LVU433
 718:Middlewares/ST/STM32_USB_Device_Library/Core/Src/usbd_core.c **** 
 1442              		.loc 1 718 30 is_stmt 0 view .LVU434
 1443 007a 0021     		movs	r1, #0
 1444 007c C4F89812 		str	r1, [r4, #664]
 721:Middlewares/ST/STM32_USB_Device_Library/Core/Src/usbd_core.c ****         }
 1445              		.loc 1 721 11 is_stmt 1 view .LVU435
 721:Middlewares/ST/STM32_USB_Device_Library/Core/Src/usbd_core.c ****         }
 1446              		.loc 1 721 17 is_stmt 0 view .LVU436
 1447 0080 0B46     		mov	r3, r1
 1448 0082 0A46     		mov	r2, r1
 1449 0084 2046     		mov	r0, r4
 1450 0086 FFF7FEFF 		bl	USBD_LL_PrepareReceive
 1451              	.LVL133:
 721:Middlewares/ST/STM32_USB_Device_Library/Core/Src/usbd_core.c ****         }
 1452              		.loc 1 721 11 view .LVU437
 1453 008a C2E7     		b	.L95
 1454              	.LVL134:
 1455              	.L105:
 727:Middlewares/ST/STM32_USB_Device_Library/Core/Src/usbd_core.c ****             {
 1456              		.loc 1 727 13 is_stmt 1 view .LVU438
 727:Middlewares/ST/STM32_USB_Device_Library/Core/Src/usbd_core.c ****             {
 1457              		.loc 1 727 29 is_stmt 0 view .LVU439
 1458 008c D4F8B832 		ldr	r3, [r4, #696]
 727:Middlewares/ST/STM32_USB_Device_Library/Core/Src/usbd_core.c ****             {
 1459              		.loc 1 727 32 view .LVU440
 1460 0090 DA68     		ldr	r2, [r3, #12]
 727:Middlewares/ST/STM32_USB_Device_Library/Core/Src/usbd_core.c ****             {
 1461              		.loc 1 727 16 view .LVU441
 1462 0092 002A     		cmp	r2, #0
 1463 0094 D0D0     		beq	.L98
 729:Middlewares/ST/STM32_USB_Device_Library/Core/Src/usbd_core.c ****               pdev->pClass[0]->EP0_TxSent(pdev);
 1464              		.loc 1 729 15 is_stmt 1 view .LVU442
 729:Middlewares/ST/STM32_USB_Device_Library/Core/Src/usbd_core.c ****               pdev->pClass[0]->EP0_TxSent(pdev);
 1465              		.loc 1 729 29 is_stmt 0 view .LVU443
 1466 0096 0022     		movs	r2, #0
 1467 0098 C4F8D422 		str	r2, [r4, #724]
 730:Middlewares/ST/STM32_USB_Device_Library/Core/Src/usbd_core.c ****             }
 1468              		.loc 1 730 15 is_stmt 1 view .LVU444
 730:Middlewares/ST/STM32_USB_Device_Library/Core/Src/usbd_core.c ****             }
 1469              		.loc 1 730 30 is_stmt 0 view .LVU445
 1470 009c DB68     		ldr	r3, [r3, #12]
ARM GAS  /tmp/cc78RUCQ.s 			page 49


 730:Middlewares/ST/STM32_USB_Device_Library/Core/Src/usbd_core.c ****             }
 1471              		.loc 1 730 15 view .LVU446
 1472 009e 2046     		mov	r0, r4
 1473              	.LVL135:
 730:Middlewares/ST/STM32_USB_Device_Library/Core/Src/usbd_core.c ****             }
 1474              		.loc 1 730 15 view .LVU447
 1475 00a0 9847     		blx	r3
 1476              	.LVL136:
 730:Middlewares/ST/STM32_USB_Device_Library/Core/Src/usbd_core.c ****             }
 1477              		.loc 1 730 15 view .LVU448
 1478 00a2 C9E7     		b	.L98
 1479              	.LVL137:
 1480              	.L94:
 748:Middlewares/ST/STM32_USB_Device_Library/Core/Src/usbd_core.c **** 
 1481              		.loc 1 748 5 is_stmt 1 view .LVU449
 748:Middlewares/ST/STM32_USB_Device_Library/Core/Src/usbd_core.c **** 
 1482              		.loc 1 748 11 is_stmt 0 view .LVU450
 1483 00a4 41F08001 		orr	r1, r1, #128
 1484              	.LVL138:
 748:Middlewares/ST/STM32_USB_Device_Library/Core/Src/usbd_core.c **** 
 1485              		.loc 1 748 11 view .LVU451
 1486 00a8 FFF7FEFF 		bl	USBD_CoreFindEP
 1487              	.LVL139:
 750:Middlewares/ST/STM32_USB_Device_Library/Core/Src/usbd_core.c ****     {
 1488              		.loc 1 750 5 is_stmt 1 view .LVU452
 750:Middlewares/ST/STM32_USB_Device_Library/Core/Src/usbd_core.c ****     {
 1489              		.loc 1 750 8 is_stmt 0 view .LVU453
 1490 00ac 90B9     		cbnz	r0, .L100
 753:Middlewares/ST/STM32_USB_Device_Library/Core/Src/usbd_core.c ****       {
 1491              		.loc 1 753 7 is_stmt 1 view .LVU454
 753:Middlewares/ST/STM32_USB_Device_Library/Core/Src/usbd_core.c ****       {
 1492              		.loc 1 753 15 is_stmt 0 view .LVU455
 1493 00ae 94F89C32 		ldrb	r3, [r4, #668]	@ zero_extendqisi2
 1494 00b2 DBB2     		uxtb	r3, r3
 753:Middlewares/ST/STM32_USB_Device_Library/Core/Src/usbd_core.c ****       {
 1495              		.loc 1 753 10 view .LVU456
 1496 00b4 032B     		cmp	r3, #3
 1497 00b6 B3D1     		bne	.L99
 755:Middlewares/ST/STM32_USB_Device_Library/Core/Src/usbd_core.c ****         {
 1498              		.loc 1 755 9 is_stmt 1 view .LVU457
 755:Middlewares/ST/STM32_USB_Device_Library/Core/Src/usbd_core.c ****         {
 1499              		.loc 1 755 25 is_stmt 0 view .LVU458
 1500 00b8 00F1AE03 		add	r3, r0, #174
 1501 00bc 54F82330 		ldr	r3, [r4, r3, lsl #2]
 755:Middlewares/ST/STM32_USB_Device_Library/Core/Src/usbd_core.c ****         {
 1502              		.loc 1 755 30 view .LVU459
 1503 00c0 5A69     		ldr	r2, [r3, #20]
 755:Middlewares/ST/STM32_USB_Device_Library/Core/Src/usbd_core.c ****         {
 1504              		.loc 1 755 12 view .LVU460
 1505 00c2 002A     		cmp	r2, #0
 1506 00c4 ACD0     		beq	.L99
 757:Middlewares/ST/STM32_USB_Device_Library/Core/Src/usbd_core.c ****           ret = (USBD_StatusTypeDef)pdev->pClass[idx]->DataIn(pdev, epnum);
 1507              		.loc 1 757 11 is_stmt 1 view .LVU461
 757:Middlewares/ST/STM32_USB_Device_Library/Core/Src/usbd_core.c ****           ret = (USBD_StatusTypeDef)pdev->pClass[idx]->DataIn(pdev, epnum);
 1508              		.loc 1 757 25 is_stmt 0 view .LVU462
 1509 00c6 C4F8D402 		str	r0, [r4, #724]
 758:Middlewares/ST/STM32_USB_Device_Library/Core/Src/usbd_core.c **** 
ARM GAS  /tmp/cc78RUCQ.s 			page 50


 1510              		.loc 1 758 11 is_stmt 1 view .LVU463
 758:Middlewares/ST/STM32_USB_Device_Library/Core/Src/usbd_core.c **** 
 1511              		.loc 1 758 54 is_stmt 0 view .LVU464
 1512 00ca 5B69     		ldr	r3, [r3, #20]
 758:Middlewares/ST/STM32_USB_Device_Library/Core/Src/usbd_core.c **** 
 1513              		.loc 1 758 37 view .LVU465
 1514 00cc 2946     		mov	r1, r5
 1515 00ce 2046     		mov	r0, r4
 1516              	.LVL140:
 758:Middlewares/ST/STM32_USB_Device_Library/Core/Src/usbd_core.c **** 
 1517              		.loc 1 758 37 view .LVU466
 1518 00d0 9847     		blx	r3
 1519              	.LVL141:
 760:Middlewares/ST/STM32_USB_Device_Library/Core/Src/usbd_core.c ****           {
 1520              		.loc 1 760 11 is_stmt 1 view .LVU467
 1521 00d2 A5E7     		b	.L99
 1522              	.LVL142:
 1523              	.L100:
 769:Middlewares/ST/STM32_USB_Device_Library/Core/Src/usbd_core.c **** }
 1524              		.loc 1 769 10 is_stmt 0 view .LVU468
 1525 00d4 0020     		movs	r0, #0
 1526              	.LVL143:
 769:Middlewares/ST/STM32_USB_Device_Library/Core/Src/usbd_core.c **** }
 1527              		.loc 1 769 10 view .LVU469
 1528 00d6 A3E7     		b	.L99
 1529              		.cfi_endproc
 1530              	.LFE76:
 1532              		.section	.text.USBD_GetNextDesc,"ax",%progbits
 1533              		.align	1
 1534              		.global	USBD_GetNextDesc
 1535              		.syntax unified
 1536              		.thumb
 1537              		.thumb_func
 1539              	USBD_GetNextDesc:
 1540              	.LVL144:
 1541              	.LFB89:
1119:Middlewares/ST/STM32_USB_Device_Library/Core/Src/usbd_core.c **** 
1120:Middlewares/ST/STM32_USB_Device_Library/Core/Src/usbd_core.c **** #ifdef USE_USBD_COMPOSITE
1121:Middlewares/ST/STM32_USB_Device_Library/Core/Src/usbd_core.c **** /**
1122:Middlewares/ST/STM32_USB_Device_Library/Core/Src/usbd_core.c ****   * @brief  USBD_CoreGetEPAdd
1123:Middlewares/ST/STM32_USB_Device_Library/Core/Src/usbd_core.c ****   *         Get the endpoint address relative to a selected class
1124:Middlewares/ST/STM32_USB_Device_Library/Core/Src/usbd_core.c ****   * @param  pdev: device instance
1125:Middlewares/ST/STM32_USB_Device_Library/Core/Src/usbd_core.c ****   * @param  ep_dir: USBD_EP_IN or USBD_EP_OUT
1126:Middlewares/ST/STM32_USB_Device_Library/Core/Src/usbd_core.c ****   * @param  ep_type: USBD_EP_TYPE_CTRL, USBD_EP_TYPE_ISOC, USBD_EP_TYPE_BULK or USBD_EP_TYPE_INTR
1127:Middlewares/ST/STM32_USB_Device_Library/Core/Src/usbd_core.c ****   * @param  ClassId: The Class ID
1128:Middlewares/ST/STM32_USB_Device_Library/Core/Src/usbd_core.c ****   * @retval Address of the selected endpoint or 0xFFU if no endpoint found.
1129:Middlewares/ST/STM32_USB_Device_Library/Core/Src/usbd_core.c ****   */
1130:Middlewares/ST/STM32_USB_Device_Library/Core/Src/usbd_core.c **** uint8_t USBD_CoreGetEPAdd(USBD_HandleTypeDef *pdev, uint8_t ep_dir, uint8_t ep_type, uint8_t ClassI
1131:Middlewares/ST/STM32_USB_Device_Library/Core/Src/usbd_core.c **** {
1132:Middlewares/ST/STM32_USB_Device_Library/Core/Src/usbd_core.c ****   uint8_t idx;
1133:Middlewares/ST/STM32_USB_Device_Library/Core/Src/usbd_core.c **** 
1134:Middlewares/ST/STM32_USB_Device_Library/Core/Src/usbd_core.c ****   /* Find the EP address in the selected class table */
1135:Middlewares/ST/STM32_USB_Device_Library/Core/Src/usbd_core.c ****   for (idx = 0; idx < pdev->tclasslist[ClassId].NumEps; idx++)
1136:Middlewares/ST/STM32_USB_Device_Library/Core/Src/usbd_core.c ****   {
1137:Middlewares/ST/STM32_USB_Device_Library/Core/Src/usbd_core.c ****     if (((pdev->tclasslist[ClassId].Eps[idx].add & USBD_EP_IN) == ep_dir) && \
1138:Middlewares/ST/STM32_USB_Device_Library/Core/Src/usbd_core.c ****         (pdev->tclasslist[ClassId].Eps[idx].type == ep_type) && \
1139:Middlewares/ST/STM32_USB_Device_Library/Core/Src/usbd_core.c ****         (pdev->tclasslist[ClassId].Eps[idx].is_used != 0U))
ARM GAS  /tmp/cc78RUCQ.s 			page 51


1140:Middlewares/ST/STM32_USB_Device_Library/Core/Src/usbd_core.c ****     {
1141:Middlewares/ST/STM32_USB_Device_Library/Core/Src/usbd_core.c ****       return (pdev->tclasslist[ClassId].Eps[idx].add);
1142:Middlewares/ST/STM32_USB_Device_Library/Core/Src/usbd_core.c ****     }
1143:Middlewares/ST/STM32_USB_Device_Library/Core/Src/usbd_core.c ****   }
1144:Middlewares/ST/STM32_USB_Device_Library/Core/Src/usbd_core.c **** 
1145:Middlewares/ST/STM32_USB_Device_Library/Core/Src/usbd_core.c ****   /* If reaching this point, then no endpoint was found */
1146:Middlewares/ST/STM32_USB_Device_Library/Core/Src/usbd_core.c ****   return 0xFFU;
1147:Middlewares/ST/STM32_USB_Device_Library/Core/Src/usbd_core.c **** }
1148:Middlewares/ST/STM32_USB_Device_Library/Core/Src/usbd_core.c **** #endif /* USE_USBD_COMPOSITE */
1149:Middlewares/ST/STM32_USB_Device_Library/Core/Src/usbd_core.c **** 
1150:Middlewares/ST/STM32_USB_Device_Library/Core/Src/usbd_core.c **** /**
1151:Middlewares/ST/STM32_USB_Device_Library/Core/Src/usbd_core.c ****   * @brief  USBD_GetEpDesc
1152:Middlewares/ST/STM32_USB_Device_Library/Core/Src/usbd_core.c ****   *         This function return the Endpoint descriptor
1153:Middlewares/ST/STM32_USB_Device_Library/Core/Src/usbd_core.c ****   * @param  pdev: device instance
1154:Middlewares/ST/STM32_USB_Device_Library/Core/Src/usbd_core.c ****   * @param  pConfDesc:  pointer to Bos descriptor
1155:Middlewares/ST/STM32_USB_Device_Library/Core/Src/usbd_core.c ****   * @param  EpAddr:  endpoint address
1156:Middlewares/ST/STM32_USB_Device_Library/Core/Src/usbd_core.c ****   * @retval pointer to video endpoint descriptor
1157:Middlewares/ST/STM32_USB_Device_Library/Core/Src/usbd_core.c ****   */
1158:Middlewares/ST/STM32_USB_Device_Library/Core/Src/usbd_core.c **** void *USBD_GetEpDesc(uint8_t *pConfDesc, uint8_t EpAddr)
1159:Middlewares/ST/STM32_USB_Device_Library/Core/Src/usbd_core.c **** {
1160:Middlewares/ST/STM32_USB_Device_Library/Core/Src/usbd_core.c ****   USBD_DescHeaderTypeDef *pdesc = (USBD_DescHeaderTypeDef *)(void *)pConfDesc;
1161:Middlewares/ST/STM32_USB_Device_Library/Core/Src/usbd_core.c ****   USBD_ConfigDescTypeDef *desc = (USBD_ConfigDescTypeDef *)(void *)pConfDesc;
1162:Middlewares/ST/STM32_USB_Device_Library/Core/Src/usbd_core.c ****   USBD_EpDescTypeDef *pEpDesc = NULL;
1163:Middlewares/ST/STM32_USB_Device_Library/Core/Src/usbd_core.c ****   uint16_t ptr;
1164:Middlewares/ST/STM32_USB_Device_Library/Core/Src/usbd_core.c **** 
1165:Middlewares/ST/STM32_USB_Device_Library/Core/Src/usbd_core.c ****   if (desc->wTotalLength > desc->bLength)
1166:Middlewares/ST/STM32_USB_Device_Library/Core/Src/usbd_core.c ****   {
1167:Middlewares/ST/STM32_USB_Device_Library/Core/Src/usbd_core.c ****     ptr = desc->bLength;
1168:Middlewares/ST/STM32_USB_Device_Library/Core/Src/usbd_core.c **** 
1169:Middlewares/ST/STM32_USB_Device_Library/Core/Src/usbd_core.c ****     while (ptr < desc->wTotalLength)
1170:Middlewares/ST/STM32_USB_Device_Library/Core/Src/usbd_core.c ****     {
1171:Middlewares/ST/STM32_USB_Device_Library/Core/Src/usbd_core.c ****       pdesc = USBD_GetNextDesc((uint8_t *)pdesc, &ptr);
1172:Middlewares/ST/STM32_USB_Device_Library/Core/Src/usbd_core.c **** 
1173:Middlewares/ST/STM32_USB_Device_Library/Core/Src/usbd_core.c ****       if (pdesc->bDescriptorType == USB_DESC_TYPE_ENDPOINT)
1174:Middlewares/ST/STM32_USB_Device_Library/Core/Src/usbd_core.c ****       {
1175:Middlewares/ST/STM32_USB_Device_Library/Core/Src/usbd_core.c ****         pEpDesc = (USBD_EpDescTypeDef *)(void *)pdesc;
1176:Middlewares/ST/STM32_USB_Device_Library/Core/Src/usbd_core.c **** 
1177:Middlewares/ST/STM32_USB_Device_Library/Core/Src/usbd_core.c ****         if (pEpDesc->bEndpointAddress == EpAddr)
1178:Middlewares/ST/STM32_USB_Device_Library/Core/Src/usbd_core.c ****         {
1179:Middlewares/ST/STM32_USB_Device_Library/Core/Src/usbd_core.c ****           break;
1180:Middlewares/ST/STM32_USB_Device_Library/Core/Src/usbd_core.c ****         }
1181:Middlewares/ST/STM32_USB_Device_Library/Core/Src/usbd_core.c ****         else
1182:Middlewares/ST/STM32_USB_Device_Library/Core/Src/usbd_core.c ****         {
1183:Middlewares/ST/STM32_USB_Device_Library/Core/Src/usbd_core.c ****           pEpDesc = NULL;
1184:Middlewares/ST/STM32_USB_Device_Library/Core/Src/usbd_core.c ****         }
1185:Middlewares/ST/STM32_USB_Device_Library/Core/Src/usbd_core.c ****       }
1186:Middlewares/ST/STM32_USB_Device_Library/Core/Src/usbd_core.c ****     }
1187:Middlewares/ST/STM32_USB_Device_Library/Core/Src/usbd_core.c ****   }
1188:Middlewares/ST/STM32_USB_Device_Library/Core/Src/usbd_core.c **** 
1189:Middlewares/ST/STM32_USB_Device_Library/Core/Src/usbd_core.c ****   return (void *)pEpDesc;
1190:Middlewares/ST/STM32_USB_Device_Library/Core/Src/usbd_core.c **** }
1191:Middlewares/ST/STM32_USB_Device_Library/Core/Src/usbd_core.c **** 
1192:Middlewares/ST/STM32_USB_Device_Library/Core/Src/usbd_core.c **** /**
1193:Middlewares/ST/STM32_USB_Device_Library/Core/Src/usbd_core.c ****   * @brief  USBD_GetNextDesc
1194:Middlewares/ST/STM32_USB_Device_Library/Core/Src/usbd_core.c ****   *         This function return the next descriptor header
1195:Middlewares/ST/STM32_USB_Device_Library/Core/Src/usbd_core.c ****   * @param  buf: Buffer where the descriptor is available
1196:Middlewares/ST/STM32_USB_Device_Library/Core/Src/usbd_core.c ****   * @param  ptr: data pointer inside the descriptor
ARM GAS  /tmp/cc78RUCQ.s 			page 52


1197:Middlewares/ST/STM32_USB_Device_Library/Core/Src/usbd_core.c ****   * @retval next header
1198:Middlewares/ST/STM32_USB_Device_Library/Core/Src/usbd_core.c ****   */
1199:Middlewares/ST/STM32_USB_Device_Library/Core/Src/usbd_core.c **** USBD_DescHeaderTypeDef *USBD_GetNextDesc(uint8_t *pbuf, uint16_t *ptr)
1200:Middlewares/ST/STM32_USB_Device_Library/Core/Src/usbd_core.c **** {
 1542              		.loc 1 1200 1 is_stmt 1 view -0
 1543              		.cfi_startproc
 1544              		@ args = 0, pretend = 0, frame = 0
 1545              		@ frame_needed = 0, uses_anonymous_args = 0
 1546              		@ link register save eliminated.
1201:Middlewares/ST/STM32_USB_Device_Library/Core/Src/usbd_core.c ****   USBD_DescHeaderTypeDef *pnext = (USBD_DescHeaderTypeDef *)(void *)pbuf;
 1547              		.loc 1 1201 3 view .LVU471
1202:Middlewares/ST/STM32_USB_Device_Library/Core/Src/usbd_core.c **** 
1203:Middlewares/ST/STM32_USB_Device_Library/Core/Src/usbd_core.c ****   *ptr += pnext->bLength;
 1548              		.loc 1 1203 3 view .LVU472
 1549 0000 0B88     		ldrh	r3, [r1]
 1550              		.loc 1 1203 16 is_stmt 0 view .LVU473
 1551 0002 0278     		ldrb	r2, [r0]	@ zero_extendqisi2
 1552              		.loc 1 1203 8 view .LVU474
 1553 0004 1344     		add	r3, r3, r2
 1554 0006 0B80     		strh	r3, [r1]	@ movhi
1204:Middlewares/ST/STM32_USB_Device_Library/Core/Src/usbd_core.c ****   pnext = (USBD_DescHeaderTypeDef *)(void *)(pbuf + pnext->bLength);
 1555              		.loc 1 1204 3 is_stmt 1 view .LVU475
 1556              		.loc 1 1204 58 is_stmt 0 view .LVU476
 1557 0008 0378     		ldrb	r3, [r0]	@ zero_extendqisi2
 1558              	.LVL145:
1205:Middlewares/ST/STM32_USB_Device_Library/Core/Src/usbd_core.c **** 
1206:Middlewares/ST/STM32_USB_Device_Library/Core/Src/usbd_core.c ****   return (pnext);
 1559              		.loc 1 1206 3 is_stmt 1 view .LVU477
1207:Middlewares/ST/STM32_USB_Device_Library/Core/Src/usbd_core.c **** }
 1560              		.loc 1 1207 1 is_stmt 0 view .LVU478
 1561 000a 1844     		add	r0, r0, r3
 1562              	.LVL146:
 1563              		.loc 1 1207 1 view .LVU479
 1564 000c 7047     		bx	lr
 1565              		.cfi_endproc
 1566              	.LFE89:
 1568              		.section	.text.USBD_GetEpDesc,"ax",%progbits
 1569              		.align	1
 1570              		.global	USBD_GetEpDesc
 1571              		.syntax unified
 1572              		.thumb
 1573              		.thumb_func
 1575              	USBD_GetEpDesc:
 1576              	.LVL147:
 1577              	.LFB88:
1159:Middlewares/ST/STM32_USB_Device_Library/Core/Src/usbd_core.c ****   USBD_DescHeaderTypeDef *pdesc = (USBD_DescHeaderTypeDef *)(void *)pConfDesc;
 1578              		.loc 1 1159 1 is_stmt 1 view -0
 1579              		.cfi_startproc
 1580              		@ args = 0, pretend = 0, frame = 8
 1581              		@ frame_needed = 0, uses_anonymous_args = 0
1160:Middlewares/ST/STM32_USB_Device_Library/Core/Src/usbd_core.c ****   USBD_ConfigDescTypeDef *desc = (USBD_ConfigDescTypeDef *)(void *)pConfDesc;
 1582              		.loc 1 1160 3 view .LVU481
1161:Middlewares/ST/STM32_USB_Device_Library/Core/Src/usbd_core.c ****   USBD_EpDescTypeDef *pEpDesc = NULL;
 1583              		.loc 1 1161 3 view .LVU482
1162:Middlewares/ST/STM32_USB_Device_Library/Core/Src/usbd_core.c ****   uint16_t ptr;
 1584              		.loc 1 1162 3 view .LVU483
1163:Middlewares/ST/STM32_USB_Device_Library/Core/Src/usbd_core.c **** 
ARM GAS  /tmp/cc78RUCQ.s 			page 53


 1585              		.loc 1 1163 3 view .LVU484
1165:Middlewares/ST/STM32_USB_Device_Library/Core/Src/usbd_core.c ****   {
 1586              		.loc 1 1165 3 view .LVU485
1165:Middlewares/ST/STM32_USB_Device_Library/Core/Src/usbd_core.c ****   {
 1587              		.loc 1 1165 11 is_stmt 0 view .LVU486
 1588 0000 4288     		ldrh	r2, [r0, #2]	@ unaligned
1165:Middlewares/ST/STM32_USB_Device_Library/Core/Src/usbd_core.c ****   {
 1589              		.loc 1 1165 32 view .LVU487
 1590 0002 0378     		ldrb	r3, [r0]	@ zero_extendqisi2
1165:Middlewares/ST/STM32_USB_Device_Library/Core/Src/usbd_core.c ****   {
 1591              		.loc 1 1165 6 view .LVU488
 1592 0004 9A42     		cmp	r2, r3
 1593 0006 18D9     		bls	.L111
1159:Middlewares/ST/STM32_USB_Device_Library/Core/Src/usbd_core.c ****   USBD_DescHeaderTypeDef *pdesc = (USBD_DescHeaderTypeDef *)(void *)pConfDesc;
 1594              		.loc 1 1159 1 view .LVU489
 1595 0008 30B5     		push	{r4, r5, lr}
 1596              	.LCFI19:
 1597              		.cfi_def_cfa_offset 12
 1598              		.cfi_offset 4, -12
 1599              		.cfi_offset 5, -8
 1600              		.cfi_offset 14, -4
 1601 000a 83B0     		sub	sp, sp, #12
 1602              	.LCFI20:
 1603              		.cfi_def_cfa_offset 24
 1604 000c 0446     		mov	r4, r0
 1605 000e 0D46     		mov	r5, r1
1167:Middlewares/ST/STM32_USB_Device_Library/Core/Src/usbd_core.c **** 
 1606              		.loc 1 1167 5 is_stmt 1 view .LVU490
1167:Middlewares/ST/STM32_USB_Device_Library/Core/Src/usbd_core.c **** 
 1607              		.loc 1 1167 9 is_stmt 0 view .LVU491
 1608 0010 ADF80630 		strh	r3, [sp, #6]	@ movhi
1169:Middlewares/ST/STM32_USB_Device_Library/Core/Src/usbd_core.c ****     {
 1609              		.loc 1 1169 5 is_stmt 1 view .LVU492
 1610              	.LVL148:
 1611              	.L109:
1169:Middlewares/ST/STM32_USB_Device_Library/Core/Src/usbd_core.c ****     {
 1612              		.loc 1 1169 16 view .LVU493
1169:Middlewares/ST/STM32_USB_Device_Library/Core/Src/usbd_core.c ****     {
 1613              		.loc 1 1169 22 is_stmt 0 view .LVU494
 1614 0014 6388     		ldrh	r3, [r4, #2]	@ unaligned
1169:Middlewares/ST/STM32_USB_Device_Library/Core/Src/usbd_core.c ****     {
 1615              		.loc 1 1169 16 view .LVU495
 1616 0016 BDF80620 		ldrh	r2, [sp, #6]
 1617 001a 9A42     		cmp	r2, r3
 1618 001c 0AD2     		bcs	.L116
1171:Middlewares/ST/STM32_USB_Device_Library/Core/Src/usbd_core.c **** 
 1619              		.loc 1 1171 7 is_stmt 1 view .LVU496
1171:Middlewares/ST/STM32_USB_Device_Library/Core/Src/usbd_core.c **** 
 1620              		.loc 1 1171 15 is_stmt 0 view .LVU497
 1621 001e 0DF10601 		add	r1, sp, #6
 1622 0022 FFF7FEFF 		bl	USBD_GetNextDesc
 1623              	.LVL149:
1173:Middlewares/ST/STM32_USB_Device_Library/Core/Src/usbd_core.c ****       {
 1624              		.loc 1 1173 7 is_stmt 1 view .LVU498
1173:Middlewares/ST/STM32_USB_Device_Library/Core/Src/usbd_core.c ****       {
 1625              		.loc 1 1173 16 is_stmt 0 view .LVU499
 1626 0026 4378     		ldrb	r3, [r0, #1]	@ zero_extendqisi2
ARM GAS  /tmp/cc78RUCQ.s 			page 54


1173:Middlewares/ST/STM32_USB_Device_Library/Core/Src/usbd_core.c ****       {
 1627              		.loc 1 1173 10 view .LVU500
 1628 0028 052B     		cmp	r3, #5
 1629 002a F3D1     		bne	.L109
1175:Middlewares/ST/STM32_USB_Device_Library/Core/Src/usbd_core.c **** 
 1630              		.loc 1 1175 9 is_stmt 1 view .LVU501
 1631              	.LVL150:
1177:Middlewares/ST/STM32_USB_Device_Library/Core/Src/usbd_core.c ****         {
 1632              		.loc 1 1177 9 view .LVU502
1177:Middlewares/ST/STM32_USB_Device_Library/Core/Src/usbd_core.c ****         {
 1633              		.loc 1 1177 20 is_stmt 0 view .LVU503
 1634 002c 8378     		ldrb	r3, [r0, #2]	@ zero_extendqisi2
1177:Middlewares/ST/STM32_USB_Device_Library/Core/Src/usbd_core.c ****         {
 1635              		.loc 1 1177 12 view .LVU504
 1636 002e AB42     		cmp	r3, r5
 1637 0030 F0D1     		bne	.L109
 1638 0032 00E0     		b	.L107
 1639              	.LVL151:
 1640              	.L116:
1177:Middlewares/ST/STM32_USB_Device_Library/Core/Src/usbd_core.c ****         {
 1641              		.loc 1 1177 12 view .LVU505
 1642 0034 0020     		movs	r0, #0
 1643              	.LVL152:
 1644              	.L107:
1190:Middlewares/ST/STM32_USB_Device_Library/Core/Src/usbd_core.c **** 
 1645              		.loc 1 1190 1 view .LVU506
 1646 0036 03B0     		add	sp, sp, #12
 1647              	.LCFI21:
 1648              		.cfi_def_cfa_offset 12
 1649              		@ sp needed
 1650 0038 30BD     		pop	{r4, r5, pc}
 1651              	.LVL153:
 1652              	.L111:
 1653              	.LCFI22:
 1654              		.cfi_def_cfa_offset 0
 1655              		.cfi_restore 4
 1656              		.cfi_restore 5
 1657              		.cfi_restore 14
1162:Middlewares/ST/STM32_USB_Device_Library/Core/Src/usbd_core.c ****   uint16_t ptr;
 1658              		.loc 1 1162 23 view .LVU507
 1659 003a 0020     		movs	r0, #0
 1660              	.LVL154:
1189:Middlewares/ST/STM32_USB_Device_Library/Core/Src/usbd_core.c **** }
 1661              		.loc 1 1189 3 is_stmt 1 view .LVU508
1190:Middlewares/ST/STM32_USB_Device_Library/Core/Src/usbd_core.c **** 
 1662              		.loc 1 1190 1 is_stmt 0 view .LVU509
 1663 003c 7047     		bx	lr
 1664              		.cfi_endproc
 1665              	.LFE88:
 1667              		.text
 1668              	.Letext0:
 1669              		.file 2 "/usr/lib/gcc/arm-none-eabi/13.2.1/include/stdint.h"
 1670              		.file 3 "Middlewares/ST/STM32_USB_Device_Library/Core/Inc/usbd_def.h"
 1671              		.file 4 "Middlewares/ST/STM32_USB_Device_Library/Core/Inc/usbd_core.h"
 1672              		.file 5 "Middlewares/ST/STM32_USB_Device_Library/Core/Inc/usbd_ioreq.h"
 1673              		.file 6 "Middlewares/ST/STM32_USB_Device_Library/Core/Inc/usbd_ctlreq.h"
ARM GAS  /tmp/cc78RUCQ.s 			page 55


DEFINED SYMBOLS
                            *ABS*:00000000 usbd_core.c
     /tmp/cc78RUCQ.s:19     .text.USBD_Init:00000000 $t
     /tmp/cc78RUCQ.s:25     .text.USBD_Init:00000000 USBD_Init
     /tmp/cc78RUCQ.s:97     .text.USBD_DeInit:00000000 $t
     /tmp/cc78RUCQ.s:103    .text.USBD_DeInit:00000000 USBD_DeInit
     /tmp/cc78RUCQ.s:163    .text.USBD_RegisterClass:00000000 $t
     /tmp/cc78RUCQ.s:169    .text.USBD_RegisterClass:00000000 USBD_RegisterClass
     /tmp/cc78RUCQ.s:242    .text.USBD_Start:00000000 $t
     /tmp/cc78RUCQ.s:248    .text.USBD_Start:00000000 USBD_Start
     /tmp/cc78RUCQ.s:271    .text.USBD_Stop:00000000 $t
     /tmp/cc78RUCQ.s:277    .text.USBD_Stop:00000000 USBD_Stop
     /tmp/cc78RUCQ.s:318    .text.USBD_RunTestMode:00000000 $t
     /tmp/cc78RUCQ.s:324    .text.USBD_RunTestMode:00000000 USBD_RunTestMode
     /tmp/cc78RUCQ.s:343    .text.USBD_SetClassConfig:00000000 $t
     /tmp/cc78RUCQ.s:349    .text.USBD_SetClassConfig:00000000 USBD_SetClassConfig
     /tmp/cc78RUCQ.s:390    .text.USBD_ClrClassConfig:00000000 $t
     /tmp/cc78RUCQ.s:396    .text.USBD_ClrClassConfig:00000000 USBD_ClrClassConfig
     /tmp/cc78RUCQ.s:435    .text.USBD_LL_SetupStage:00000000 $t
     /tmp/cc78RUCQ.s:441    .text.USBD_LL_SetupStage:00000000 USBD_LL_SetupStage
     /tmp/cc78RUCQ.s:529    .text.USBD_LL_Reset:00000000 $t
     /tmp/cc78RUCQ.s:535    .text.USBD_LL_Reset:00000000 USBD_LL_Reset
     /tmp/cc78RUCQ.s:643    .text.USBD_LL_SetSpeed:00000000 $t
     /tmp/cc78RUCQ.s:649    .text.USBD_LL_SetSpeed:00000000 USBD_LL_SetSpeed
     /tmp/cc78RUCQ.s:670    .text.USBD_LL_Suspend:00000000 $t
     /tmp/cc78RUCQ.s:676    .text.USBD_LL_Suspend:00000000 USBD_LL_Suspend
     /tmp/cc78RUCQ.s:712    .text.USBD_LL_Resume:00000000 $t
     /tmp/cc78RUCQ.s:718    .text.USBD_LL_Resume:00000000 USBD_LL_Resume
     /tmp/cc78RUCQ.s:753    .text.USBD_LL_SOF:00000000 $t
     /tmp/cc78RUCQ.s:759    .text.USBD_LL_SOF:00000000 USBD_LL_SOF
     /tmp/cc78RUCQ.s:809    .text.USBD_LL_IsoINIncomplete:00000000 $t
     /tmp/cc78RUCQ.s:815    .text.USBD_LL_IsoINIncomplete:00000000 USBD_LL_IsoINIncomplete
     /tmp/cc78RUCQ.s:881    .text.USBD_LL_IsoOUTIncomplete:00000000 $t
     /tmp/cc78RUCQ.s:887    .text.USBD_LL_IsoOUTIncomplete:00000000 USBD_LL_IsoOUTIncomplete
     /tmp/cc78RUCQ.s:953    .text.USBD_LL_DevConnected:00000000 $t
     /tmp/cc78RUCQ.s:959    .text.USBD_LL_DevConnected:00000000 USBD_LL_DevConnected
     /tmp/cc78RUCQ.s:978    .text.USBD_LL_DevDisconnected:00000000 $t
     /tmp/cc78RUCQ.s:984    .text.USBD_LL_DevDisconnected:00000000 USBD_LL_DevDisconnected
     /tmp/cc78RUCQ.s:1037   .text.USBD_CoreFindIF:00000000 $t
     /tmp/cc78RUCQ.s:1043   .text.USBD_CoreFindIF:00000000 USBD_CoreFindIF
     /tmp/cc78RUCQ.s:1063   .text.USBD_CoreFindEP:00000000 $t
     /tmp/cc78RUCQ.s:1069   .text.USBD_CoreFindEP:00000000 USBD_CoreFindEP
     /tmp/cc78RUCQ.s:1089   .text.USBD_LL_DataOutStage:00000000 $t
     /tmp/cc78RUCQ.s:1095   .text.USBD_LL_DataOutStage:00000000 USBD_LL_DataOutStage
     /tmp/cc78RUCQ.s:1301   .text.USBD_LL_DataInStage:00000000 $t
     /tmp/cc78RUCQ.s:1307   .text.USBD_LL_DataInStage:00000000 USBD_LL_DataInStage
     /tmp/cc78RUCQ.s:1533   .text.USBD_GetNextDesc:00000000 $t
     /tmp/cc78RUCQ.s:1539   .text.USBD_GetNextDesc:00000000 USBD_GetNextDesc
     /tmp/cc78RUCQ.s:1569   .text.USBD_GetEpDesc:00000000 $t
     /tmp/cc78RUCQ.s:1575   .text.USBD_GetEpDesc:00000000 USBD_GetEpDesc

UNDEFINED SYMBOLS
USBD_LL_Init
USBD_LL_Stop
USBD_LL_DeInit
USBD_LL_Start
USBD_ParseSetupRequest
ARM GAS  /tmp/cc78RUCQ.s 			page 56


USBD_StdDevReq
USBD_StdItfReq
USBD_StdEPReq
USBD_LL_StallEP
USBD_LL_OpenEP
USBD_CtlContinueRx
USBD_CtlSendStatus
USBD_CtlReceiveStatus
USBD_CtlContinueSendData
USBD_LL_PrepareReceive
